item_id,row_id,risk_tier,xgb_probability_pct,xgb_decision,top_5_shap_reasons,text_A_decision,text_A_explanation,text_A_recommendation,text_B_decision,text_B_explanation,text_B_recommendation,faithful_A,faithful_B,failure_tags_A,failure_tags_B,notes
F001,5522,High,65.1,CHURN,"  1. High Cart abandonment rate (73.7) increases churn risk [SHAP=+1.25, strong signal]
  2. High Returns rate (16.9) increases churn risk [SHAP=+1.14, strong signal]
  3. Low Customer service calls (5.0) reduces churn risk [SHAP=-0.56, strong signal]
  4. Country = France increases churn risk [SHAP=+0.32, moderate signal]
  5. Low Email open rate (6.9) increases churn risk [SHAP=+0.23, moderate signal]",churn,"Both models disagree, but the XGBoost model's higher ROC-AUC (0.927) and strong SHAP signals indicating high cart abandonment, returns rate, and low email engagement suggest a significant churn risk. The population benchmarks further support this, highlighting the negative impact of high cart abandonment and returns rates. Despite the customer having a reasonable lifetime value and some customer service interactions, the behavioral data points strongly suggest dissatisfaction and a likelihood to churn.","Immediately initiate a proactive outreach campaign focused on addressing cart abandonment and offering personalized support to understand the reasons for returns. Consider targeted incentives to encourage a purchase and build trust, prioritizing a solution-oriented conversation rather than simply promoting products.",churn,"The XGBoost model, identified as the best performer with a 0.927 ROC-AUC, predicts churn with a 65.1% probability driven by strong SHAP signals from high cart abandonment (73.70%) and returns (16.90%), both significantly exceeding their respective population benchmarks for churners. Although Random Forest suggests retention, its lower AUC and the customer's 73.70% cart abandonment rate (far above the 64.174% churner average) indicate a critical engagement gap that outweighs the mitigating effect of low customer service calls.","Immediately implement a targeted win-back campaign offering a personalized discount to address the high cart abandonment and returns, while simultaneously reaching out via email to re-engage the user before they leave the platform.",yes,yes,,,
F002,3440,Low,6.7,RETAIN,"  1. Low Customer service calls (5.0) reduces churn risk [SHAP=-0.52, strong signal]
  2. High Lifetime value (1173.48) reduces churn risk [SHAP=-0.29, moderate signal]
  3. Low Cart abandonment rate (67.7) reduces churn risk [SHAP=-0.27, moderate signal]
  4. High Mobile app usage (21.5) reduces churn risk [SHAP=-0.24, moderate signal]
  5. High Product reviews written (9.0) reduces churn risk [SHAP=-0.23, moderate signal]",retain,"Both XGBOOST and Random Forest models unanimously predict retention with low churn probabilities (6.7% and 11.5%), driven by strong SHAP signals from low customer service calls and high lifetime value that significantly exceed population benchmarks. The customer's 67.70% cart abandonment rate is slightly elevated compared to the retained average but remains within the acceptable range given the other positive behavioral indicators.","Maintain the current retention strategy by continuing to engage the customer through mobile app features and personalized offers, as their high lifetime value and low service call frequency indicate strong loyalty. Avoid aggressive discounting to prevent increasing the discount usage rate, which currently stands at 62.40%.",retain,"Both the XGBoost and Random Forest models predict retention with high confidence (ROC-AUC 0.927 and 0.921, respectively), and the churn probability is relatively low (6.7% and 11.5% respectively). SHAP values highlight factors like low customer service calls, high lifetime value, and low cart abandonment rate as protective signals, supported by population benchmarks indicating similar metrics for retained customers.  The customer's behavior – consistent logins, reasonable order values, and mobile app usage – further strengthens the case for retention.","Proactively engage this customer with personalized product recommendations based on their purchase history and mobile app activity. Consider offering a small, targeted discount to encourage another purchase and reinforce their loyalty.",yes,yes,,,
F003,3541,Medium,47.4,RETAIN,"  1. High Lifetime value (914.77) reduces churn risk [SHAP=-0.75, strong signal]
  2. High Cart abandonment rate (72.8) increases churn risk [SHAP=+0.68, strong signal]
  3. Low Days since last purchase (15.0) reduces churn risk [SHAP=-0.68, strong signal]
  4. High Customer service calls (6.0) increases churn risk [SHAP=+0.45, moderate signal]
  5. High Age (55.0) reduces churn risk [SHAP=-0.32, moderate signal]",retain,"The XGBoost model, identified as the best performer with a 0.927 ROC-AUC, predicts retention due to the customer's high lifetime value and recent purchase activity, which are strong negative risk signals outweighing the moderate risk from service calls. Although the Random Forest model flags churn based on service call volume, the behavioral data shows the customer has not abandoned the platform, and the high lifetime value ($914.77) significantly exceeds the average retained customer value, indicating a profitable relationship worth preserving.","Implement a targeted retention campaign focusing on re-engagement through personalized offers to address the high cart abandonment rate, while simultaneously investigating the root cause of the six customer service calls to prevent future friction points.",retain,"Despite the Random Forest's prediction of churn (56.2%) and its highlighting of customer service calls and cart abandonment as key drivers, the XGBoost model’s prediction of retain (47.4%) is more aligned with the customer’s high lifetime value and low days since last purchase, both of which are benchmarks above average. The SHAP values consistently indicate that the customer’s positive attributes – high lifetime value and recent purchase – outweigh the negative ones, suggesting a lower risk of churn.","Proactively engage this customer with a personalized offer addressing cart abandonment (e.g., a discount or reminder) and encourage a new purchase through targeted email campaigns. Investigate the reasons behind the high customer service call volume to address underlying issues and improve the customer experience.",yes,yes,,,
F004,562,Low,9.3,RETAIN,"  1. Low Customer service calls (4.0) reduces churn risk [SHAP=-1.76, dominant driver]
  2. Low Lifetime value (2491.82) increases churn risk [SHAP=+1.22, strong signal]
  3. High Discount usage rate (73.8) reduces churn risk [SHAP=-0.54, strong signal]
  4. Low Cart abandonment rate (30.1) reduces churn risk [SHAP=-0.50, strong signal]
  5. High Product reviews written (11.0) reduces churn risk [SHAP=-0.39, moderate signal]",retain,"Both the XGBoost and Random Forest models predict retention with high confidence (ROC-AUC 0.927 and 0.921 respectively), and the churn probability is relatively low (9.3% and 15.6% respectively). SHAP values highlight that low customer service calls, high lifetime value, high discount usage, and low cart abandonment rate are protective factors, while the benchmark data suggests that this customer's age is slightly favorable for retention.  The combined signals strongly indicate that this customer is unlikely to churn.","Proactively offer personalized product recommendations based on past purchases and browsing history, and consider a small, targeted discount to reinforce engagement and further reduce the risk of cart abandonment.",retain,"Both XGBoost and Random Forest models agree to retain the customer, with XGBoost's dominant SHAP driver being low customer service calls (-1.76) which significantly lowers churn risk despite the moderate risk from lifetime value. The low returns rate (3.10%) and high product reviews (11.0) further reinforce retention, positioning this customer well above the population average for retained users in key metrics.","Maintain current engagement strategies while avoiding aggressive discount reliance given the 73.80% usage rate, and prioritize a personalized loyalty offer to capitalize on the low churn probability of 9.3%.",no,yes,reversed,,"A: Lifetime value factor is misrepresented as high and protective, whereas evidence shows low lifetime value increases churn risk."
F005,3356,High,75.3,CHURN,"  1. Low Days since last purchase (3.0) reduces churn risk [SHAP=-1.16, strong signal]
  2. High Customer service calls (9.0) increases churn risk [SHAP=+0.75, strong signal]
  3. Low Returns rate (1.8) reduces churn risk [SHAP=-0.63, strong signal]
  4. High Cart abandonment rate (73.2) increases churn risk [SHAP=+0.58, strong signal]
  5. Low Average session duration (8.9) increases churn risk [SHAP=+0.58, strong signal]",churn,"Both XGBoost and Random Forest models independently predict churn with high probabilities (75.3% and 80.2%), driven by strong SHAP signals indicating that high customer service calls (9.0) and cart abandonment (73.2%) significantly increase risk. Although the customer's low returns rate and short time since last purchase (3 days) currently reduce churn risk, the overwhelming consensus and behavioral indicators confirm a high-risk status.","Immediately implement a personalized retention offer targeting the high cart abandonment rate and address the excessive customer service calls to reduce friction, as the customer's low engagement and high support volume suggest dissatisfaction despite recent activity.",churn,"Both the XGBoost and Random Forest models predict churn with high probabilities (75.3% and 80.2%, respectively), aligning with the population benchmarks which indicate increased churn risk for customers with high customer service calls and low purchase frequency. SHAP values highlight concerns around low Days since last purchase, high Customer service calls, and Cart abandonment rate, all contributing to the elevated risk score.","Immediately initiate a proactive outreach campaign offering a personalized discount or incentive to encourage a purchase and address potential dissatisfaction. Simultaneously, investigate the root causes of the high customer service call volume to identify and resolve recurring issues.",yes,no,,reversed,"B: Treats low Days since last purchase as a risk concern, whereas evidence shows it reduces churn risk (protective factor)."
F006,4223,Low,3.2,RETAIN,"  1. Low Returns rate (0.7) reduces churn risk [SHAP=-0.77, strong signal]
  2. Low Customer service calls (2.0) reduces churn risk [SHAP=-0.64, strong signal]
  3. Low Days since last purchase (12.0) reduces churn risk [SHAP=-0.44, moderate signal]
  4. High Lifetime value (1073.89) reduces churn risk [SHAP=-0.34, moderate signal]
  5. High Email open rate (25.2) reduces churn risk [SHAP=-0.33, moderate signal]",retain,"Both the XGBoost and Random Forest models predict retention with high confidence (ROC-AUC 0.927 and 0.921 respectively), and the churn probability is low for both models (3.2% and 12.0% respectively). SHAP values consistently highlight positive factors like low returns rate, low customer service calls, and a high lifetime value, all contributing to a reduced churn risk. The benchmark data also supports retention, with the customer's returns rate being lower than the average churner's.","Proactively engage this customer with a personalized offer based on their past purchases and browsing history, focusing on highlighting new products or features to drive another purchase within the next 30 days. Monitor their behavior closely for any signs of disengagement.",retain,"Both advisory models unanimously predict retention, with XGBoost identifying low returns (0.7%), minimal service calls (2.0), and short time since last purchase (12.0) as strong SHAP signals that significantly reduce churn risk compared to population benchmarks. The customer's high lifetime value and moderate engagement further reinforce a low-risk profile despite the high cart abandonment rate.","Implement a targeted loyalty reward program to capitalize on the customer's high lifetime value and encourage repeat purchases, while addressing the high cart abandonment rate through a streamlined checkout optimization initiative.",yes,yes,,,
F007,3833,Medium,58.4,CHURN,"  1. High Returns rate (14.9) increases churn risk [SHAP=+0.93, strong signal]
  2. High Lifetime value (1170.03) reduces churn risk [SHAP=-0.82, strong signal]
  3. Low Days since last purchase (14.0) reduces churn risk [SHAP=-0.72, strong signal]
  4. Low Email open rate (0.0) increases churn risk [SHAP=+0.71, strong signal]
  5. High Customer service calls (7.0) increases churn risk [SHAP=+0.57, strong signal]",churn,"The XGBoost model, identified as the best performing model with a 0.927 ROC-AUC, predicts churn due to high returns (14.90%) and zero email engagement, which are strong positive risk signals (+0.93 and +0.71), outweighing the mitigating factors of high lifetime value and recent activity. Although the Random Forest model predicts retention, the customer's 7 service calls and 66.20% cart abandonment rate indicate deep dissatisfaction that aligns with the population benchmark for churners.","Immediately initiate a retention campaign targeting the high return rate and lack of email engagement, such as offering a personalized discount to reduce the returns rate and sending a re-engagement email to break the silence, while investigating the cause of the 7 service calls.",churn,"Both models disagree, but the XGBoost model’s prediction of CHURN (58.4%) is more aligned with the behavioral data, particularly the high returns rate (SHAP=+0.93), low email open rate (SHAP=+0.71), and high customer service calls (SHAP=+0.57). The benchmark for returns rate is slightly elevated compared to retained customers, and the low engagement metrics suggest a disengaged customer, increasing the likelihood of churn.",Proactively reach out to this customer with a personalized offer or survey to understand their needs and address potential issues contributing to their inactivity and recent customer service interactions. Consider offering a discount or expedited shipping to incentivize a purchase and re-engage them.,yes,yes,,,
F008,582,Medium,56.8,CHURN,"  1. High Returns rate (19.8) increases churn risk [SHAP=+1.12, strong signal]
  2. High Pages browsed per session (10.8) reduces churn risk [SHAP=-0.89, strong signal]
  3. High Customer service calls (10.0) increases churn risk [SHAP=+0.87, strong signal]
  4. High Lifetime value (1351.67) reduces churn risk [SHAP=-0.74, strong signal]
  5. High Days since last purchase (57.0) increases churn risk [SHAP=+0.61, strong signal]",churn,"Both models disagree, but the XGBoost model's higher ROC-AUC (0.927) and the SHAP analysis highlighting negative signals like high returns rate, customer service calls, and days since last purchase strongly suggest churn risk. The population benchmarks confirm a higher churn rate for customers with similar characteristics, and the customer's behavior – particularly the high cart abandonment rate and low email open rate – further supports this prediction.",Proactively reach out to this customer with a personalized offer addressing their recent inactivity and offering assistance with their purchase journey to understand and mitigate the reasons behind their potential churn.,retain,"The Random Forest model's lower churn probability (35.0%) and higher feature importance for Lifetime Value suggest the customer is more valuable than the XGBoost model indicates, especially given the SHAP signal (-0.74) showing high LTV reduces risk. Additionally, the customer's returns rate (19.80%) is significantly below the average churner benchmark (7.196), indicating the high returns are likely due to product fit rather than intent to leave.","Implement a targeted retention campaign focusing on personalized product recommendations and exclusive offers to address the 57-day gap since last purchase, while leveraging the customer's high mobile app usage to drive re-engagement without triggering the churn risk associated with excessive service calls.",yes,no,,"reversed,causal","B: Returns rate is a strong positive churn driver in the SHAP list, but the text reframes it as likely benign (product fit rather than intent to leave), reversing its risk role and adding an unsupported causal story about why returns are high."
F009,1536,Medium,41.4,RETAIN,"  1. Low Days since last purchase (1.0) reduces churn risk [SHAP=-1.32, strong signal]
  2. High Returns rate (15.7) increases churn risk [SHAP=+0.97, strong signal]
  3. High Customer service calls (10.0) increases churn risk [SHAP=+0.84, strong signal]
  4. High Lifetime value (488.57) reduces churn risk [SHAP=-0.76, strong signal]
  5. Low Email open rate (5.4) increases churn risk [SHAP=+0.54, strong signal]",retain,"Both XGBoost and Random Forest models unanimously predict retention, driven by the strong SHAP signal that the customer's recent purchase (1 day) significantly lowers churn risk, which outweighs the elevated risks from high returns and service calls. Although the customer's high service call volume and low email engagement are concerning, their high lifetime value and immediate repurchase behavior indicate strong product fit and loyalty.","Implement a targeted retention campaign focusing on personalized product recommendations and exclusive offers to address the high cart abandonment rate, while simultaneously investigating the root causes of the 10 customer service calls to reduce future friction.",retain,"Both the XGBoost and Random Forest models predict retention with high confidence (ROC-AUC 0.927 and 0.921 respectively), supported by SHAP values highlighting the protective impact of low Days since last purchase, high Lifetime Value, and the detrimental effects of high Returns Rate and Customer Service Calls. The benchmark data further reinforces this, showing that while high Customer Service Calls slightly increase churn risk, this customer's specific profile is within the range of retained customers.","Proactively reach out to this customer with a personalized offer, perhaps a small discount or exclusive access to a new feature, to reinforce their value and address potential concerns related to recent returns, thereby demonstrating commitment to their experience.",yes,yes,,,
F010,3280,High,61.3,CHURN,"  1. High Days since last purchase (61.0) increases churn risk [SHAP=+1.18, strong signal]
  2. High Email open rate (22.8) reduces churn risk [SHAP=-0.85, strong signal]
  3. High Lifetime value (654.38) reduces churn risk [SHAP=-0.73, strong signal]
  4. High Age (60.0) reduces churn risk [SHAP=-0.54, strong signal]
  5. Low Total purchases (5.0) increases churn risk [SHAP=+0.41, moderate signal]",retain,"Both models predict churn with high probabilities, but the SHAP analysis reveals that the customer's high lifetime value ($654.38), strong email engagement, and age of 60 are significant negative drivers reducing churn risk, while the high cart abandonment rate (66.90%) indicates a need for immediate intervention. The population benchmarks show this customer's lifetime value is below the average retained cohort, suggesting they are at risk of becoming a churner if not re-engaged.","Implement a targeted retention campaign offering a personalized discount to address the high cart abandonment rate and re-engage the customer, leveraging their strong email open rate to deliver the offer directly.",churn,"Both XGBoost and Random Forest models predict churn with high probabilities (61.3% and 56.1%, respectively), driven by the customer’s high Days Since Last Purchase (61.0, significantly above the benchmark), low Total Purchases (5.0), and relatively low Email Open Rate (22.8%). Despite a high Lifetime Value, the combined signals suggest a significant risk of attrition, and the customer service call volume (6) may indicate underlying issues.","Immediately initiate a proactive outreach program, offering a personalized discount or exclusive offer to incentivize a purchase and understand the reasons behind the inactivity and low engagement. Simultaneously, investigate the customer service calls to identify potential pain points and proactively address them.",yes,no,,reversed,"B: Email open rate is actually high and protective in the SHAP evidence, but the text describes it as relatively low and as a driver of churn risk."
F011,2699,High,64.2,CHURN,"  1. Low Days since last purchase (2.0) reduces churn risk [SHAP=-1.36, strong signal]
  2. High Cart abandonment rate (75.5) increases churn risk [SHAP=+1.05, strong signal]
  3. Low Email open rate (0.0) increases churn risk [SHAP=+0.89, strong signal]
  4. High Lifetime value (782.75) reduces churn risk [SHAP=-0.72, strong signal]
  5. High Customer service calls (7.0) increases churn risk [SHAP=+0.45, moderate signal]",retain,"Both models predict churn with high probabilities (64.2% and 69.8%), but the customer's recent activity (2 days since last purchase) and high lifetime value ($782.75) are strong mitigating factors indicated by negative SHAP values, suggesting they are at risk of churning rather than already churned. The high cart abandonment rate (75.5%) and customer service calls (7) indicate dissatisfaction that requires immediate intervention to prevent actual churn.","Launch a targeted retention campaign offering a personalized discount to address the high cart abandonment and low email engagement, while assigning a dedicated support agent to resolve the 7 service calls and re-engage the customer before they leave.",churn,"Both the XGBoost and Random Forest models predict churn with high probabilities (64.2% and 69.8%, respectively), supported by strong SHAP signals indicating low Days since last purchase, high Cart abandonment rate, low Email open rate, high Lifetime value, and high Customer service calls as key churn drivers.  The population benchmarks further highlight the elevated risk associated with these behaviors, particularly the high Days_Since_Last_Purchase and Cart_Abandonment_Rate, and the low Email_Open_Rate.","Immediately initiate a proactive outreach with the customer, offering personalized support and addressing the reasons for cart abandonment and low email engagement. Consider a targeted discount or incentive to encourage a recent purchase and re-engage with the brand.",yes,no,,"reversed,magnitude",B: Reverses direction for Days since last purchase and Lifetime value (protective factors described as churn drivers) and also incorrectly describes Days since last purchase as high. Also overstates the strength of Customer service calls (moderate SHAP) as part of “strong SHAP signals.”
F012,3364,Critical,99.9,CHURN,"  1. Low Lifetime value (1947.32) increases churn risk [SHAP=+2.11, dominant driver]
  2. High Customer service calls (10.0) increases churn risk [SHAP=+2.02, dominant driver]
  3. High Cart abandonment rate (94.2) increases churn risk [SHAP=+1.72, dominant driver]
  4. Low Pages browsed per session (3.3) increases churn risk [SHAP=+0.37, moderate signal]
  5. High Age (47.0) reduces churn risk [SHAP=-0.23, moderate signal]",churn,"Both models agree on churn with ≥80% confidence, driven by critical SHAP signals from high customer service calls (10 vs 5.19 retained benchmark) and extreme cart abandonment (94.2% vs 54.178 retained benchmark). The low lifetime value of $1947.32 further elevates risk above the average retained customer level.","Immediately implement a high-value retention offer to address the friction indicated by 10 service calls and 94% cart abandonment, or prepare for churn migration.",churn,"Both the XGBoost and Random Forest models predict churn with extremely high probabilities (99.9% and 90.4%, respectively), aligning with population benchmarks that indicate higher churn risk for customers with high customer service calls, high cart abandonment, and lower lifetime value. The SHAP analysis highlights these factors as dominant drivers of the predicted churn, particularly the high number of customer service calls and the substantial cart abandonment rate.","Immediately prioritize outreach to this customer, focusing on understanding the reasons behind the frequent customer service calls and the high cart abandonment rate. Offer personalized support and incentives to address these pain points and potentially reduce the likelihood of churn.",yes,yes,,,
F013,3253,Low,6.4,RETAIN,"  1. Low Cart abandonment rate (43.3) reduces churn risk [SHAP=-0.75, strong signal]
  2. Low Customer service calls (3.0) reduces churn risk [SHAP=-0.60, strong signal]
  3. High Lifetime value (1342.04) reduces churn risk [SHAP=-0.29, moderate signal]
  4. High Age (47.0) reduces churn risk [SHAP=-0.20, moderate signal]
  5. High Email open rate (32.6) reduces churn risk [SHAP=-0.18, moderate signal]",retain,"Both the XGBoost and Random Forest models predict retention with high confidence (ROC-AUC 0.927 and 0.921 respectively), supported by low churn probabilities (6.4% and 9.1%). The SHAP values highlight key factors like low cart abandonment, few customer service calls, and a high lifetime value as protective signals, aligning with benchmarks showing lower churn rates for similar customers.  The customer’s behavior – frequent logins, decent session duration, and a history of purchases – further reinforces this positive outlook.","Focus on proactively engaging this customer with personalized product recommendations based on past purchases and browsing behavior. Consider offering a small, targeted discount on a relevant product to incentivize another purchase and strengthen their connection to the platform.",retain,"Both XGBoost and Random Forest models unanimously predict retention with low churn probabilities (6.4% and 9.1%), driven by strong SHAP signals from low cart abandonment (43.3%) and minimal customer service calls (3.0), which significantly outperform the population benchmarks for retained users. Despite the customer's age and moderate email open rates, the aggregate risk remains low enough to justify a retention strategy.","Implement a targeted loyalty reward program to capitalize on the customer's high lifetime value and low churn risk, while avoiding aggressive discount offers that could erode perceived value given the current low discount usage rate.",yes,no,,reversed,"B: Text frames the customer’s age as something to be overcome (“Despite the customer’s age…”), implying it is neutral or negative, whereas evidence shows high age reduces churn risk (protective factor)."
F014,1578,Critical,98.6,CHURN,"  1. Low Age (23.0) increases churn risk [SHAP=+3.33, dominant driver]
  2. Low Discount usage rate (25.2) increases churn risk [SHAP=+2.10, dominant driver]
  3. Low Customer service calls (4.0) reduces churn risk [SHAP=-1.19, strong signal]
  4. Low Lifetime value (2241.51) increases churn risk [SHAP=+0.90, strong signal]
  5. High Pages browsed per session (4.8) reduces churn risk [SHAP=-0.28, moderate signal]",churn,"Both models strongly agree on churn with 98.6% and 71.2% probabilities, driven by critical SHAP factors like low age and discount usage, which outweigh the mitigating signal from low customer service calls. The customer's 13-day gap since last purchase and high cart abandonment rate further confirm high risk compared to population benchmarks.",Immediately offer a personalized discount to address the low discount usage driver and send a re-engagement campaign highlighting new products to reduce the 13-day purchase gap before they leave.,churn,"Both the XGBoost and Random Forest models predict churn with high confidence (98.6% and 71.2% respectively), aligning with population benchmarks indicating higher churn risk for younger customers with low discount usage and fewer customer service interactions. The SHAP values highlight low discount usage and customer service calls as key drivers of increased churn risk, while the age itself is a mild contributor.  Given the high probability of churn and the clear signal from the models, immediate action is needed.","Proactively reach out to this customer with a personalized offer (e.g., discount or exclusive access) and inquire about any challenges they may be facing, aiming to understand the root cause of their potential disengagement and offer assistance before they completely churn.",yes,no,,"reversed,magnitude",B: Customer service calls SHAP effect is protective but explanation says they increase churn risk (reversed). Age is the dominant positive SHAP driver but explanation calls it a mild contributor (magnitude).
F015,4919,Critical,99.7,CHURN,"  1. Low Age (18.0) increases churn risk [SHAP=+3.22, dominant driver]
  2. Low Discount usage rate (15.2) increases churn risk [SHAP=+2.05, dominant driver]
  3. High Days since last purchase (86.0) increases churn risk [SHAP=+1.39, strong signal]
  4. High Customer service calls (10.0) increases churn risk [SHAP=+0.60, strong signal]
  5. Low Average order value (55.96) reduces churn risk [SHAP=-0.44, moderate signal]",churn,"Both the XGBoost and Random Forest models predict churn with high confidence (99.7% and 75.2% respectively), driven by factors like low discount usage, long days since last purchase, and high customer service calls – all strongly supported by SHAP values. The population benchmark further indicates increased churn risk for young customers with infrequent purchases, and this customer’s data aligns with that trend.","Immediately implement a targeted outreach program offering a personalized discount or incentive to encourage a purchase within the next 7-14 days, coupled with a proactive conversation addressing potential pain points identified through customer service interactions to understand and mitigate the reasons for the customer’s inactivity.",churn,"Both models agree on churn with high confidence (99.7% and 75.2%), driven by critical SHAP signals from low age (3.22), low discount usage (2.05), and high days since last purchase (1.39), which far exceed the population benchmark for retained users. The customer's 86 days since last purchase and 10 service calls indicate deep disengagement that outweighs the moderate positive signal from low average order value.","Immediately initiate a retention campaign offering a significant discount to address the low discount usage risk and re-engage the customer before they leave, as their long inactivity suggests they are no longer active.",yes,yes,,,
F016,5231,Critical,96.5,CHURN,"  1. High Cart abandonment rate (79.2) increases churn risk [SHAP=+1.87, dominant driver]
  2. Low Total purchases (2.0) increases churn risk [SHAP=+1.34, strong signal]
  3. Low Customer service calls (4.0) reduces churn risk [SHAP=-0.63, strong signal]
  4. Low Returns rate (1.5) reduces churn risk [SHAP=-0.53, strong signal]
  5. High Days since last purchase (40.0) increases churn risk [SHAP=+0.46, moderate signal]",churn,"Both models independently predict churn with high confidence (96.5% and 84.3%), driven by dominant SHAP signals of 79.2% cart abandonment and only 2 total purchases, which far exceed the population benchmarks for retained users. The low customer service call volume (4) is insufficient to offset these critical behavioral risks.","Immediately initiate a win-back campaign offering a significant discount to re-engage the user, as their low engagement and high abandonment indicate a high risk of permanent departure.",churn,"Both the XGBoost and Random Forest models predict churn with high confidence (96.5% and 84.3% respectively), driven by the high cart abandonment rate, low purchase frequency, and the number of customer service calls. The SHAP values highlight the dominance of these factors, while population benchmarks confirm these behaviors are associated with churn.  The customer's behavior indicates disengagement and potential dissatisfaction.",Immediately initiate a proactive outreach campaign offering a personalized discount or incentive to encourage a purchase and address any potential issues identified through the customer service interactions.  Closely monitor the customer's activity post-outreach to assess the impact of the intervention and determine if further retention efforts are necessary.,yes,no,,"reversed,magnitude","B: Treats customer service calls as a dominant risk driver, while evidence shows low calls are a strong protective factor (negative SHAP). Also overstates its contribution as a dominant churn driver rather than a protective influence."
F017,2443,Low,3.8,RETAIN,"  1. Low Customer service calls (5.0) reduces churn risk [SHAP=-1.86, dominant driver]
  2. Low Lifetime value (1945.48) increases churn risk [SHAP=+1.00, strong signal]
  3. High Discount usage rate (86.04) reduces churn risk [SHAP=-0.57, strong signal]
  4. Low Cart abandonment rate (31.6) reduces churn risk [SHAP=-0.43, moderate signal]
  5. High Total purchases (28.6) reduces churn risk [SHAP=-0.33, moderate signal]",retain,"Both models unanimously predict retention, with XGBoost identifying low customer service calls (dominant SHAP driver) and high discount usage as key retention factors despite the moderate risk from lifetime value. The customer's 24 logins and 29 total purchases demonstrate strong engagement, while the 4.70% returns rate remains well below the average churner benchmark, confirming low churn risk.","Maintain the current retention strategy by continuing to offer personalized discounts to reinforce the high discount usage behavior, while proactively addressing the low lifetime value by introducing tiered rewards to increase order frequency and average order value.",retain,"Both the XGBoost and Random Forest models predict retention with high confidence (ROC-AUC 0.927 and 0.921, respectively), and the churn probability is relatively low (3.8% and 11.7%). SHAP values highlight that low customer service calls and a high lifetime value positively contribute to retention, while a high discount usage rate and low cart abandonment rate also play a role. The population benchmark indicates that a lower number of customer service calls is associated with retention.","Focus on proactively engaging this customer with personalized offers based on their purchase history and continued high discount usage. Consider offering a small, targeted reward for their next purchase to reinforce loyalty and address the slightly elevated risk indicated by the lifetime value SHAP value.",yes,no,,reversed,"B: Misstates SHAP direction and level for lifetime value, calling it high and contributing to retention when evidence shows low lifetime value increases churn risk."
F018,5014,Low,13.7,RETAIN,"  1. High Lifetime value (1591.7) reduces churn risk [SHAP=-1.08, strong signal]
  2. High Customer service calls (11.0) increases churn risk [SHAP=+0.81, strong signal]
  3. High Mobile app usage (24.1) reduces churn risk [SHAP=-0.33, moderate signal]
  4. Low Cart abandonment rate (61.9) reduces churn risk [SHAP=-0.30, moderate signal]
  5. High Pages browsed per session (missing) reduces churn risk [SHAP=-0.28, moderate signal]",retain,"Both the XGBoost and Random Forest models predict retention with high confidence (ROC-AUC of 0.927 and 0.921, respectively), supported by the customer's high lifetime value and a relatively low churn probability (13.7% and 20.2% respectively). SHAP values highlight that the customer's high number of customer service calls is a negative factor, but their high lifetime value and mobile app usage are positive drivers, aligning with population benchmarks which show that higher customer service calls correlate with retention.","Proactively reach out to the customer to understand the reason for the 11 customer service calls and address any concerns. Offer a personalized discount or exclusive offer to reinforce engagement and demonstrate value, specifically focusing on the mobile app experience.",retain,"Both XGBoost and Random Forest models unanimously predict retention with low churn risk, driven by high lifetime value and mobile app engagement which outweigh the negative impact of frequent customer service calls. Although the customer's high service call volume (11) slightly elevates risk compared to the population average, the strong positive SHAP signals from lifetime value and app usage confirm the customer is a valuable asset to keep.","Implement a proactive loyalty program or exclusive offer to acknowledge their high service interaction history and reinforce retention, leveraging the strong mobile app engagement to increase session duration and reduce future churn risk.",yes,yes,,,
F019,3536,Low,3.4,RETAIN,"  1. Low Days since last purchase (2.0) reduces churn risk [SHAP=-0.80, strong signal]
  2. Low Cart abandonment rate (63.2) reduces churn risk [SHAP=-0.50, strong signal]
  3. Low Customer service calls (5.0) reduces churn risk [SHAP=-0.49, moderate signal]
  4. High Lifetime value (1311.18) reduces churn risk [SHAP=-0.34, moderate signal]
  5. High Login frequency (13.0) reduces churn risk [SHAP=-0.19, moderate signal]",retain,"Both XGBOOST and Random Forest models unanimously predict retention, with XGBOOST identifying low days since last purchase (2.0) and cart abandonment (63.2%) as strong SHAP signals reducing churn risk. Although the customer's service calls (5.0) slightly exceed the retained average (5.19), the high lifetime value and consistent login frequency reinforce the low 3.4% churn probability from the best model.","Maintain the current retention strategy by continuing to engage the customer through personalized offers that address the 63.2% cart abandonment rate, leveraging their high login frequency to drive repeat purchases before the next cycle.",retain,"Both the XGBoost and Random Forest models predict 'RETAIN' with high confidence (ROC-AUC 0.927 and 0.921 respectively), supported by low churn probabilities (3.4% and 13.7% respectively). The SHAP values highlight key factors like low days since last purchase, cart abandonment rate, and customer service calls as protective signals, aligning with the population benchmarks which indicate that lower values of these metrics correlate with retention. This customer's high lifetime value and login frequency further contribute to a positive outlook.","Proactively engage this customer with personalized offers and content based on their past purchases and browsing behavior, focusing on reducing cart abandonment and encouraging more frequent logins to re-establish engagement and reinforce their value proposition.",yes,yes,,,
F020,1343,High,63.5,CHURN,"  1. Low Email open rate (0.0) increases churn risk [SHAP=+0.89, strong signal]
  2. High Lifetime value (660.04) reduces churn risk [SHAP=-0.69, strong signal]
  3. High Days since last purchase (43.0) increases churn risk [SHAP=+0.47, moderate signal]
  4. High Customer service calls (6.0) increases churn risk [SHAP=+0.45, moderate signal]
  5. Low Cart abandonment rate (66.0) reduces churn risk [SHAP=-0.29, moderate signal]",retain,"Despite XGBoost's high churn prediction, its SHAP analysis reveals a strong conflicting signal where high lifetime value (-0.69) significantly reduces risk, while the moderate risk from days since last purchase (+0.47) is outweighed by the customer's low cart abandonment rate (-0.29). The Random Forest model supports retention by identifying customer service calls as the top feature, suggesting the 6 calls are likely a result of engagement rather than dissatisfaction, and the customer's 43 days since last purchase is only slightly above the average churner benchmark of 36.9 days.","Implement a targeted win-back campaign offering a personalized discount to encourage a purchase within the next 14 days, leveraging the high lifetime value to justify retention costs, while simultaneously addressing the 6 service calls to prevent future friction points.",churn,"Both models predict different outcomes, but the XGBoost model’s high churn probability (63.5%) and strong SHAP signals (low email open rate, high days since last purchase, customer service calls) coupled with the benchmark indicating a higher churn risk for customers with low email open rates and long periods since last purchase strongly suggest this customer is likely to churn. The Random Forest model’s prediction of retain is less robust and relies more on overall lifetime value and cart abandonment rate, which are less impactful signals than the specific factors highlighted by XGBoost.",Immediately initiate a proactive outreach campaign focusing on re-engaging the customer through personalized email sequences and offering a targeted incentive to encourage a recent purchase or a specific product recommendation. Prioritize a call from a customer success representative to understand the reasons for inactivity and address any potential issues.,no,no,"reversed,magnitude,causal",magnitude,"A: Cart abandonment (-0.29) is described as outweighing the risk from days since last purchase (+0.47), reversing the relative magnitudes. Customer service calls, which increase churn risk in the SHAP list, are framed as supporting retention/engagement, effectively reversing direction. It also makes"
F021,6464,Critical,95.2,CHURN,"  1. Low Age (18.0) increases churn risk [SHAP=+2.74, dominant driver]
  2. Low Discount usage rate (15.9) increases churn risk [SHAP=+1.74, dominant driver]
  3. High Lifetime value (972.2) reduces churn risk [SHAP=-0.67, strong signal]
  4. High Customer service calls (7.0) increases churn risk [SHAP=+0.37, moderate signal]
  5. High Wishlist items count (6.0) reduces churn risk [SHAP=-0.34, moderate signal]",churn,"Both the XGBoost and Random Forest models predict churn with high confidence (95.2% and 66.3% respectively), supported by SHAP values highlighting low discount usage, high customer service calls, and the customer’s young age as key drivers. This aligns with the benchmark indicating higher churn risk for younger customers with lower lifetime value, and the customer's high cart abandonment rate further strengthens the prediction.",Immediately initiate a proactive outreach campaign focused on understanding the reasons behind the high customer service call volume and low discount usage – perhaps addressing concerns about value or usability. Consider offering a personalized discount or incentive to encourage a recent purchase and demonstrate continued value.,churn,"Both models agree on churn with high confidence (95.2% and 66.3%), driven by the customer's young age (18) and low discount usage, which are dominant SHAP risk factors. Although the customer has a high lifetime value relative to the average churner benchmark, the critical risk tier and overwhelming model consensus indicate a high probability of leaving.","Implement an immediate personalized retention offer targeting the low discount usage behavior to address the primary churn driver, while simultaneously investigating the high customer service call volume to resolve potential friction points.",yes,yes,,,
F022,1676,High,61.2,CHURN,"  1. High Customer service calls (11.0) increases churn risk [SHAP=+1.20, strong signal]
  2. Low Email open rate (0.0) increases churn risk [SHAP=+0.83, strong signal]
  3. High Lifetime value (1001.15) reduces churn risk [SHAP=-0.81, strong signal]
  4. Low Cart abandonment rate (61.2) reduces churn risk [SHAP=-0.62, strong signal]
  5. Low Returns rate (2.1) reduces churn risk [SHAP=-0.41, moderate signal]",churn,"Both models predict different outcomes, but the XGBoost model’s high churn probability (61.2%) aligned with its strong SHAP signals – particularly the high Customer Service Calls and Low Email Open Rate – coupled with the benchmark indicating higher churn for customers with more service calls, strongly suggests this customer is at risk. The Random Forest model’s prediction of retention is less persuasive given the significant SHAP explanations highlighting key churn drivers.","Immediately initiate a proactive outreach program focusing on understanding the reasons behind the high customer service call volume and low email engagement. Offer a personalized discount or incentive to encourage a recent purchase and demonstrate value, aiming to address the identified pain points and prevent churn.",retain,"Despite XGBoost's high-risk prediction driven by elevated customer service calls, the Random Forest model's lower churn probability (49.7%) and the customer's high lifetime value ($1001.15, significantly above the retained benchmark of $1444.153 relative to their specific risk profile) suggest they are a valuable asset worth retaining. The SHAP analysis confirms that while service calls are a negative signal, the customer's low return rate and moderate cart abandonment indicate loyalty that outweighs the churn risk.","Implement a targeted retention campaign focusing on resolving the specific issues flagged by the 11 customer service calls to address the primary churn driver, while offering a personalized discount to leverage their high engagement and reduce the impact of their high discount usage rate.",yes,no,,magnitude,"B: Claims that low return rate and cart abandonment ""outweigh"" churn risk, but combined SHAP contributions of protective factors do not outweigh the positive churn-risk SHAP values (net remains risk-increasing)."
F023,6524,Medium,46.4,RETAIN,"  1. Low Customer service calls (5.0) reduces churn risk [SHAP=-1.64, dominant driver]
  2. Low Lifetime value (2573.74) increases churn risk [SHAP=+0.88, strong signal]
  3. Low Days since last purchase (3.0) reduces churn risk [SHAP=-0.82, strong signal]
  4. Low Pages browsed per session (2.7) increases churn risk [SHAP=+0.44, moderate signal]
  5. Low Wishlist items count (0.0) increases churn risk [SHAP=+0.44, moderate signal]",retain,"Both the XGBoost and Random Forest models predict retention with high confidence (ROC-AUC 0.927 and 0.921 respectively), aligning with the customer's relatively low churn probability (46.4% and 49.1%). SHAP values highlight that low customer service calls, lifetime value, and days since last purchase are protective factors, while cart abandonment and wishlist items are increasing risk. The benchmark for customer service calls indicates a slightly higher-than-average number of calls, suggesting this customer may be actively seeking assistance.",Proactively reach out to this customer with a personalized offer based on their past purchases and a brief conversation to understand any challenges they may be facing. Focus on addressing potential friction points like cart abandonment and encouraging engagement through targeted email campaigns highlighting new products or features.,retain,"Both XGBoost and Random Forest models agree to retain the customer, driven by the strong SHAP signal that low customer service calls (5.0) significantly reduces churn risk, despite the elevated churn probability of 46.4%. This decision is further supported by the customer's recent activity (3 days since last purchase) and lifetime value exceeding the average retained benchmark, indicating a stable relationship.","Implement a targeted win-back campaign to re-engage the customer given their high cart abandonment rate (69.20%), while offering a personalized discount to reduce reliance on their current 41.30% discount usage rate.",no,no,"fabricated,reversed",reversed,"A: Misstates low lifetime value as protective (reversed) and describes customer service calls as higher-than-average despite SHAP indicating low calls (reversed). Also attributes SHAP driver status to cart abandonment, which is not in the top-5 SHAP reasons (fabricated). | B: Lifetime value is expli"
F024,5531,Medium,57.6,CHURN,"  1. High Days since last purchase (71.0) increases churn risk [SHAP=+1.43, strong signal]
  2. Low Returns rate (1.2) reduces churn risk [SHAP=-0.91, strong signal]
  3. Low Pages browsed per session (2.1) increases churn risk [SHAP=+0.61, strong signal]
  4. Low Customer service calls (5.0) reduces churn risk [SHAP=-0.59, strong signal]
  5. Low Cart abandonment rate (62.5) reduces churn risk [SHAP=-0.59, strong signal]",churn,"Both the XGBoost and Random Forest models predict churn with high probabilities (57.6% and 53.3% respectively), aligning with the population benchmark indicating a high risk of churn based on days since last purchase and returns rate. The SHAP values highlight that the customer's inactivity (long days since last purchase, low session engagement) and high cart abandonment rate are significant drivers of this risk, while customer service calls and returns rate offer some mitigation.","Proactively reach out to this customer with a personalized offer, such as a discount or free shipping, to incentivize a purchase and re-engage them with the platform. Simultaneously, investigate the reasons behind the high cart abandonment rate to address potential friction points in the customer journey.",retain,"Despite both models predicting churn due to the high 71-day gap since last purchase, the customer's low returns rate (1.20% vs 7.196% churner avg) and minimal service calls (5) indicate strong loyalty and satisfaction, outweighing the purchase gap risk. The SHAP analysis confirms these positive signals significantly reduce churn probability, suggesting the customer is at risk of disengagement rather than active defection.","Implement a targeted re-engagement campaign offering a personalized discount to bridge the 71-day purchase gap, while simultaneously reaching out via email to address the low session engagement and encourage a return visit.",no,yes,"reversed,recommendation",,"A: Cart abandonment rate SHAP factor is protective (low rate reduces churn risk), but the text treats a high cart abandonment rate as a significant risk driver. The recommendation to investigate high cart abandonment is based on this misinterpretation and does not follow from the evidence showing a "
F025,366,Medium,45.4,RETAIN,"  1. Low Customer service calls (5.0) reduces churn risk [SHAP=-1.86, dominant driver]
  2. Low Lifetime value (6508.72) increases churn risk [SHAP=+1.77, dominant driver]
  3. Low Total purchases (31.2) increases churn risk [SHAP=+0.52, strong signal]
  4. High Average order value (239.19) increases churn risk [SHAP=+0.27, moderate signal]
  5. Low Cart abandonment rate (36.4) reduces churn risk [SHAP=-0.24, moderate signal]",retain,"Both the XGBoost and Random Forest models predict retention with high confidence (ROC-AUC 0.927 and 0.921 respectively), aligning with the customer’s long tenure (10 years) and relatively high lifetime value ($6508.72). SHAP values highlight that low customer service calls, low total purchases, and low average order value, combined with a low cart abandonment rate, are protective factors, while the population benchmarks confirm the customer's behavior is generally above average for retained customers.",Proactively offer a personalized discount or exclusive product recommendation based on past purchases to reinforce engagement and demonstrate continued value. Consider a brief survey to understand any potential barriers to purchase and address them directly.,retain,"Both XGBoost and Random Forest models agree to retain the customer, with XGBoost identifying low customer service calls as the dominant risk reduction driver (SHAP=-1.86) despite elevated churn risk from low lifetime value (SHAP=+1.77). This decision is supported by the customer's high login frequency and moderate cart abandonment rate, which contrast with the population benchmarks where churners typically have significantly higher service call counts and lower purchase totals.","Implement a targeted retention campaign focusing on increasing the customer's lifetime value through exclusive offers or upselling, while simultaneously reducing future service call frequency by proactively addressing potential issues before they escalate.",no,yes,reversed,,"A: Reverses directions: treats low lifetime value as high/protective, and low total purchases and (incorrectly) low average order value as protective, whereas SHAP shows low lifetime value and low total purchases increase risk, and high average order value increases risk."
F026,696,Critical,90.1,CHURN,"  1. Low Age (23.0) increases churn risk [SHAP=+2.90, dominant driver]
  2. Low Discount usage rate (26.4) increases churn risk [SHAP=+1.82, dominant driver]
  3. Low Days since last purchase (2.0) reduces churn risk [SHAP=-0.89, strong signal]
  4. High Lifetime value (1001.27) reduces churn risk [SHAP=-0.65, strong signal]
  5. Low Returns rate (1.1) reduces churn risk [SHAP=-0.38, moderate signal]",churn,"Both models agree on CHURN with high confidence (90.1% and 64.7%), driven primarily by the customer's young age (23) which is a dominant churn risk factor, and low discount usage (26.4%). Although recent purchases and high lifetime value provide some retention signal, the overwhelming model consensus and critical risk tier override these mitigating factors.","Immediately deploy a high-value retention offer targeting the lack of discount engagement to counter the age-based churn risk, while investigating the 6 customer service calls to resolve potential unresolved issues before the customer leaves.",churn,"Both the XGBoost and Random Forest models predict churn with high confidence (90.1% and 64.7% respectively), supported by SHAP values highlighting low discount usage, age, and recent purchase activity as key drivers. The population benchmark indicates that customers aged 23 with low purchase frequency are at higher churn risk, further reinforcing the models' predictions.  Despite the customer's high lifetime value, the combined signals strongly suggest a high probability of churn.",Proactively engage this customer with a personalized offer – perhaps a discount or a product recommendation based on past purchases – to understand their hesitations and address potential barriers to continued engagement. A dedicated customer success representative should reach out to understand the reasons for the inactivity and offer immediate support.,yes,no,,"reversed,recommendation","B: Treats recent purchase activity (low days since last purchase, a protective factor) as if it were a driver of churn/inactivity, and bases the recommendation on resolving “inactivity,” which contradicts the evidence of very recent purchase."
F027,5958,Low,15.6,RETAIN,"  1. High Age (39.0) reduces churn risk [SHAP=-0.68, strong signal]
  2. High Email open rate (44.4) reduces churn risk [SHAP=-0.35, moderate signal]
  3. High Lifetime value (826.41) reduces churn risk [SHAP=-0.34, moderate signal]
  4. Low Customer service calls (4.0) reduces churn risk [SHAP=-0.31, moderate signal]
  5. Low Discount usage rate (23.7) increases churn risk [SHAP=+0.23, moderate signal]",retain,"Both XGBoost and Random Forest models unanimously predict retention with low churn probabilities (15.6% and 9.3%), driven by strong SHAP signals from the customer's high age, lifetime value, and low service call frequency. Although the customer's 60.1% cart abandonment rate is concerning, the models' consensus and the customer's high engagement metrics outweigh this risk compared to the average churner profile.",Implement a targeted loyalty offer to address the high cart abandonment rate while maintaining the current low-touch service approach that the models identify as a retention driver. Monitor the next 16 days closely to ensure the customer completes pending purchases before the risk of churn escalates.,retain,"Both the XGBoost and Random Forest models predict retention with high confidence (ROC-AUC of 0.927 and 0.921, respectively), and the churn probability is relatively low (15.6% and 9.3%). The SHAP values consistently highlight positive factors like high age, email open rate, lifetime value, and low customer service calls, while the discount usage rate slightly increases churn risk.  This customer's benchmark values, particularly concerning lifetime value and email open rate, are above average for retained customers.","Focus on personalized product recommendations based on past purchases and browsing history, and proactively address the cart abandonment rate with targeted reminders and streamlined checkout processes to further incentivize continued engagement and prevent potential churn.",yes,yes,,,
F028,4847,Medium,43.5,RETAIN,"  1. High Cart abandonment rate (78.5) increases churn risk [SHAP=+1.08, strong signal]
  2. High Lifetime value (1558.4) reduces churn risk [SHAP=-0.82, strong signal]
  3. High Customer service calls (8.0) increases churn risk [SHAP=+0.65, strong signal]
  4. Low Days since last purchase (12.0) reduces churn risk [SHAP=-0.60, strong signal]
  5. High Age (43.0) reduces churn risk [SHAP=-0.39, moderate signal]",retain,"Despite the Random Forest predicting churn with a higher probability (54.9%), the XGBoost model strongly suggests retention (43.5%) due to its focus on high lifetime value and the mitigating effects of low days since last purchase. The population benchmarks corroborate the customer’s value, and the SHAP values highlight the significant impact of cart abandonment and customer service calls on churn risk, suggesting these are key areas to address. The customer's relatively high average order value ($172.38) further supports the retention decision.","Implement targeted campaigns addressing cart abandonment through personalized reminders and streamlined checkout processes. Simultaneously, proactively engage the customer with tailored product recommendations and proactive customer service outreach to understand and resolve any potential issues, aiming to improve engagement and reduce customer service interactions.",retain,"The XGBoost model (best performer, ROC-AUC 0.927) predicts retention with a medium-risk tier, citing that the customer's high lifetime value ($1558.40) significantly offsets the churn risk from their 8 service calls. Although the Random Forest model flags churn, the customer's low cart abandonment rate relative to the average retained user (54.178) and recent purchase activity suggest they are not yet in a critical churn state.","Implement a targeted win-back campaign focusing on re-engagement via email to address the high cart abandonment rate, while offering a small discount to encourage a new purchase and reduce the impact of frequent service calls.",yes,no,,reversed,"B: Cart abandonment rate is described as low/protective, but SHAP shows a high cart abandonment rate increasing churn risk."
F029,6874,Medium,41.9,RETAIN,"  1. Low Cart abandonment rate (60.3) reduces churn risk [SHAP=-0.89, strong signal]
  2. Low Days since last purchase (13.0) reduces churn risk [SHAP=-0.71, strong signal]
  3. Low Email open rate (0.0) increases churn risk [SHAP=+0.68, strong signal]
  4. Low Total purchases (3.0) increases churn risk [SHAP=+0.61, strong signal]
  5. High Lifetime value (177.19) reduces churn risk [SHAP=-0.57, strong signal]",retain,"Both models unanimously predict retention, driven by strong SHAP signals indicating low cart abandonment (60.3%) and short days since last purchase (13.0) which significantly reduce churn risk compared to population benchmarks. Despite the concerning zero email open rate and low purchase count, the customer's high lifetime value ($177.19) and moderate churn probability (41.9%–44.3%) justify retaining this segment.","Launch a targeted email campaign with a high-value exclusive offer to address the zero open rate, while simultaneously offering a small discount to encourage a new purchase and break the 13-day gap.",retain,"Both the XGBoost and Random Forest models predict retention with high confidence (ROC-AUC 0.927 and 0.921 respectively), and the churn probability is relatively low (41.9% and 44.3%). The SHAP values highlight key drivers: low cart abandonment and days since last purchase reduce risk, while a low email open rate and total purchases increase it, balanced by a high lifetime value. Population benchmarks support these findings, showing that lower cart abandonment and days since last purchase are associated with retention.","Proactively engage this customer with a personalized offer based on their purchase history, perhaps a discount or a reminder of their previous purchases, coupled with a targeted email campaign designed to boost open rates and encourage a new purchase.",yes,yes,,,
F030,3330,Critical,97.9,CHURN,"  1. Low Lifetime value (1910.38) increases churn risk [SHAP=+3.15, dominant driver]
  2. High Customer service calls (6.0) increases churn risk [SHAP=+2.12, dominant driver]
  3. Low Cart abandonment rate (39.9) reduces churn risk [SHAP=-0.19, moderate signal]
  4. High Age (27.0) reduces churn risk [SHAP=-0.18, moderate signal]
  5. High Wishlist items count (10.0) reduces churn risk [SHAP=-0.16, moderate signal]",churn,"Both models agree on churn with high confidence (97.9% and 86.9%), driven primarily by the customer's low lifetime value ($1910.38) and excessive service calls (6.0), which exceed the average for retained users. Despite moderate protective signals like age and wishlist activity, the critical risk tier and dominant SHAP drivers outweigh these factors.","Immediately offer a high-value retention incentive or personalized discount to address the low lifetime value, while simultaneously investigating the root cause of the 6 service calls to reduce friction and prevent further churn risk.",churn,"Both the XGBoost and Random Forest models predict churn with high confidence (97.9% and 86.9% respectively), supported by strong SHAP explanations highlighting low Lifetime Value and high Customer Service Calls as key drivers.  The population benchmarks further reinforce this risk, especially considering the customer's call volume.  While the cart abandonment rate is relatively high, the other factors outweigh this signal.","Immediately engage the customer with a proactive outreach – a personalized email offering assistance with their account, addressing recent customer service interactions, and highlighting relevant product recommendations based on their past purchases. Focus on resolving any underlying issues contributing to the high call volume and proactively offering value to combat the low Lifetime Value.",yes,no,,reversed,"B: Text describes cart abandonment rate as relatively high, whereas the SHAP evidence shows a low cart abandonment rate that reduces churn risk."
F031,5648,Medium,50.6,CHURN,"  1. Low Email open rate (0.0) increases churn risk [SHAP=+1.00, strong signal]
  2. Low Days since last purchase (8.0) reduces churn risk [SHAP=-0.98, strong signal]
  3. High Customer service calls (8.0) increases churn risk [SHAP=+0.74, strong signal]
  4. High Lifetime value (592.84) reduces churn risk [SHAP=-0.69, strong signal]
  5. High Cart abandonment rate (72.2) increases churn risk [SHAP=+0.48, moderate signal]",churn,"Both the XGBoost and Random Forest models predict churn with high probabilities (50.6% and 57.1% respectively), supported by strong SHAP signals like low email open rates, high customer service calls, and a high cart abandonment rate. The population benchmarks further highlight the concern regarding customer service calls and days since last purchase, suggesting a higher propensity for churn based on these indicators.  This customer's behavior—particularly the lack of engagement and high service requests—signals a significant risk.","Immediately engage this customer with a proactive outreach, offering personalized support and addressing the reasons for their recent inactivity and high customer service usage. Focus on understanding the barriers to purchase and offering tailored incentives to encourage a future purchase and demonstrate value.",retain,"Despite both models predicting churn due to high service calls and cart abandonment, the customer's 8-day gap since last purchase is a strong retention signal (SHAP=-0.98) that significantly outweighs the risk from service interactions, and their high lifetime value ($592.84) further reduces churn probability. The customer is also well below the average churner benchmark for days since last purchase (36.9 days), indicating they are not yet in a critical churn state.","Implement a targeted re-engagement campaign offering a personalized discount to address the high cart abandonment rate and low email open rate, while simultaneously assigning a dedicated account manager to resolve the 8 service calls and reinforce the relationship.",no,yes,reversed,,"A: Misinterprets 'Days since last purchase': evidence shows low days since last purchase reduces churn risk, but the text treats it as a concern indicating higher propensity to churn and frames the customer as recently inactive, reversing the direction of this factor."
F032,6760,High,64.0,CHURN,"  1. Low Email open rate (0.1) increases churn risk [SHAP=+0.80, strong signal]
  2. Low Days since last purchase (17.0) reduces churn risk [SHAP=-0.65, strong signal]
  3. High Lifetime value (548.31) reduces churn risk [SHAP=-0.62, strong signal]
  4. Low Wishlist items count (0.0) increases churn risk [SHAP=+0.55, strong signal]
  5. Low Cart abandonment rate (65.3) reduces churn risk [SHAP=-0.51, strong signal]",retain,"Despite both models predicting churn due to low email engagement, the customer's high lifetime value ($548.31) and recent activity (17 days since last purchase) are strong mitigating factors that significantly reduce churn risk per SHAP analysis. The low cart abandonment rate further indicates purchase intent, suggesting the customer is likely a high-value at-risk segment rather than a definitive churner.","Implement a targeted retention offer leveraging the customer's history of high order values to re-engage them before the 17-day gap extends further, while simultaneously addressing the critical low email open rate through personalized content.",churn,"Both the XGBoost and Random Forest models predict churn with high probabilities (64.0% and 55.9% respectively), supported by population benchmarks indicating high churn risk for customers with low email open rates and long periods since last purchase. The SHAP values highlight a significant negative impact from low email engagement and a positive impact from high lifetime value, suggesting this customer's behavior is concerning despite their value.  The high cart abandonment rate also contributes to the overall churn risk.",Immediately initiate a proactive outreach campaign focusing on re-engaging the customer through personalized email sequences and targeted offers to encourage a recent purchase and address potential issues contributing to the cart abandonment. Investigate the reasons for the low email engagement and consider segmenting customers with similar profiles for more effective retention strategies.,yes,no,,reversed,"B: Cart abandonment is described as high and increasing churn risk, but evidence shows low cart abandonment rate with a strong protective SHAP effect (reduces churn risk)."
F033,2744,Low,24.9,RETAIN,"  1. Low Customer service calls (3.0) reduces churn risk [SHAP=-1.82, dominant driver]
  2. High Discount usage rate (66.9) reduces churn risk [SHAP=-1.13, strong signal]
  3. Low Age (22.0) increases churn risk [SHAP=+0.89, strong signal]
  4. Low Lifetime value (3053.33) increases churn risk [SHAP=+0.84, strong signal]
  5. Low Cart abandonment rate (55.0) reduces churn risk [SHAP=-0.36, moderate signal]",retain,"Both XGBoost and Random Forest models agree to retain the customer, driven by low customer service calls (dominant SHAP driver) and high discount usage, despite elevated risks from low age and lifetime value. The customer's 5.80 years tenure and low returns rate indicate strong loyalty, making the 24.9% churn probability acceptable for retention efforts.","Implement a targeted loyalty program to increase lifetime value and reduce discount dependency, while leveraging the low service call count to maintain trust through proactive engagement rather than reactive support.",retain,"Both the XGBoost and Random Forest models predict retention with high confidence (ROC-AUC 0.927 and 0.921, respectively), and the churn probability is relatively low (24.9% and 17.6%). The SHAP values highlight that low customer service calls, high discount usage, low age, and low lifetime value are protective factors, while the low cart abandonment rate is slightly beneficial. The benchmark data confirms that a customer with 3 customer service calls has a significantly lower churn risk than the average churner.","Proactively reach out to this customer with a personalized offer, perhaps highlighting exclusive deals or showcasing relevant product recommendations based on their past purchases, to reinforce their value and demonstrate continued engagement.",yes,no,,reversed,"B: Low age and low lifetime value are described as protective factors, but in the SHAP evidence both increase churn risk."
F034,5810,Critical,99.5,CHURN,"  1. Low Lifetime value (3075.55) increases churn risk [SHAP=+3.81, dominant driver]
  2. High Customer service calls (6.0) increases churn risk [SHAP=+2.57, dominant driver]
  3. High Age (62.0) reduces churn risk [SHAP=-0.59, strong signal]
  4. Low Days since last purchase (4.0) reduces churn risk [SHAP=-0.36, moderate signal]
  5. High Average order value (169.93) increases churn risk [SHAP=+0.24, moderate signal]",churn,"Both models agree on churn with high confidence (99.5% and 88.3%), driven primarily by the customer's low lifetime value and excessive service calls which exceed population benchmarks. Although the customer's age and recent purchase activity slightly mitigate risk, the overwhelming negative SHAP contributions from value and support metrics confirm the churn prediction.","Immediately implement a targeted retention offer to address the high service call volume and low lifetime value, while investigating the cause of the 50% cart abandonment rate to prevent further revenue leakage.",churn,"Both the XGBoost and Random Forest models predict high churn probability (99.5% and 88.3% respectively), driven by low lifetime value, high customer service calls, and age, alongside cart abandonment and order value.  The SHAP values highlight these factors as dominant drivers, and the population benchmarks confirm that customers with similar characteristics have a higher churn rate.  Given the strong agreement between models and the identified risk factors, a churn decision is warranted.","Immediately initiate a proactive outreach campaign, focusing on understanding the customer's recent experience and addressing potential pain points – specifically, investigate the reasons behind the customer service calls and high cart abandonment rate. Offer a personalized discount or incentive to encourage a recent purchase and demonstrate continued value.",no,no,recommendation,"fabricated,reversed,magnitude","A: Recommendation cites a 50% cart abandonment rate and suggests investigating it, but cart abandonment is not present in the evidence, so this part of the recommendation does not follow from the provided data. | B: Treats age as a (dominant) risk driver despite being a protective SHAP factor, overs"
F035,4751,High,73.4,CHURN,"  1. Low Email open rate (0.8) increases churn risk [SHAP=+0.97, strong signal]
  2. High Customer service calls (7.0) increases churn risk [SHAP=+0.62, strong signal]
  3. High Cart abandonment rate (72.6) increases churn risk [SHAP=+0.49, moderate signal]
  4. High Lifetime value (510.88) reduces churn risk [SHAP=-0.48, moderate signal]
  5. High Age (31.0) reduces churn risk [SHAP=-0.41, moderate signal]",retain,"Despite both models predicting churn due to high service calls and cart abandonment, the customer's 72.6% cart abandonment rate is statistically aligned with the average churner benchmark (64.174%), indicating this signal is not uniquely predictive of churn. Additionally, the high lifetime value ($510.88) and low returns rate (3.40%) suggest strong product affinity that outweighs the moderate risk signals from the XGBoost model.","Implement a targeted retention campaign focusing on re-engaging inactive users with a personalized offer to reduce the 31-day gap since last purchase, while simultaneously addressing the high customer service volume by proactively resolving their 7 calls to prevent escalation.",churn,"Both the XGBoost and Random Forest models predict churn with high probabilities (73.4% and 59.6%, respectively), aligning with the population benchmarks which indicate elevated risk for customers with high customer service calls, cart abandonment, and low email engagement. The SHAP values highlight that low email open rates and frequent customer service calls are significant drivers of churn, alongside the high cart abandonment rate.","Immediately reach out to this customer to understand the reasons behind the high number of customer service calls and cart abandonment, offering personalized support and incentives to address these pain points and prevent immediate churn. Consider targeted email campaigns focusing on product recommendations and addressing potential friction points in the purchase process.",no,yes,magnitude,,"A: Downplays the model’s strong risk signals (low email open rate and high service calls) by referring to them collectively as “moderate risk signals from the XGBoost model,” which conflicts with the SHAP evidence showing strong effects."
F036,707,Critical,95.6,CHURN,"  1. Low Email open rate (0.0) increases churn risk [SHAP=+1.08, strong signal]
  2. High Days since last purchase (49.0) increases churn risk [SHAP=+0.81, strong signal]
  3. Low Pages browsed per session (2.1) increases churn risk [SHAP=+0.68, strong signal]
  4. Low Customer service calls (5.0) reduces churn risk [SHAP=-0.62, strong signal]
  5. Low Total purchases (5.0) increases churn risk [SHAP=+0.55, strong signal]",churn,"Both models strongly agree on churn with probabilities of 95.6% and 84.7%, driven by critical SHAP signals like zero email open rates and 49 days since last purchase which far exceed retention benchmarks. The customer's lack of engagement and low purchase frequency outweigh the mitigating factor of five service calls, indicating a high risk of leaving.","Immediately deploy a high-value retention offer targeting email re-engagement to counter the zero open rate, while offering a personalized discount to incentivize a purchase within the next 30 days.",churn,"Both the XGBoost and Random Forest models predict high churn probability (95.6% and 84.7% respectively), strongly supported by low email open rates and a long time since last purchase, as highlighted by SHAP values. The population benchmarks confirm these concerns, and the customer's behavior (high cart abandonment, low purchase frequency) further reinforces this prediction.  The models converge on CHURN with sufficient confidence.",Immediately initiate a proactive outreach campaign focused on re-engaging this customer with personalized offers and highlighting recent product updates. Consider offering a small discount to incentivize a purchase and address the lack of engagement with our communications.,yes,yes,,,
F037,959,Low,12.1,RETAIN,"  1. Low Customer service calls (2.0) reduces churn risk [SHAP=-1.93, dominant driver]
  2. Low Lifetime value (3399.12) increases churn risk [SHAP=+0.88, strong signal]
  3. Low Cart abandonment rate (25.9) reduces churn risk [SHAP=-0.47, moderate signal]
  4. High Pages browsed per session (16.1) reduces churn risk [SHAP=-0.27, moderate signal]
  5. High Email open rate (37.5) reduces churn risk [SHAP=-0.23, moderate signal]",retain,"Both the XGBoost and Random Forest models predict retention with high confidence (ROC-AUC 0.927 and 0.921 respectively), supported by behavioral data like low customer service calls and a reasonable lifetime value. The SHAP values highlight that low customer service calls and a low cart abandonment rate are protective factors, while a higher lifetime value presents a slight risk, but overall, the customer's profile indicates a low churn probability.","Proactively offer personalized product recommendations based on past purchases and browsing history, and consider a targeted email campaign showcasing new arrivals or exclusive offers to encourage another purchase within the next 30 days.",retain,"Both XGBoost and Random Forest models unanimously predict retention with low churn probabilities (12.1% and 15.0%), driven primarily by the customer's low service call count which significantly reduces risk. This aligns with population benchmarks where the customer's low service usage and cart abandonment rate are strong indicators of retention despite a moderate lifetime value.","Maintain the current retention strategy by continuing to engage the customer via email campaigns, as high open rates correlate with lower churn, while avoiding aggressive discount offers that could erode the low returns rate.",no,no,"reversed,magnitude",recommendation,"A: Lifetime value direction is wrong (low LV increases risk, not high LV), and a strong SHAP signal is described as only a slight risk. | B: Discount/returns-based recommendation is not grounded in any of the provided evidence or SHAP factors."
F038,5151,Low,8.8,RETAIN,"  1. Low Customer service calls (1.0) reduces churn risk [SHAP=-1.83, dominant driver]
  2. Low Lifetime value (1947.09) increases churn risk [SHAP=+1.04, strong signal]
  3. High Discount usage rate (34.6) reduces churn risk [SHAP=-0.30, moderate signal]
  4. High Pages browsed per session (15.1) reduces churn risk [SHAP=-0.30, moderate signal]
  5. Low Cart abandonment rate (40.4) reduces churn risk [SHAP=-0.17, moderate signal]",retain,"Both advisory models unanimously predict retention with low churn probabilities (8.8% and 9.2%), driven primarily by the customer's minimal service calls (SHAP=-1.83) and high engagement metrics. Although the customer's lifetime value is below the population average, their low cart abandonment rate and high social media engagement provide sufficient stability to justify retention.","Implement a targeted loyalty reward program to capitalize on the customer's high engagement and low service interaction, aiming to increase lifetime value before it becomes a churn risk factor.",retain,"Both the XGBoost and Random Forest models predict retention with high confidence (ROC-AUC of 0.927 and 0.921 respectively), and the customer’s low customer service calls, relatively high lifetime value, and substantial discount usage rate are identified as key drivers of retention by SHAP values. The population benchmarks also indicate a lower churn risk for customers with similar characteristics, suggesting this customer is unlikely to churn based on the available data.",Proactively offer personalized product recommendations and exclusive discounts based on the customer's past purchases to reinforce engagement and demonstrate continued value. Consider a targeted email campaign highlighting new arrivals or relevant product categories to encourage further browsing and purchases.,no,no,fabricated,"fabricated,reversed","A: Mentions `high social media engagement` as a stabilizing/protective factor behind retention, but no such factor appears in the provided SHAP reasons or evidence. | B: Misrepresents the SHAP factor for lifetime value: evidence shows low lifetime value increasing churn risk, but the text describes "
F039,2703,Medium,54.7,CHURN,"  1. High Cart abandonment rate (79.6) increases churn risk [SHAP=+1.56, dominant driver]
  2. High Mobile app usage (20.9) reduces churn risk [SHAP=-0.49, moderate signal]
  3. Low Wishlist items count (0.0) increases churn risk [SHAP=+0.38, moderate signal]
  4. Low Customer service calls (4.0) reduces churn risk [SHAP=-0.37, moderate signal]
  5. High Returns rate (10.6) increases churn risk [SHAP=+0.31, moderate signal]",retain,"The Random Forest model predicts retention with a lower churn probability (43.9%) than XGBoost (54.7%), and its top feature importance highlights Customer_Service_Calls as the most critical signal, which is elevated at 4 calls. Additionally, the customer's high mobile app usage (20.9) and low wishlist count (0.0) suggest active engagement rather than disinterest, making the XGBoost's reliance on cart abandonment (79.6%) a potential anomaly given the 24-day gap since last purchase.","Implement a targeted retention campaign focusing on re-engaging the customer with a personalized offer to address the high cart abandonment rate, while leveraging the existing customer service interaction history to build trust and prevent churn.",churn,"Both models disagree, but the XGBoost model's prediction of CHURN (54.7%) aligns more strongly with the customer's high cart abandonment rate (79.6%), combined with the benchmark indicating a higher churn risk for customers with similar age and wishlist counts. The SHAP values highlight key drivers like high cart abandonment and low wishlist items, which, alongside the returns rate, contribute significantly to the increased churn probability.","Implement targeted interventions to address the high cart abandonment rate, such as personalized product recommendations, simplified checkout processes, and proactive support to resolve potential roadblocks. Offer a discount or incentive to encourage completion of purchases and reduce the likelihood of future abandonment.",no,yes,reversed,,"A: Treats low wishlist count (which the SHAP evidence says increases churn risk) as a sign of active engagement, i.e., protective, reversing the factor’s direction. Also describes 4 customer service calls as elevated despite the SHAP label indicating this level is low and protective."
F040,1393,Low,7.8,RETAIN,"  1. High Email open rate (30.5) reduces churn risk [SHAP=-0.50, moderate signal]
  2. Low Customer service calls (5.0) reduces churn risk [SHAP=-0.45, moderate signal]
  3. High Lifetime value (1204.17) reduces churn risk [SHAP=-0.44, moderate signal]
  4. Low Average order value (74.2) reduces churn risk [SHAP=-0.24, moderate signal]
  5. Low Days since last purchase (16.0) reduces churn risk [SHAP=-0.21, moderate signal]",retain,"Both the XGBoost and Random Forest models predict retention with high confidence (ROC-AUC 0.927 and 0.921, respectively), supported by SHAP values highlighting the positive impact of high email open rates, low customer service calls, and a strong lifetime value. Despite the 60.5% cart abandonment rate, the customer’s overall engagement metrics and value suggest they are unlikely to churn based on these signals.","Focus on reducing cart abandonment through targeted email campaigns showcasing recently viewed items or offering personalized discounts, and proactively engage the customer with relevant product recommendations based on their past purchases to reinforce their value and loyalty.",retain,"Both XGBoost and Random Forest models unanimously predict retention with low churn probabilities (7.8% and 9.6%), driven by strong SHAP signals from high email open rates, low service call frequency, and above-average lifetime value compared to population benchmarks. Despite the high cart abandonment rate, the customer's consistent login frequency and recent purchase activity indicate active engagement that outweighs the risk factors.","Implement a targeted loyalty reward program to capitalize on the customer's high engagement and lifetime value, while addressing the 60.5% cart abandonment rate through a streamlined checkout optimization initiative.",yes,yes,,,
F041,5867,High,61.9,CHURN,"  1. High Cart abandonment rate (79.6) increases churn risk [SHAP=+1.58, dominant driver]
  2. High Lifetime value (598.76) reduces churn risk [SHAP=-0.56, strong signal]
  3. High Customer service calls (6.0) increases churn risk [SHAP=+0.40, moderate signal]
  4. Low Returns rate (2.9) reduces churn risk [SHAP=-0.38, moderate signal]
  5. Low Average session duration (11.3) increases churn risk [SHAP=+0.38, moderate signal]",retain,"Although XGBoost predicts churn due to high cart abandonment, its dominant driver (+1.58) is outweighed by the Random Forest's lower churn probability (47.7%) and the customer's high lifetime value ($598.76), which is significantly above the average retained benchmark of $1444.153. The behavioral data shows strong social engagement (16.00) and low returns (2.9%), indicating loyalty that the Random Forest correctly identifies despite the model disagreement.","Implement a targeted retention campaign focusing on reducing cart abandonment friction, such as offering a small discount or simplifying the checkout process, to address the primary SHAP driver while leveraging the customer's high engagement to reinforce retention.",churn,"Both models disagree, but the XGBoost model’s higher ROC-AUC (0.927) and prediction of CHURN, combined with the SHAP analysis highlighting high cart abandonment, customer service calls, and session duration as significant drivers, suggests a high risk of churn. Despite the customer’s high lifetime value, these negative signals outweigh the positive ones, aligning with the benchmark indicating a higher churn rate for customers with similar metrics. The Random Forest model’s prediction of retain is less robust and doesn't fully account for the customer’s concerning behavioral data.","Immediately investigate the reasons behind the high cart abandonment rate and frequent customer service calls. Implement targeted interventions like personalized product recommendations, simplified checkout processes, and proactive support to address potential pain points and improve the customer experience before they ultimately churn.",yes,yes,,,
F042,3517,High,79.5,CHURN,"  1. High Cart abandonment rate (75.2) increases churn risk [SHAP=+1.16, strong signal]
  2. Low Days since last purchase (5.0) reduces churn risk [SHAP=-1.06, strong signal]
  3. Low Email open rate (0.0) increases churn risk [SHAP=+0.69, strong signal]
  4. Low Customer service calls (4.0) reduces churn risk [SHAP=-0.52, strong signal]
  5. Low Wishlist items count (0.0) increases churn risk [SHAP=+0.45, moderate signal]",churn,"Both the XGBoost and Random Forest models predict churn with high probabilities (79.5% and 70.7%, respectively), aligning with the customer's concerning behavioral signals – particularly the high cart abandonment rate (75.2%), low email engagement (0.0%), and recent inactivity (5 days since last purchase). The benchmarks further support this prediction, highlighting the negative impact of similar metrics on retention.","Immediately initiate a proactive outreach program offering a personalized discount or incentive to encourage a purchase and re-engage the customer. Simultaneously, investigate the reasons behind the low email engagement and cart abandonment to identify and address underlying issues.",retain,"Despite both models predicting churn due to high cart abandonment and zero email opens, the SHAP analysis reveals a critical contradiction where low customer service calls and recent purchase activity actively reduce churn risk, suggesting the customer is engaged but frustrated by the lack of communication. The customer's high lifetime value ($715.01) and moderate social engagement indicate they are not a true churner but a high-value user requiring proactive relationship management.","Immediately assign a dedicated account manager to conduct a personalized outreach addressing the cart abandonment issues and increasing email engagement, leveraging the customer's high lifetime value to convert them into a loyal advocate before the 5-day gap extends further.",no,yes,reversed,,"A: Treats low days since last purchase (5), which is a protective factor, as a concerning churn risk signal by calling it recent inactivity and grouping it with risk factors."
F043,3009,High,64.5,CHURN,"  1. High Days since last purchase (108.0) increases churn risk [SHAP=+1.82, dominant driver]
  2. Low Customer service calls (3.0) reduces churn risk [SHAP=-0.74, strong signal]
  3. High Email open rate (33.7) reduces churn risk [SHAP=-0.54, strong signal]
  4. High Returns rate (13.0) increases churn risk [SHAP=+0.49, moderate signal]
  5. High Cart abandonment rate (69.5) increases churn risk [SHAP=+0.40, moderate signal]",churn,"Both models disagree, but XGBoost's high churn probability (64.5%) and strong SHAP explanations—particularly the high Days Since Last Purchase (108), high Returns Rate (13%), and high Cart Abandonment Rate (69.5%)—strongly suggest this customer is at high risk of churning. The benchmark data further supports this, indicating that customers with similar days since last purchase and customer service call volume are more likely to churn.  While the Random Forest model predicts retention, the XGBoost's more specific and impactful SHAP values outweigh the overall prediction.","Immediately reach out to this customer with a personalized offer addressing their recent purchase inactivity and highlighting potential issues with their recent orders (returns rate, cart abandonment).  Proactively offer support and identify the reasons behind their decreased engagement to prevent churn.",churn,"The high-risk XGBoost prediction (64.5% probability) dominates due to the dominant SHAP driver of 108 days since last purchase (+1.82), which far exceeds the population average for retained users (26.9 days). Although Random Forest suggests retention, its lower probability (25.9%) is outweighed by the critical behavioral gap where the customer has not purchased in over 3 months, indicating high churn risk despite moderate service call activity.","Immediately activate a targeted win-back campaign offering a significant discount to address the 108-day inactivity gap, while simultaneously reaching out via email to leverage the 33.7% open rate and re-engage the customer before they leave.",no,yes,reversed,,"A: States that customers with similar customer service call volume are more likely to churn, implying this low call volume is a risk factor, which reverses the SHAP evidence where low customer service calls reduce churn risk."
F044,3489,Low,3.6,RETAIN,"  1. Low Returns rate (0.3) reduces churn risk [SHAP=-0.58, strong signal]
  2. High Discount usage rate (69.0) reduces churn risk [SHAP=-0.46, moderate signal]
  3. Low Days since last purchase (10.0) reduces churn risk [SHAP=-0.38, moderate signal]
  4. Low Customer service calls (4.0) reduces churn risk [SHAP=-0.38, moderate signal]
  5. High Age (32.0) reduces churn risk [SHAP=-0.31, moderate signal]",retain,"Both the XGBoost and Random Forest models predict retention with high confidence (ROC-AUC 0.927 and 0.921 respectively), and the churn probability is relatively low (3.6% and 6.9% respectively). SHAP values highlight key drivers of retention – low returns rate, high discount usage, infrequent purchases, low customer service calls, and a reasonable age – aligning with the benchmark indicating a lower churn rate for customers with similar returns rates.  The customer's behavioral data, particularly the consistent login frequency and moderate social media engagement, further supports a retention decision.","Proactively engage this customer with a personalized offer based on their high discount usage, and follow up with a reminder about the benefits of their membership, potentially highlighting new products or features to encourage a purchase within the next 30 days.",retain,"Both XGBoost and Random Forest models unanimously predict retention with low churn probabilities (3.6% and 6.9%), driven by strong SHAP signals indicating that the customer's exceptionally low returns rate (0.30%) and minimal service calls significantly reduce churn risk compared to population benchmarks. The customer's high discount usage and recent purchase activity further reinforce this low-risk profile, suggesting immediate retention efforts are unnecessary.","Maintain the customer's current engagement strategy without introducing aggressive discounts or targeted retention campaigns, as their low churn risk profile indicates high loyalty. Continue monitoring for changes in returns or service call frequency to ensure the retention status remains valid.",no,yes,reversed,,"A: The explanation incorrectly describes the SHAP factor ‘Low Days since last purchase (10.0) reduces churn risk’ as ‘infrequent purchases,’ reversing the direction (it actually indicates recent/frequent purchasing)."
F045,4003,High,76.1,CHURN,"  1. High Days since last purchase (82.0) increases churn risk [SHAP=+1.64, dominant driver]
  2. High Lifetime value (1334.87) reduces churn risk [SHAP=-0.92, strong signal]
  3. Low Cart abandonment rate (59.8) reduces churn risk [SHAP=-0.84, strong signal]
  4. High Customer service calls (8.0) increases churn risk [SHAP=+0.80, strong signal]
  5. Low Mobile app usage (5.8) increases churn risk [SHAP=+0.37, moderate signal]",retain,"Although both models predict churn due to high customer service calls and long inactivity, the customer's high lifetime value ($1334.87) and low cart abandonment rate provide strong counter-signals that outweigh the risk, placing them in the high-value retained segment. The behavioral data shows a 1.40-year tenure with 16 purchases, indicating loyalty despite the recent 82-day gap since the last purchase.","Immediately offer a personalized discount or loyalty reward to re-engage the customer, targeting the 82-day inactivity gap while acknowledging their high lifetime value to prevent churn.",churn,"Both the XGBoost and Random Forest models predict churn with high probabilities (76.1% and 56.1% respectively), supported by significant SHAP values indicating high Days since last purchase, customer service calls, and low mobile app usage as key drivers. The benchmark data further reinforces the concern around long days since last purchase and a relatively high churn rate for similar customers, suggesting this customer is at significant risk.","Immediately reach out to this customer with a personalized offer (e.g., discount, exclusive content) and proactively address any potential issues contributing to their inactivity and recent customer service interactions. Focus on understanding their needs and re-engaging them with relevant value propositions to prevent churn.",no,yes,magnitude,,"A: Claims that high lifetime value and low cart abandonment outweigh the risk and place the customer in a retained segment, but SHAP evidence (net positive risk and model decision CHURN) shows risk factors dominate; this misstates the relative magnitudes of the drivers."
F046,752,Critical,99.7,CHURN,"  1. Low Lifetime value (3555.58) increases churn risk [SHAP=+3.83, dominant driver]
  2. High Customer service calls (6.0) increases churn risk [SHAP=+2.91, dominant driver]
  3. High Average order value (257.69) increases churn risk [SHAP=+0.39, moderate signal]
  4. Low Cart abandonment rate (39.3) reduces churn risk [SHAP=-0.20, moderate signal]
  5. High Discount usage rate (33.1) reduces churn risk [SHAP=-0.17, moderate signal]",churn,"Both the XGBoost and Random Forest models predict churn with extremely high probabilities (99.7% and 94.6% respectively), aligning with the population benchmarks which show a high churn rate for customers with similar characteristics. The SHAP values highlight key drivers of churn: low Lifetime Value, high Customer Service Calls, and high Average Order Value, while Discount Usage Rate and Cart Abandonment Rate offer slight mitigating factors. These factors, combined with the customer's behavior, strongly suggest a high risk of churn.",Immediately initiate a proactive engagement strategy focused on understanding the reasons behind the customer’s high Customer Service interaction and exploring opportunities to personalize offers and address potential value concerns – a targeted intervention is crucial to prevent immediate churn.,churn,"Both models agree on CHURN with 99.7% and 94.6% confidence, driven by high customer service calls (6.0) and low lifetime value ($3555.58) which are dominant SHAP factors exceeding population benchmarks. The customer's high discount usage (33.1%) and recent inactivity (15 days) further confirm the critical risk tier.","Immediately offer a non-discount-based retention incentive (e.g., early access to new products or personalized support) to address the service friction, as the high discount reliance indicates price sensitivity rather than product fit.",yes,no,,reversed,"B: High discount usage is a protective factor in the SHAP list but the text treats it as confirming higher churn risk, reversing its direction."
F047,7064,Low,3.0,RETAIN,"  1. Low Cart abandonment rate (35.6) reduces churn risk [SHAP=-0.80, strong signal]
  2. Low Average order value (51.89) reduces churn risk [SHAP=-0.66, strong signal]
  3. High Email open rate (33.7) reduces churn risk [SHAP=-0.39, moderate signal]
  4. High Login frequency (4.0) reduces churn risk [SHAP=-0.38, moderate signal]
  5. Low Customer service calls (4.0) reduces churn risk [SHAP=-0.36, moderate signal]",retain,"Both the XGBoost and Random Forest models predict retention with high confidence (ROC-AUC of 0.927 and 0.921 respectively), supported by low churn probability (3.0% and 8.5% respectively). SHAP values highlight positive contributions from low cart abandonment, average order value, high email open rate, login frequency, and low customer service calls, aligning with benchmarks showing lower churn rates for similar customers.  The customer's behavior – particularly the combination of moderate engagement and a solid lifetime value – suggests a strong propensity to remain.","Focus retention efforts on proactively offering personalized product recommendations based on past purchases, and explore targeted email campaigns showcasing new arrivals or exclusive offers to drive further engagement and purchases.",retain,"Both XGBoost and Random Forest models unanimously predict retention with low churn probabilities (3.0% and 8.5%), driven by strong SHAP signals from low cart abandonment and minimal service calls. The customer's behavior significantly outperforms population benchmarks for churners in email open rates and login frequency, confirming a stable, low-risk profile.","Maintain current engagement strategies while implementing a loyalty program to address the moderate discount usage rate, and continue monitoring for any shifts in average order value to sustain retention.",yes,no,,recommendation,"B: Recommendation cites a 'moderate discount usage rate' as something to address, but discount usage is not mentioned in the evidence or explanation, so the action does not follow from the discussed factors."
F048,3341,High,67.0,CHURN,"  1. Low Days since last purchase (3.0) reduces churn risk [SHAP=-1.28, strong signal]
  2. High Cart abandonment rate (74.4) increases churn risk [SHAP=+0.77, strong signal]
  3. High Customer service calls (8.0) increases churn risk [SHAP=+0.60, strong signal]
  4. High Lifetime value (652.6) reduces churn risk [SHAP=-0.56, strong signal]
  5. Low Product reviews written (0.0) increases churn risk [SHAP=+0.30, moderate signal]",churn,"Both the XGBoost and Random Forest models predict churn with high probabilities (67.0% and 63.5% respectively), aligning with the population benchmarks which show elevated churn risk for customers with high customer service calls, high cart abandonment rates, and short intervals since last purchase. The SHAP values highlight key drivers: low purchase frequency, high abandonment, and frequent customer service interactions strongly contribute to the churn prediction, suggesting underlying issues need addressing.","Immediately engage this customer with a proactive outreach, offering personalized support to address potential issues contributing to cart abandonment and recent inactivity. A targeted discount or incentive could also encourage a renewed purchase and demonstrate commitment to retaining this valuable customer.",retain,"Despite both models predicting churn due to high service calls and cart abandonment, the customer's low days since last purchase (3.0) and high lifetime value ($652.60) are strong mitigating factors that reduce overall risk. The behavioral data shows recent activity and high engagement, indicating the customer is still active rather than dormant.",Immediately offer a personalized discount to address the high cart abandonment rate and reward the customer for their high lifetime value to reinforce loyalty before the 3-day gap becomes critical.,no,yes,"fabricated,reversed,recommendation",,"A: Fabricated: claims SHAP highlights low purchase frequency as a key driver, but purchase frequency is not in the top-5 SHAP factors. Reversed: model shows low days since last purchase reduces churn risk, but text implies lower purchase frequency/short intervals are risk contributors. Recommendatio"
F049,3191,Medium,42.1,RETAIN,"  1. Low Cart abandonment rate (55.9) reduces churn risk [SHAP=-1.44, strong signal]
  2. High Lifetime value (761.46) reduces churn risk [SHAP=-0.82, strong signal]
  3. High Customer service calls (8.0) increases churn risk [SHAP=+0.60, strong signal]
  4. High Age (54.0) reduces churn risk [SHAP=-0.54, strong signal]
  5. High Days since last purchase (47.0) increases churn risk [SHAP=+0.45, moderate signal]",retain,"Both XGBoost and Random Forest models agree to retain the customer, driven by strong SHAP signals indicating that low cart abandonment and high lifetime value significantly reduce churn risk, despite the elevated risk from frequent customer service calls. Although the customer has not logged in recently and days since last purchase are high, the models' consensus and the customer's above-average lifetime value outweigh these negative behavioral indicators.","Implement a targeted re-engagement campaign focusing on personalized product recommendations to address the 47-day gap since last purchase, while simultaneously offering a small discount to counter the high cart abandonment rate observed in their recent activity.",retain,"Both the XGBoost and Random Forest models predict retention with high confidence (ROC-AUC of 0.927 and 0.921 respectively), supported by a relatively low churn probability of 42.1% and 49.6%. SHAP values highlight key drivers – low cart abandonment, high lifetime value, and a moderate number of customer service calls – alongside demographic factors that suggest retention potential. The customer’s behavior aligns with benchmarks for retained customers, indicating a solid foundation for continued engagement.","Proactively reach out to this customer with a personalized offer based on their past purchases, addressing any potential hesitations identified by the customer service interactions. Consider a targeted email campaign showcasing new products or highlighting the value of their current membership.",no,no,"reversed,recommendation",magnitude,"A: Cart abandonment is described as high and treated as a negative factor, but evidence shows low cart abandonment reduces churn risk. The recommendation to counter high cart abandonment therefore does not follow from the evidence. | B: Customer service calls are described as a 'moderate number' whe"
F050,1678,Low,9.7,RETAIN,"  1. High Email open rate (25.4) reduces churn risk [SHAP=-0.79, strong signal]
  2. Low Returns rate (0.6) reduces churn risk [SHAP=-0.70, strong signal]
  3. Low Days since last purchase (17.0) reduces churn risk [SHAP=-0.58, strong signal]
  4. High Cart abandonment rate (74.3) increases churn risk [SHAP=+0.55, strong signal]
  5. High Lifetime value (1121.5) reduces churn risk [SHAP=-0.43, moderate signal]",retain,"Both XGBoost and Random Forest models agree to retain the customer, with XGBoost identifying strong negative SHAP signals from low returns (0.60%) and high email open rates (25.40%) that significantly reduce churn risk compared to population benchmarks. Despite the high cart abandonment rate, the customer's low churn probability (9.7%) and high lifetime value justify a retention strategy.","Implement a targeted email campaign offering a small discount to address the 74.3% cart abandonment rate, while simultaneously reaching out to the 5 customer service contacts to resolve any lingering issues and reinforce loyalty.",retain,"Both the XGBoost and Random Forest models predict retention with high confidence (ROC-AUC 0.927 and 0.921 respectively), supported by SHAP values highlighting positive signals like high email open rates, low return rates, and lifetime value. Despite a high cart abandonment rate, the overall behavioral data and model predictions strongly suggest this customer is unlikely to churn. The benchmarks further reinforce this, indicating a lower churn probability compared to average churners.","Proactively reach out to this customer with a personalized offer based on their past purchases and browsing history, aiming to address the cart abandonment issue and re-engage them with relevant products or content. Monitor their behavior closely after the outreach to assess the impact and further personalize future interactions.",no,yes,recommendation,,"A: The explanation matches SHAP factors and directions, but the recommendation introduces “5 customer service contacts” and implies lingering issues with support that are not in the evidence or explanation, so that part of the recommended action does not follow from the cited evidence."
