row_id,qwen_fabricated_A5,qwen_fabricated_A9,gemma_fabricated_A5,gemma_fabricated_A9
0,"Lifetime_Value,Membership_Years",,,
1,Days_Since_Last_Purchase,,,
2,,,,
3,Cart_Abandonment_Rate,,Cart_Abandonment_Rate,
4,,,,
5,,,,
6,Membership_Years,,,
7,,,,
8,"Cart_Abandonment_Rate,Returns_Rate",,,
9,,,,
10,,,,
11,,Days_Since_Last_Purchase,,
12,,,,
13,Returns_Rate,,,
14,,,,
15,,,,
16,Days_Since_Last_Purchase,,,
17,,,,
18,"Cart_Abandonment_Rate,Discount_Usage_Rate",,,
19,"Discount_Usage_Rate,Login_Frequency",,,
20,Days_Since_Last_Purchase,,,
21,,,,
22,,,,
23,,,"Cart_Abandonment_Rate,Discount_Usage_Rate",
24,,,,
25,,,,
26,Returns_Rate,,,
27,,,,
28,,,,
29,,,,
30,,,,
31,,,,
32,,,,
33,,,,
34,Days_Since_Last_Purchase,,,
35,,,,
36,"Membership_Years,Total_Purchases",,Age,
37,,,,
38,,,Cart_Abandonment_Rate,
39,,,,
40,Membership_Years,,,
41,,,,
42,Discount_Usage_Rate,,,
43,"Email_Open_Rate,Returns_Rate",,,
44,,,,
45,,,,
46,,,Login_Frequency,
47,,,,
48,Days_Since_Last_Purchase,,,
49,,Lifetime_Value,,
50,,,,
51,,,,
52,,,,
53,,,Login_Frequency,
54,Age,,,
55,,,,
56,,,,
57,,,,
58,,,,
59,,,,
60,Days_Since_Last_Purchase,,,
61,,,,
62,,,,
63,,,,
64,"Days_Since_Last_Purchase,Returns_Rate",,Customer_Service_Calls,
65,,,,
66,,,,
67,,,,
68,,,,
69,"Customer_Service_Calls,Days_Since_Last_Purchase",,Customer_Service_Calls,
70,Discount_Usage_Rate,,Cart_Abandonment_Rate,Cart_Abandonment_Rate
71,Discount_Usage_Rate,,,
72,,,,
73,Days_Since_Last_Purchase,Days_Since_Last_Purchase,,
74,Membership_Years,,,
75,,,,
76,,,,
77,Discount_Usage_Rate,,,
78,,,,
79,,,,
80,,,,
81,,,,
82,,,,
83,,,,
84,,,,
85,Login_Frequency,"Lifetime_Value,Returns_Rate",,
86,"Customer_Service_Calls,Days_Since_Last_Purchase",,,
87,,,"Discount_Usage_Rate,Session_Duration_Avg",
88,Membership_Years,,,
89,"Days_Since_Last_Purchase,Login_Frequency",,,Credit_Balance
90,Discount_Usage_Rate,,,
91,,,,
92,Social_Media_Engagement_Score,Social_Media_Engagement_Score,,
93,Session_Duration_Avg,,,
94,,,,
95,Credit_Balance,"Lifetime_Value,Membership_Years",,
96,Discount_Usage_Rate,,,
97,Days_Since_Last_Purchase,,,
98,,,,
99,,,,
100,Days_Since_Last_Purchase,,,
101,,,,
102,,,,
103,,,,
104,,,,
105,,,,
106,,,,
107,"Login_Frequency,Social_Media_Engagement_Score",,,
108,,,,
109,Days_Since_Last_Purchase,,,
110,,,,
111,,,Cart_Abandonment_Rate,
112,,,,
113,,,Discount_Usage_Rate,
114,"Customer_Service_Calls,Days_Since_Last_Purchase",,Customer_Service_Calls,
115,,,,
116,"Cart_Abandonment_Rate,Days_Since_Last_Purchase",,,
117,,,,
118,"Membership_Years,Returns_Rate",,,
119,,,,
120,"Days_Since_Last_Purchase,Lifetime_Value",,,
121,,Days_Since_Last_Purchase,,
122,Login_Frequency,,,
123,,,Discount_Usage_Rate,
124,,,,
125,,,,
126,,,,
127,,,Customer_Service_Calls,
128,Discount_Usage_Rate,,,
129,Lifetime_Value,"Lifetime_Value,Membership_Years",,
130,,,,
131,Login_Frequency,,Cart_Abandonment_Rate,
132,Membership_Years,,,
133,,,,
134,"Cart_Abandonment_Rate,Discount_Usage_Rate,Membership_Years",,,Mobile_App_Usage
135,,,,
136,,,,
137,,,,
138,,,,
139,Days_Since_Last_Purchase,,,Discount_Usage_Rate
140,"Days_Since_Last_Purchase,Login_Frequency,Total_Purchases",,,
141,"Credit_Balance,Membership_Years,Mobile_App_Usage,Returns_Rate",,,
142,,,,
143,Customer_Service_Calls,,,
144,Cart_Abandonment_Rate,,,
145,,,,
146,,,,
147,,Days_Since_Last_Purchase,,
148,Login_Frequency,,Discount_Usage_Rate,
149,,,,
150,,,,Mobile_App_Usage
151,Social_Media_Engagement_Score,,,
152,Discount_Usage_Rate,,,
153,,,,
154,,,,
155,,,,
156,,,,
157,,,,
158,,,,Age
159,,,,
160,Login_Frequency,,,
161,,,,
162,,,,
163,Average_Order_Value,,,
164,,,,
165,,Returns_Rate,,
166,,,,
167,Returns_Rate,,,
168,,,,
169,Discount_Usage_Rate,,,
170,,,,
171,,,,
172,,,,
173,,,,
174,,,,
175,,,,
176,,Customer_Service_Calls,Customer_Service_Calls,
177,,,Days_Since_Last_Purchase,
178,,Days_Since_Last_Purchase,,
179,,,,
180,,,,
181,,Days_Since_Last_Purchase,,
182,,,,
183,,,,
184,,,,
185,,,,
186,,,,Membership_Years
187,,,,
188,,,"Login_Frequency,Social_Media_Engagement_Score",
189,,,,
190,,,,
191,Days_Since_Last_Purchase,,,
192,,,,
193,,,,
194,,,,
195,,,Age,
196,Membership_Years,,,Discount_Usage_Rate
197,,,,
198,,,,
199,,,,
200,,,,
201,,,,
202,,,,
203,,,"Cart_Abandonment_Rate,Login_Frequency",
204,,,,
205,,,,
206,Lifetime_Value,,,
207,,,,
208,"Lifetime_Value,Returns_Rate",,Customer_Service_Calls,Customer_Service_Calls
209,,,,
210,,,,
211,,Days_Since_Last_Purchase,,
212,,,,
213,,,Customer_Service_Calls,"Login_Frequency,Mobile_App_Usage"
214,,,,
215,Social_Media_Engagement_Score,,,
216,Mobile_App_Usage,Discount_Usage_Rate,Lifetime_Value,
217,Discount_Usage_Rate,,,
218,,,,
219,,,,
220,,,,
221,,,,
222,,,,
223,,,,
224,,,,
225,Days_Since_Last_Purchase,,,
226,,,,
227,,,,
228,,,,
229,,,,Session_Duration_Avg
230,,,,Cart_Abandonment_Rate
231,,,,
232,,,,
233,,,,
234,,,,
235,,Returns_Rate,,
236,Social_Media_Engagement_Score,Discount_Usage_Rate,,
237,,,,
238,Login_Frequency,Days_Since_Last_Purchase,,
239,,,,"Discount_Usage_Rate,Login_Frequency"
240,,,Discount_Usage_Rate,
241,,,,
242,,,,
243,Social_Media_Engagement_Score,,Cart_Abandonment_Rate,
244,,,,
245,,,,Discount_Usage_Rate
246,"Days_Since_Last_Purchase,Total_Purchases",,,
247,Membership_Years,,,
248,,,Session_Duration_Avg,
249,,Age,,Age
250,Customer_Service_Calls,,,
251,Days_Since_Last_Purchase,,,
252,Days_Since_Last_Purchase,,,
253,,,,
254,,,,
255,,,,
256,"Cart_Abandonment_Rate,Days_Since_Last_Purchase,Membership_Years",,,
257,,,,
258,,,Cart_Abandonment_Rate,
259,,,Customer_Service_Calls,
260,Discount_Usage_Rate,,,
261,,,,
262,,,,
263,,,,
264,,,,
265,Cart_Abandonment_Rate,,,
266,,,,
267,,,,
268,,,,
269,,,,
270,,,,
271,,,,
272,,,Age,
273,,,,
274,,,Cart_Abandonment_Rate,
275,,,,
276,,,,
277,Membership_Years,,,
278,Social_Media_Engagement_Score,,,
279,Social_Media_Engagement_Score,,,
280,"Login_Frequency,Returns_Rate",,,
281,Cart_Abandonment_Rate,,,
282,,,,
283,,,,
284,,,,
285,,,,
286,,,,
287,,,Discount_Usage_Rate,
288,,Days_Since_Last_Purchase,"Login_Frequency,Mobile_App_Usage",
289,"Days_Since_Last_Purchase,Social_Media_Engagement_Score",,,
290,,,,
291,,,,
292,,,,
293,,,,
294,,,,
295,,,,
296,,,,
297,,,,
298,,,,
299,,,,
300,,,,
301,Returns_Rate,,,
302,Days_Since_Last_Purchase,,Login_Frequency,Membership_Years
303,,,,
304,Lifetime_Value,,,
305,,,Discount_Usage_Rate,
306,,,,
307,"Days_Since_Last_Purchase,Social_Media_Engagement_Score",,,
308,,,Lifetime_Value,
309,,,,
310,,,,
311,,,,
312,,,,
313,,,,
314,,,,Login_Frequency
315,,,,
316,,Membership_Years,,
317,Days_Since_Last_Purchase,,,
318,,,,
319,,,,
320,,,,
321,,,Credit_Balance,
322,,,,
323,,,,
324,,,,
325,,,,
326,,,,
327,,,Cart_Abandonment_Rate,Cart_Abandonment_Rate
328,,,,
329,,,,
330,,,Membership_Years,
331,,,,
332,Cart_Abandonment_Rate,,,
333,"Discount_Usage_Rate,Returns_Rate",,Cart_Abandonment_Rate,Discount_Usage_Rate
334,,,Discount_Usage_Rate,
335,,,,
336,,,,
337,"Days_Since_Last_Purchase,Email_Open_Rate,Login_Frequency",,,
338,Age,,,
339,,,,
340,,,,
341,,,,
342,,,,
343,,,,
344,,,,
345,,,,
346,,,,
347,Days_Since_Last_Purchase,,,
348,Cart_Abandonment_Rate,,Session_Duration_Avg,
349,,,,
350,Days_Since_Last_Purchase,,,
351,"Cart_Abandonment_Rate,Discount_Usage_Rate",,,
352,,,,
353,Days_Since_Last_Purchase,,,
354,,Discount_Usage_Rate,,
355,,,,
356,,,,
357,,,,
358,Days_Since_Last_Purchase,Days_Since_Last_Purchase,,
359,,,,
360,"Days_Since_Last_Purchase,Social_Media_Engagement_Score",,,
361,Days_Since_Last_Purchase,,,
362,,,,
363,,,,
364,,,,
365,Discount_Usage_Rate,,,
366,Login_Frequency,"Days_Since_Last_Purchase,Discount_Usage_Rate",,
367,,,,
368,"Days_Since_Last_Purchase,Returns_Rate",,,
369,,,,
370,,,Average_Order_Value,
371,,,,
372,,,,
373,,,"Login_Frequency,Mobile_App_Usage",
374,,,,
375,,,,Customer_Service_Calls
376,,,,Age
377,,,,
378,,,,
379,,,,
380,,,,
381,,,,
382,,,Session_Duration_Avg,
383,,,,
384,Social_Media_Engagement_Score,,,
385,,,,
386,,,,
387,Cart_Abandonment_Rate,,Cart_Abandonment_Rate,
388,,,,
389,,,,
390,,,,
391,,,,
392,"Cart_Abandonment_Rate,Days_Since_Last_Purchase",,,
393,,,,Mobile_App_Usage
394,"Login_Frequency,Social_Media_Engagement_Score",,,
395,,,,Lifetime_Value
396,,,,
397,,,,
398,Days_Since_Last_Purchase,,,
399,,,,
400,Lifetime_Value,,Login_Frequency,
401,,,,
402,,,,
403,Days_Since_Last_Purchase,,,
404,,,,Returns_Rate
405,,,,
406,,,,
407,,,,
408,,,,
409,Days_Since_Last_Purchase,Days_Since_Last_Purchase,,
410,Login_Frequency,,,
411,,,,
412,,,,
413,Customer_Service_Calls,,,
414,,,,
415,,,,
416,Social_Media_Engagement_Score,,,
417,,,,
418,,,,
419,,,,
420,,,,
421,,,,
422,,,,
423,,,,
424,,,Login_Frequency,
425,,,,
426,Credit_Balance,,,
427,,,,
428,,,,
429,Days_Since_Last_Purchase,,,
430,,,,
431,,,,
432,,,,
433,Social_Media_Engagement_Score,,,
434,Days_Since_Last_Purchase,,,
435,Membership_Years,,,
436,,,,
437,,,,
438,,,,
439,Days_Since_Last_Purchase,Cart_Abandonment_Rate,,
440,Days_Since_Last_Purchase,,,
441,,,,
442,,,,
443,"Credit_Balance,Membership_Years",,"Login_Frequency,Mobile_App_Usage",
444,,,,
445,,,,
446,"Lifetime_Value,Membership_Years",,Age,
447,"Discount_Usage_Rate,Social_Media_Engagement_Score",,,
448,,,Discount_Usage_Rate,
449,,,,
450,,,,
451,Days_Since_Last_Purchase,,,
452,,,,
453,,,,
454,,,,
455,,,,
456,,Discount_Usage_Rate,,
457,,,,
458,,Social_Media_Engagement_Score,,
459,,,,
460,Customer_Service_Calls,,,
461,Returns_Rate,,,
462,,,,
463,Mobile_App_Usage,,,
464,,,,
465,,,,
466,,,,
467,,,,
468,,,,
469,,,,
470,Discount_Usage_Rate,,,
471,,,Days_Since_Last_Purchase,
472,,,,
473,,,,
474,,,Customer_Service_Calls,
475,,,,
476,Login_Frequency,,,
477,Social_Media_Engagement_Score,,,
478,,,Lifetime_Value,
479,,,,
480,,,,
481,Login_Frequency,,,
482,Login_Frequency,,,
483,,,,
484,,,,
485,Login_Frequency,,,
486,,,,
487,,"Discount_Usage_Rate,Membership_Years",Discount_Usage_Rate,
488,,,,
489,Membership_Years,,,
490,"Lifetime_Value,Membership_Years",,,
491,,,,
492,,,,
493,,,,
494,,,,
495,Login_Frequency,,,
496,,Cart_Abandonment_Rate,,
497,"Credit_Balance,Membership_Years",Lifetime_Value,,Age
498,,,,
499,,,,
500,,,,
501,,,Mobile_App_Usage,
502,,,,
503,,,,
504,,,,
505,,,,
506,Days_Since_Last_Purchase,,Age,
507,,,,
508,,,,
509,,,,
510,,,,
511,"Cart_Abandonment_Rate,Days_Since_Last_Purchase",Days_Since_Last_Purchase,,
512,,,,
513,Days_Since_Last_Purchase,,,
514,,,,
515,,,,
516,Discount_Usage_Rate,,,
517,Days_Since_Last_Purchase,,Mobile_App_Usage,
518,,,,
519,,,,
520,Customer_Service_Calls,,,
521,Cart_Abandonment_Rate,,,
522,,,"Login_Frequency,Session_Duration_Avg",
523,,,Cart_Abandonment_Rate,
524,,,,
525,,,,
526,,,,
527,,,Cart_Abandonment_Rate,
528,,Days_Since_Last_Purchase,,
529,,,,
530,Days_Since_Last_Purchase,,,
531,,,,"Login_Frequency,Session_Duration_Avg"
532,,,Lifetime_Value,
533,,,,
534,,,,
535,,,,
536,,,Cart_Abandonment_Rate,"Cart_Abandonment_Rate,Login_Frequency"
537,,,,
538,Discount_Usage_Rate,,,
539,,,,
540,,,,
541,Social_Media_Engagement_Score,,,
542,,,,Lifetime_Value
543,,,,
544,Days_Since_Last_Purchase,,,
545,,,,
546,,,,
547,,,,
548,,,,
549,,,,
550,,,,
551,,,"Cart_Abandonment_Rate,Returns_Rate",
552,,"Lifetime_Value,Membership_Years",,
553,,,,
554,,Discount_Usage_Rate,,
555,Days_Since_Last_Purchase,,,
556,,,,
557,,,,
558,,,,
559,,,,
560,Customer_Service_Calls,,,
561,,,,
562,Returns_Rate,,Age,
563,,,,
564,,,,
565,,,,Membership_Years
566,"Login_Frequency,Returns_Rate",,,
567,,,,
568,,,,
569,,,,
570,,,,
571,,,,
572,,,,
573,,,,
574,Social_Media_Engagement_Score,,Cart_Abandonment_Rate,
575,,,,
576,,,,
577,Days_Since_Last_Purchase,,,
578,,,,
579,,,,
580,,,,"Days_Since_Last_Purchase,Mobile_App_Usage"
581,,,,
582,,,"Cart_Abandonment_Rate,Email_Open_Rate",Cart_Abandonment_Rate
583,,,Age,Age
584,,,,
585,Social_Media_Engagement_Score,,,
586,,,,
587,,,Cart_Abandonment_Rate,
588,,,,
589,,,,
590,,,Login_Frequency,
591,,,,
592,Customer_Service_Calls,,,
593,"Login_Frequency,Social_Media_Engagement_Score",,,
594,Returns_Rate,,,
595,Cart_Abandonment_Rate,,,
596,,,Cart_Abandonment_Rate,
597,,,Social_Media_Engagement_Score,
598,,,Returns_Rate,
599,Days_Since_Last_Purchase,,,
600,Discount_Usage_Rate,,,
601,,,,
602,Login_Frequency,,,
603,,,,
604,,Returns_Rate,,
605,,,,
606,"Discount_Usage_Rate,Membership_Years",,,
607,"Cart_Abandonment_Rate,Days_Since_Last_Purchase",,,
608,,,,
609,,,,
610,Days_Since_Last_Purchase,,,
611,Membership_Years,,,
612,,,,
613,,,,
614,,,,
615,,,,
616,,,,
617,"Credit_Balance,Membership_Years",,,
618,,,,
619,,,,
620,,,,"Discount_Usage_Rate,Lifetime_Value"
621,"Credit_Balance,Membership_Years",,,
622,,,,
623,,,,
624,Days_Since_Last_Purchase,,,
625,,,,
626,,,"Login_Frequency,Session_Duration_Avg",
627,,,,
628,Login_Frequency,,,
629,Membership_Years,,,
630,,,,
631,,,,
632,"Login_Frequency,Returns_Rate",,,
633,,,Discount_Usage_Rate,
634,"Average_Order_Value,Returns_Rate",,,
635,"Membership_Years,Returns_Rate,Total_Purchases",,,
636,Days_Since_Last_Purchase,,Discount_Usage_Rate,
637,,,,
638,,,,
639,,,,
640,,,,
641,,,,
642,,,,
643,"Returns_Rate,Social_Media_Engagement_Score",,,Email_Open_Rate
644,Days_Since_Last_Purchase,,,
645,Lifetime_Value,,,
646,,,,
647,"Days_Since_Last_Purchase,Discount_Usage_Rate",,Age,
648,Membership_Years,,,
649,,,,Email_Open_Rate
650,Membership_Years,,Session_Duration_Avg,
651,,,,
652,"Days_Since_Last_Purchase,Login_Frequency",,Discount_Usage_Rate,
653,,,,
654,Days_Since_Last_Purchase,,,
655,,,,
656,,,,
657,,,,
658,Days_Since_Last_Purchase,Days_Since_Last_Purchase,,
659,,,,Discount_Usage_Rate
660,Discount_Usage_Rate,,,
661,,,,Login_Frequency
662,Login_Frequency,,,
663,,,"Age,Session_Duration_Avg",
664,,,,
665,Customer_Service_Calls,,Customer_Service_Calls,
666,,,,
667,,,Discount_Usage_Rate,
668,,,,
669,Discount_Usage_Rate,Lifetime_Value,,"Login_Frequency,Session_Duration_Avg,Social_Media_Engagement_Score"
670,,,,
671,,,,
672,"Cart_Abandonment_Rate,Returns_Rate",,,
673,,,,
674,,,,
675,,,,
676,,,,
677,Login_Frequency,,,
678,,,,
679,Returns_Rate,,,
680,,Membership_Years,,
681,"Lifetime_Value,Mobile_App_Usage,Total_Purchases",,,
682,Days_Since_Last_Purchase,,,
683,,,,
684,Customer_Service_Calls,,,Customer_Service_Calls
685,,,,
686,,,,
687,,,,
688,,,,
689,,,,
690,,Days_Since_Last_Purchase,,
691,,,,Age
692,"Login_Frequency,Returns_Rate",,,
693,,,,
694,,,,
695,,,"Discount_Usage_Rate,Login_Frequency",
696,,,,
697,,,,
698,,,,
699,,,,"Days_Since_Last_Purchase,Login_Frequency"
700,,,,
701,,,,
702,,,,
703,,Membership_Years,,
704,,,,
705,,,,
706,,,,
707,,,Cart_Abandonment_Rate,
708,Login_Frequency,,,
709,,,,
710,Customer_Service_Calls,,,
711,,,,
712,,,,
713,"Login_Frequency,Returns_Rate",,,
714,,,,
715,,,,
716,,,,
717,Lifetime_Value,,,
718,Social_Media_Engagement_Score,,Login_Frequency,
719,,,,
720,"Cart_Abandonment_Rate,Social_Media_Engagement_Score",,,
721,,,,
722,,,,
723,,,,"Discount_Usage_Rate,Session_Duration_Avg"
724,,,,
725,,,,
726,,,,
727,,,,
728,,,,
729,,,,
730,,,,
731,,,,
732,,,,
733,,,,
734,Discount_Usage_Rate,,,
735,,,,
736,,,,
737,,,,
738,,,,
739,Discount_Usage_Rate,,,
740,,,,
741,,,,
742,Days_Since_Last_Purchase,,,
743,,,,
744,,,,
745,,,,
746,Lifetime_Value,,,
747,,Lifetime_Value,,Lifetime_Value
748,Cart_Abandonment_Rate,,Credit_Balance,
749,Social_Media_Engagement_Score,,,
750,,,,
751,,,,
752,Days_Since_Last_Purchase,Age,,
753,"Credit_Balance,Membership_Years",,,Lifetime_Value
754,,,,
755,Days_Since_Last_Purchase,,,
756,,,,
757,Membership_Years,,,
758,Returns_Rate,,Lifetime_Value,
759,,,,
760,,,,
761,,,,
762,,,,
763,,,Age,
764,,,Customer_Service_Calls,
765,,,,
766,"Customer_Service_Calls,Membership_Years",,,
767,,,,
768,,Discount_Usage_Rate,,
769,,,,
770,,,,
771,Days_Since_Last_Purchase,,,
772,,,,
773,Login_Frequency,,,
774,"Customer_Service_Calls,Lifetime_Value",,,
775,,,Login_Frequency,
776,,,,
777,,,Cart_Abandonment_Rate,
778,,,,
779,,,,
780,,,Cart_Abandonment_Rate,
781,Discount_Usage_Rate,,,
782,,,,
783,,,Cart_Abandonment_Rate,
784,"Customer_Service_Calls,Days_Since_Last_Purchase",,,
785,,,,
786,,,,
787,,,,Customer_Service_Calls
788,,,,
789,,,,
790,,,,
791,Membership_Years,,,
792,,,,
793,,,Age,
794,,,,
795,,,,
796,Returns_Rate,,,
797,,,,
798,,,Lifetime_Value,
799,,"Cart_Abandonment_Rate,Login_Frequency",,
800,,,,
801,,,,
802,,,,
803,Days_Since_Last_Purchase,,,
804,Returns_Rate,,,
805,,,Discount_Usage_Rate,
806,Credit_Balance,,,
807,,,,
808,,,,
809,Days_Since_Last_Purchase,Days_Since_Last_Purchase,,
810,,,,
811,Days_Since_Last_Purchase,,,
812,,,,
813,,,,
814,Customer_Service_Calls,Customer_Service_Calls,"Login_Frequency,Mobile_App_Usage",
815,Days_Since_Last_Purchase,,,
816,,,,
817,,,,
818,,,,
819,,,,
820,Cart_Abandonment_Rate,,,
821,Social_Media_Engagement_Score,,,
822,Days_Since_Last_Purchase,,,
823,,,Customer_Service_Calls,
824,,,,
825,,,,
826,,,,
827,Days_Since_Last_Purchase,,Cart_Abandonment_Rate,
828,"Days_Since_Last_Purchase,Discount_Usage_Rate",,,
829,,,,
830,Returns_Rate,,,
831,,,,
832,Returns_Rate,,,
833,,,,
834,,,,
835,"Membership_Years,Total_Purchases",,,
836,,,,
837,,,,
838,,,,
839,,,,
840,"Days_Since_Last_Purchase,Session_Duration_Avg",,,
841,,,,
842,,,Customer_Service_Calls,
843,,,,
844,"Credit_Balance,Membership_Years,Social_Media_Engagement_Score",,,
845,,,Cart_Abandonment_Rate,
846,,,,
847,,,,
848,,,,
849,,,,
850,,,,
851,,,,
852,Cart_Abandonment_Rate,,Mobile_App_Usage,
853,Social_Media_Engagement_Score,,Age,
854,,,,
855,,,,
856,Login_Frequency,,,
857,,,,
858,Days_Since_Last_Purchase,,,
859,,,,Lifetime_Value
860,"Cart_Abandonment_Rate,Days_Since_Last_Purchase",Days_Since_Last_Purchase,,
861,,,,
862,Social_Media_Engagement_Score,,Cart_Abandonment_Rate,
863,,,,
864,,,,
865,Returns_Rate,,,
866,,,,
867,,,,
868,,,,
869,Days_Since_Last_Purchase,,,
870,,,,
871,Days_Since_Last_Purchase,,,
872,,,,
873,"Lifetime_Value,Membership_Years",,,
874,Login_Frequency,,,
875,,,,
876,Lifetime_Value,,,
877,,,Session_Duration_Avg,
878,"Days_Since_Last_Purchase,Email_Open_Rate",Days_Since_Last_Purchase,,
879,,,,
880,,,,
881,,,,
882,Days_Since_Last_Purchase,,,
883,Days_Since_Last_Purchase,,,
884,,,,
885,,,Cart_Abandonment_Rate,
886,Days_Since_Last_Purchase,,,
887,Days_Since_Last_Purchase,,,
888,,,,
889,Cart_Abandonment_Rate,,,
890,,,,
891,,,,
892,,,,
893,Membership_Years,,,
894,,,,
895,,,,
896,Discount_Usage_Rate,,,
897,,Days_Since_Last_Purchase,,
898,,,,
899,"Discount_Usage_Rate,Social_Media_Engagement_Score",Days_Since_Last_Purchase,,
900,,,,Mobile_App_Usage
901,Membership_Years,,,
902,Days_Since_Last_Purchase,,Discount_Usage_Rate,
903,,,,
904,,,Login_Frequency,
905,,,,
906,Membership_Years,,,
907,Days_Since_Last_Purchase,,Customer_Service_Calls,
908,Discount_Usage_Rate,,,
909,,,,
910,Days_Since_Last_Purchase,Days_Since_Last_Purchase,,
911,Cart_Abandonment_Rate,,,
912,Discount_Usage_Rate,,,
913,,,,
914,,,,
915,,,,
916,,,,
917,Age,,,
918,,,,
919,,,,
920,,,,
921,,,,
922,,,,
923,,,,
924,,,,
925,Cart_Abandonment_Rate,,,
926,,,,
927,,,,
928,Login_Frequency,,,
929,,,,
930,"Credit_Balance,Membership_Years",,,
931,Social_Media_Engagement_Score,,,
932,,,,
933,"Membership_Years,Returns_Rate",,,Customer_Service_Calls
934,,,,
935,,,,
936,Days_Since_Last_Purchase,,,
937,Days_Since_Last_Purchase,,,"Age,Discount_Usage_Rate"
938,,,,
939,"Cart_Abandonment_Rate,Discount_Usage_Rate,Membership_Years,Total_Purchases",,,
940,,,,
941,,,,
942,Login_Frequency,,,
943,,,,
944,"Days_Since_Last_Purchase,Returns_Rate",Age,,
945,"Returns_Rate,Total_Purchases",,,
946,Cart_Abandonment_Rate,,,
947,,,,
948,,,,
949,Days_Since_Last_Purchase,,,
950,,,Login_Frequency,
951,Login_Frequency,,Lifetime_Value,
952,,,Customer_Service_Calls,
953,,,,
954,Discount_Usage_Rate,,,
955,,,,
956,,,,
957,,,,
958,,,"Cart_Abandonment_Rate,Lifetime_Value",
959,,,,
960,"Lifetime_Value,Membership_Years",,,
961,,,,
962,,,,
963,,,,
964,,,,
965,,,,
966,,,,
967,,,Cart_Abandonment_Rate,
968,,,,
969,,,,
970,,,,
971,Social_Media_Engagement_Score,,,
972,,,,
973,Membership_Years,,,
974,,,,
975,,,,
976,,,,Membership_Years
977,,,,
978,Cart_Abandonment_Rate,,,Cart_Abandonment_Rate
979,Credit_Balance,,,
980,,,Discount_Usage_Rate,
981,Returns_Rate,,,
982,,,,
983,,,,
984,,,,
985,,,,
986,,,,"Lifetime_Value,Membership_Years"
987,Discount_Usage_Rate,,Discount_Usage_Rate,
988,Login_Frequency,,,
989,Discount_Usage_Rate,,,
990,,,,
991,,,,
992,,,,
993,Social_Media_Engagement_Score,,,
994,Social_Media_Engagement_Score,,Session_Duration_Avg,
995,,,,
996,Days_Since_Last_Purchase,,,
997,,,,
998,,,,
999,,,,
1000,,,,
1001,Membership_Years,,,"Login_Frequency,Social_Media_Engagement_Score"
1002,,,,
1003,Returns_Rate,,,
1004,,,,"Discount_Usage_Rate,Lifetime_Value"
1005,,,,
1006,,,,
1007,,,,
1008,,,Cart_Abandonment_Rate,
1009,,,,
1010,,,,
1011,Membership_Years,,,
1012,,,,
1013,,,,
1014,,,,
1015,,,,
1016,,,,
1017,,,,
1018,Login_Frequency,,,
1019,,,,
1020,,,,
1021,,,,
1022,,,,
1023,,,Login_Frequency,
1024,Discount_Usage_Rate,,,
1025,,,,
1026,Customer_Service_Calls,,,
1027,Days_Since_Last_Purchase,,,
1028,,,,
1029,,,,
1030,,,,
1031,,,,Age
1032,Social_Media_Engagement_Score,,,
1033,Days_Since_Last_Purchase,,,
1034,,,,
1035,,,,
1036,,,Customer_Service_Calls,
1037,,,,
1038,,,"Age,Lifetime_Value",Age
1039,Cart_Abandonment_Rate,,"Session_Duration_Avg,Social_Media_Engagement_Score",
1040,,,,
1041,,,,
1042,,,,
1043,,,,
1044,,,,
1045,,,,Login_Frequency
1046,Cart_Abandonment_Rate,,,
1047,,,,
1048,,,,
1049,,,,
1050,Lifetime_Value,,"Lifetime_Value,Login_Frequency",Lifetime_Value
1051,,,,
1052,Membership_Years,,,
1053,Days_Since_Last_Purchase,,,
1054,,,,
1055,,,,
1056,,,,
1057,,,,
1058,,,Lifetime_Value,
1059,,,,
1060,,,,
1061,,,"Login_Frequency,Mobile_App_Usage",
1062,,,"Discount_Usage_Rate,Login_Frequency",
1063,,"Discount_Usage_Rate,Email_Open_Rate",,
1064,,,Age,
1065,"Discount_Usage_Rate,Lifetime_Value",,,
1066,,,,"Mobile_App_Usage,Social_Media_Engagement_Score"
1067,Discount_Usage_Rate,,Cart_Abandonment_Rate,
1068,Days_Since_Last_Purchase,,"Login_Frequency,Returns_Rate",
1069,,,,
1070,,,,Age
1071,,,,
1072,,,,
1073,,,,
1074,,,Age,
1075,,,,
1076,,,,
1077,,,,Age
1078,,,,
1079,Cart_Abandonment_Rate,,,
1080,,,,
1081,,,,
1082,Login_Frequency,,,
1083,,,Login_Frequency,
1084,,,,
1085,,,,Cart_Abandonment_Rate
1086,,,,
1087,,,,
1088,,,,
1089,,,,
1090,,,,
1091,,,,
1092,,,,
1093,"Login_Frequency,Membership_Years",,,
1094,Login_Frequency,,,
1095,,,,
1096,,,,
1097,Membership_Years,,,
1098,,,,
1099,,,,
1100,,,,
1101,,,Age,
1102,,Total_Purchases,,
1103,,,,
1104,Cart_Abandonment_Rate,,,
1105,,,,
1106,Discount_Usage_Rate,,,
1107,,,,Discount_Usage_Rate
1108,Days_Since_Last_Purchase,,"Login_Frequency,Session_Duration_Avg",
1109,,,,
1110,,Days_Since_Last_Purchase,,
1111,,,,
1112,,,,
1113,,,,
1114,,,,
1115,Days_Since_Last_Purchase,,,
1116,,,,
1117,,,,
1118,,,Lifetime_Value,
1119,,,,
1120,,,,
1121,Discount_Usage_Rate,,,
1122,,,,
1123,,,Login_Frequency,
1124,"Cart_Abandonment_Rate,Days_Since_Last_Purchase","Cart_Abandonment_Rate,Days_Since_Last_Purchase",,
1125,,,,
1126,"Discount_Usage_Rate,Membership_Years",,,
1127,,,,
1128,Returns_Rate,,,
1129,,,,
1130,,,,
1131,,,,
1132,,,,
1133,,,,
1134,"Discount_Usage_Rate,Mobile_App_Usage",,,
1135,,,,
1136,Cart_Abandonment_Rate,,,
1137,,Returns_Rate,,
1138,,Days_Since_Last_Purchase,,Mobile_App_Usage
1139,,,,
1140,,,,
1141,,,,
1142,,,,
1143,Discount_Usage_Rate,,,
1144,,,,
1145,Discount_Usage_Rate,,,Discount_Usage_Rate
1146,Login_Frequency,,,
1147,,,,
1148,,,,
1149,,,,
1150,Returns_Rate,,Session_Duration_Avg,
1151,,,,
1152,,,,
1153,,,,
1154,"Days_Since_Last_Purchase,Login_Frequency",,,
1155,,,,
1156,Days_Since_Last_Purchase,,,
1157,Social_Media_Engagement_Score,,,
1158,,,,
1159,,Days_Since_Last_Purchase,,
1160,"Cart_Abandonment_Rate,Days_Since_Last_Purchase",,"Cart_Abandonment_Rate,Returns_Rate",
1161,,,,
1162,,,,
1163,,,,
1164,Cart_Abandonment_Rate,,,
1165,Login_Frequency,,,
1166,,,,
1167,"Membership_Years,Returns_Rate",,,
1168,,,,
1169,,,,
1170,,,,
1171,,,"Average_Order_Value,Social_Media_Engagement_Score",
1172,,,,
1173,"Lifetime_Value,Returns_Rate",,,
1174,,,,
1175,,,,
1176,,,,
1177,,,,
1178,,,,
1179,Login_Frequency,,,
1180,,,Cart_Abandonment_Rate,
1181,,,,
1182,,,,
1183,,,,
1184,,,,
1185,Average_Order_Value,,,
1186,Lifetime_Value,,,Lifetime_Value
1187,Login_Frequency,,,
1188,,,,
1189,,,Discount_Usage_Rate,
1190,,,,
1191,,,,
1192,,,,
1193,,,Login_Frequency,
1194,,,,
1195,,,,
1196,,,,
1197,,,,
1198,,,,
1199,,,,
1200,,,,
1201,,,,
1202,,,,
1203,,,,
1204,,,,
1205,,,,
1206,,,,
1207,,,,
1208,Days_Since_Last_Purchase,Days_Since_Last_Purchase,,
1209,,,,
1210,Returns_Rate,,,
1211,,,,
1212,Days_Since_Last_Purchase,,,
1213,,,,
1214,,Discount_Usage_Rate,,
1215,Discount_Usage_Rate,,,Age
1216,,,,
1217,,,,
1218,,,,
1219,,,,
1220,,,,
1221,,,,
1222,,,,
1223,,,,
1224,,,,
1225,,,Lifetime_Value,
1226,,,,
1227,,Days_Since_Last_Purchase,,
1228,,,,
1229,,,,
1230,,,,
1231,,,,
1232,,,,
1233,,,,
1234,,,,
1235,,,,
1236,,,,
1237,Login_Frequency,,,
1238,Membership_Years,,,
1239,,,,
1240,,,"Login_Frequency,Social_Media_Engagement_Score",
1241,,,,
1242,,,,
1243,,,,
1244,,,,"Customer_Service_Calls,Discount_Usage_Rate"
1245,Membership_Years,,,
1246,,,,
1247,Returns_Rate,,,
1248,Returns_Rate,,,
1249,Days_Since_Last_Purchase,,,
1250,,,,
1251,Returns_Rate,,,
1252,Discount_Usage_Rate,,,
1253,Lifetime_Value,,,
1254,,,,
1255,,,,
1256,,,,
1257,Days_Since_Last_Purchase,,,
1258,Login_Frequency,,,
1259,Login_Frequency,,,
1260,Days_Since_Last_Purchase,,,"Age,Discount_Usage_Rate"
1261,,,,
1262,,,Age,Age
1263,,,,
1264,,,,
1265,"Average_Order_Value,Membership_Years",,Age,
1266,,Lifetime_Value,,Lifetime_Value
1267,,,,
1268,,,,
1269,,,,
1270,,,,
1271,,,,
1272,,,"Cart_Abandonment_Rate,Login_Frequency,Mobile_App_Usage",Mobile_App_Usage
1273,,,,
1274,Session_Duration_Avg,,,
1275,Login_Frequency,,,
1276,,,,
1277,Total_Purchases,,,
1278,,,,
1279,,,,
1280,"Days_Since_Last_Purchase,Login_Frequency",,Discount_Usage_Rate,
1281,,,,
1282,"Credit_Balance,Days_Since_Last_Purchase,Membership_Years",Days_Since_Last_Purchase,Lifetime_Value,
1283,,,,
1284,,,,
1285,Days_Since_Last_Purchase,,,
1286,Returns_Rate,,,
1287,Social_Media_Engagement_Score,,,
1288,,,,
1289,,,,
1290,Days_Since_Last_Purchase,,Credit_Balance,
1291,,,,
1292,,,,
1293,"Cart_Abandonment_Rate,Customer_Service_Calls",,,
1294,,,,
1295,Days_Since_Last_Purchase,Days_Since_Last_Purchase,,
1296,,,,
1297,,,,
1298,,,,
1299,,,,
1300,,,Cart_Abandonment_Rate,
1301,,,,
1302,Total_Purchases,,,
1303,,,,
1304,,,Cart_Abandonment_Rate,
1305,,,,
1306,,,,
1307,,,,
1308,Login_Frequency,,,
1309,,,,
1310,,Membership_Years,,
1311,,,,
1312,,,Cart_Abandonment_Rate,
1313,,,,
1314,,,,Login_Frequency
1315,,,,
1316,,,,
1317,"Days_Since_Last_Purchase,Discount_Usage_Rate",,,
1318,,,,
1319,,,,
1320,,,,
1321,,,Cart_Abandonment_Rate,Cart_Abandonment_Rate
1322,,,,
1323,"Cart_Abandonment_Rate,Days_Since_Last_Purchase,Login_Frequency",,,
1324,Social_Media_Engagement_Score,,,
1325,,,,
1326,,,,
1327,,,,
1328,,,,
1329,,,,
1330,Membership_Years,,,
1331,,,,
1332,"Days_Since_Last_Purchase,Login_Frequency",,Cart_Abandonment_Rate,
1333,,,,
1334,,,,
1335,,,,
1336,,,,
1337,,,,
1338,,Discount_Usage_Rate,,
1339,Membership_Years,,Average_Order_Value,
1340,Login_Frequency,,,
1341,,,,
1342,,,,
1343,,,,
1344,Customer_Service_Calls,,,
1345,,,,
1346,,,,
1347,Customer_Service_Calls,,,
1348,Days_Since_Last_Purchase,,Session_Duration_Avg,"Discount_Usage_Rate,Login_Frequency"
1349,,,,
1350,,,"Email_Open_Rate,Social_Media_Engagement_Score",
1351,,,,
1352,Login_Frequency,,,Age
1353,Days_Since_Last_Purchase,,,
1354,,,,
1355,,,,
1356,Login_Frequency,,,
1357,,,,
1358,,,Cart_Abandonment_Rate,
1359,,,,
1360,,,,
1361,Cart_Abandonment_Rate,,,
1362,,,,
1363,,,,
1364,,,,
1365,,Customer_Service_Calls,,
1366,,,,
1367,,,,
1368,,,,
1369,,,,
1370,Cart_Abandonment_Rate,,,
1371,"Age,Credit_Balance,Membership_Years",,,
1372,,,,
1373,"Returns_Rate,Social_Media_Engagement_Score",,,
1374,Days_Since_Last_Purchase,,,
1375,,,,
1376,,,,
1377,,,,
1378,Mobile_App_Usage,Age,,
1379,,,,
1380,,,,
1381,Cart_Abandonment_Rate,,,
1382,,,,
1383,Discount_Usage_Rate,Days_Since_Last_Purchase,,
1384,"Discount_Usage_Rate,Social_Media_Engagement_Score",,,
1385,,,,
1386,,Discount_Usage_Rate,,
1387,,,,
1388,,,,
1389,,,,
1390,,,Lifetime_Value,
1391,,,,
1392,,,,
1393,"Cart_Abandonment_Rate,Login_Frequency",,Cart_Abandonment_Rate,
1394,,,,
1395,Mobile_App_Usage,,,
1396,,,,
1397,,,,
1398,"Cart_Abandonment_Rate,Discount_Usage_Rate",,,
1399,,,,
1400,,,,
1401,,,Discount_Usage_Rate,
1402,Discount_Usage_Rate,,,
1403,,,,
1404,Days_Since_Last_Purchase,,,
1405,,,,
1406,,,,
1407,,,,
1408,,,,
1409,,,,
1410,,,,
1411,,,,
1412,Days_Since_Last_Purchase,,,
1413,,,,
1414,Days_Since_Last_Purchase,,,
1415,,,,
1416,,,,Email_Open_Rate
1417,,,,
1418,,,,
1419,,,,Discount_Usage_Rate
1420,,,,
1421,Returns_Rate,,Customer_Service_Calls,
1422,Cart_Abandonment_Rate,,Cart_Abandonment_Rate,
1423,,,,
1424,,,,
1425,Days_Since_Last_Purchase,,,
1426,,,,
1427,"Days_Since_Last_Purchase,Social_Media_Engagement_Score",,,
1428,Cart_Abandonment_Rate,,,Age
1429,,,,
1430,,,,
1431,,,,
1432,,,,
1433,,,,Social_Media_Engagement_Score
1434,,,,
1435,,,,
1436,,,,
1437,,,,
1438,,,,
1439,,,,
1440,,Membership_Years,,
1441,,,,
1442,,,,
1443,,,,
1444,Login_Frequency,,,
1445,,,,Login_Frequency
1446,,,,
1447,,,,
1448,,,,
1449,,,,
1450,Login_Frequency,,,
1451,Customer_Service_Calls,,,
1452,Days_Since_Last_Purchase,Days_Since_Last_Purchase,,
1453,,,,
1454,,,,
1455,Cart_Abandonment_Rate,,,
1456,,,,
1457,,,Mobile_App_Usage,
1458,Age,,,
1459,,,Lifetime_Value,
1460,,,,
1461,,,,
1462,,,,
1463,Days_Since_Last_Purchase,,,
1464,,,,
1465,,,Cart_Abandonment_Rate,
1466,Days_Since_Last_Purchase,Age,,
1467,,,,
1468,,,,
1469,,,,
1470,,,,
1471,,,Age,
1472,,,,
1473,,,,
1474,Membership_Years,,,
1475,Discount_Usage_Rate,,"Login_Frequency,Mobile_App_Usage,Session_Duration_Avg",
1476,,,Cart_Abandonment_Rate,
1477,Membership_Years,,,
1478,,,"Login_Frequency,Social_Media_Engagement_Score",
1479,,,,
1480,,,,
1481,,,,
1482,Returns_Rate,,,
1483,,,,
1484,,,,
1485,Login_Frequency,,,
1486,,,,
1487,Login_Frequency,,,
1488,Cart_Abandonment_Rate,,Cart_Abandonment_Rate,
1489,Login_Frequency,,,
1490,,,,
1491,Cart_Abandonment_Rate,,,
1492,Days_Since_Last_Purchase,,,
1493,Credit_Balance,,,
1494,,,,
1495,Customer_Service_Calls,,Customer_Service_Calls,
1496,,,,
1497,,,"Login_Frequency,Social_Media_Engagement_Score",
1498,,,Age,
1499,,Returns_Rate,Discount_Usage_Rate,
1500,Social_Media_Engagement_Score,,,
1501,,,,
1502,,,,
1503,Days_Since_Last_Purchase,,,
1504,,,,
1505,"Membership_Years,Returns_Rate",,,
1506,,,,
1507,Days_Since_Last_Purchase,,,
1508,Returns_Rate,,,
1509,Discount_Usage_Rate,,Discount_Usage_Rate,
1510,,,,Age
1511,,,,
1512,,,,
1513,,,,
1514,,,,
1515,,,Age,
1516,,,,
1517,,,,
1518,,,,
1519,,,,
1520,Membership_Years,,Age,Age
1521,,,,
1522,Days_Since_Last_Purchase,,,
1523,,,,
1524,,,,
1525,Mobile_App_Usage,,,
1526,,,,
1527,,,,
1528,Returns_Rate,,Login_Frequency,"Average_Order_Value,Login_Frequency"
1529,Age,,,Discount_Usage_Rate
1530,"Email_Open_Rate,Total_Purchases",,,
1531,Lifetime_Value,Days_Since_Last_Purchase,,
1532,,,,
1533,Login_Frequency,,,
1534,,,Age,
1535,Days_Since_Last_Purchase,Days_Since_Last_Purchase,,
1536,,,,
1537,,,,
1538,,,,
1539,,,,
1540,,,,
1541,,,,
1542,,,,
1543,"Returns_Rate,Total_Purchases",,,
1544,"Customer_Service_Calls,Mobile_App_Usage",,Customer_Service_Calls,
1545,,,,
1546,,,,
1547,,,,
1548,,,,
1549,Days_Since_Last_Purchase,,,
1550,,,,
1551,,,,
1552,,,,
1553,,,,
1554,Returns_Rate,,,
1555,,,,
1556,,,,
1557,,,,
1558,,,,
1559,,,,
1560,Days_Since_Last_Purchase,Login_Frequency,,
1561,,,,
1562,,,,
1563,,,,
1564,Discount_Usage_Rate,,,
1565,Returns_Rate,,,
1566,Customer_Service_Calls,,,
1567,Cart_Abandonment_Rate,,,
1568,,,,
1569,,,,
1570,"Login_Frequency,Returns_Rate",,,
1571,,,,
1572,,,,
1573,,,,
1574,,,,
1575,Days_Since_Last_Purchase,,,
1576,,,,
1577,,,,
1578,"Cart_Abandonment_Rate,Days_Since_Last_Purchase",,,
1579,,,,
1580,,,Cart_Abandonment_Rate,
1581,"Cart_Abandonment_Rate,Discount_Usage_Rate","Cart_Abandonment_Rate,Discount_Usage_Rate",,
1582,,,Session_Duration_Avg,
1583,"Login_Frequency,Social_Media_Engagement_Score",Age,,
1584,,,"Discount_Usage_Rate,Session_Duration_Avg",
1585,,,,
1586,,,,
1587,,,,
1588,Customer_Service_Calls,,Email_Open_Rate,"Customer_Service_Calls,Lifetime_Value"
1589,,,,
1590,Days_Since_Last_Purchase,,,
1591,"Cart_Abandonment_Rate,Credit_Balance",,"Cart_Abandonment_Rate,Login_Frequency",
1592,,,,
1593,Social_Media_Engagement_Score,,,
1594,,,,
1595,,,,
1596,,,,
1597,,,,
1598,,,,
1599,,,,
1600,,,,
1601,,,,
1602,,,,
1603,,,,
1604,,,,
1605,,,,
1606,"Customer_Service_Calls,Days_Since_Last_Purchase",,"Cart_Abandonment_Rate,Customer_Service_Calls,Returns_Rate",
1607,"Discount_Usage_Rate,Login_Frequency",,,Age
1608,Days_Since_Last_Purchase,,,
1609,Customer_Service_Calls,,,
1610,,,Customer_Service_Calls,
1611,,,Age,
1612,,,"Email_Open_Rate,Login_Frequency,Social_Media_Engagement_Score",
1613,"Login_Frequency,Returns_Rate",,,
1614,,,,
1615,,,,
1616,"Days_Since_Last_Purchase,Login_Frequency",,,
1617,,,,
1618,Membership_Years,,,
1619,Membership_Years,,Login_Frequency,
1620,,,,
1621,Returns_Rate,,,
1622,Days_Since_Last_Purchase,,,
1623,Cart_Abandonment_Rate,,,
1624,,,Login_Frequency,
1625,,,,
1626,,,,
1627,Lifetime_Value,"Customer_Service_Calls,Lifetime_Value",,
1628,,,,
1629,Days_Since_Last_Purchase,,,
1630,,,,
1631,"Cart_Abandonment_Rate,Email_Open_Rate",Cart_Abandonment_Rate,,
1632,,,,Session_Duration_Avg
1633,,,,
1634,Membership_Years,,,
1635,Days_Since_Last_Purchase,,,
1636,Days_Since_Last_Purchase,,,Discount_Usage_Rate
1637,,,,
1638,,,,
1639,Days_Since_Last_Purchase,Days_Since_Last_Purchase,,Age
1640,,,,
1641,Days_Since_Last_Purchase,,,
1642,,,,
1643,,,,
1644,,,,
1645,Login_Frequency,,,
1646,,,,
1647,,Discount_Usage_Rate,Mobile_App_Usage,Mobile_App_Usage
1648,"Email_Open_Rate,Social_Media_Engagement_Score",,,Customer_Service_Calls
1649,Returns_Rate,,Discount_Usage_Rate,
1650,,,,
1651,,,,
1652,Total_Purchases,,,Lifetime_Value
1653,"Cart_Abandonment_Rate,Membership_Years",,,
1654,,,,
1655,"Login_Frequency,Returns_Rate",,,
1656,,,,
1657,,,,
1658,,,,
1659,"Discount_Usage_Rate,Returns_Rate",,,
1660,,,,
1661,,,,
1662,,,,
1663,,,Session_Duration_Avg,
1664,,,,
1665,,,"Email_Open_Rate,Social_Media_Engagement_Score",
1666,,,,
1667,,,,
1668,,,,
1669,,,Session_Duration_Avg,
1670,,,,
1671,"Days_Since_Last_Purchase,Discount_Usage_Rate",,,
1672,,Discount_Usage_Rate,,
1673,"Credit_Balance,Membership_Years",Membership_Years,Lifetime_Value,
1674,,,,
1675,,,,
1676,,,,
1677,,,,
1678,,,,
1679,Cart_Abandonment_Rate,,,
1680,,,,
1681,,,,
1682,,,Lifetime_Value,
1683,"Lifetime_Value,Returns_Rate",,,
1684,,,,
1685,,,Discount_Usage_Rate,
1686,,,,
1687,"Cart_Abandonment_Rate,Days_Since_Last_Purchase",,,
1688,,,,
1689,,,,
1690,,,,
1691,,,,
1692,,,,
1693,Discount_Usage_Rate,,,
1694,"Customer_Service_Calls,Discount_Usage_Rate",,,
1695,,,,
1696,,Login_Frequency,,
1697,"Cart_Abandonment_Rate,Discount_Usage_Rate","Cart_Abandonment_Rate,Discount_Usage_Rate",,
1698,,,,
1699,,,Session_Duration_Avg,
1700,,,,
1701,,,,
1702,,,,
1703,,,,
1704,,,,
1705,"Login_Frequency,Social_Media_Engagement_Score",,,
1706,,,,
1707,,,,
1708,,,,
1709,,,,Discount_Usage_Rate
1710,Credit_Balance,,,
1711,"Days_Since_Last_Purchase,Login_Frequency",,,
1712,Membership_Years,,,
1713,Returns_Rate,,,
1714,,,,
1715,,,,
1716,Email_Open_Rate,,,
1717,,,,
1718,,,,
1719,Days_Since_Last_Purchase,,,
1720,,,,
1721,,,,
1722,,,,
1723,,,,
1724,,,,
1725,,,,
1726,,,,
1727,,,,
1728,,,,
1729,,,,
1730,,,,
1731,Days_Since_Last_Purchase,,,
1732,,,,
1733,,Lifetime_Value,"Discount_Usage_Rate,Lifetime_Value",Age
1734,Cart_Abandonment_Rate,,,
1735,,,,
1736,Days_Since_Last_Purchase,,,Customer_Service_Calls
1737,"Days_Since_Last_Purchase,Social_Media_Engagement_Score",,,
1738,Login_Frequency,,,
1739,,,,
1740,,Days_Since_Last_Purchase,Discount_Usage_Rate,
1741,,Social_Media_Engagement_Score,,
1742,,,,
1743,,,,
1744,,,,
1745,,,,
1746,Days_Since_Last_Purchase,,,
1747,Cart_Abandonment_Rate,,,
1748,,,,
1749,Login_Frequency,,,
1750,Customer_Service_Calls,,,Age
1751,,,,
1752,,,,
1753,,,,
1754,,,,
1755,,,Age,Age
1756,,,Customer_Service_Calls,
1757,,,,
1758,,,,
1759,,,,
1760,Social_Media_Engagement_Score,,,
1761,,,,
1762,"Cart_Abandonment_Rate,Days_Since_Last_Purchase",,,"Cart_Abandonment_Rate,Membership_Years"
1763,,,,
1764,,,,
1765,,,,
1766,,,Age,Age
1767,,,,
1768,,,,
1769,Cart_Abandonment_Rate,,,
1770,,,,
1771,,,Mobile_App_Usage,
1772,Discount_Usage_Rate,,,
1773,,,,
1774,,,Login_Frequency,
1775,,,,
1776,Days_Since_Last_Purchase,Cart_Abandonment_Rate,,
1777,,,,
1778,,,,
1779,Membership_Years,,,
1780,,,,
1781,,,,
1782,,,,
1783,,,Login_Frequency,
1784,,,,
1785,,,,
1786,,,,
1787,,,,
1788,Cart_Abandonment_Rate,,,
1789,Returns_Rate,,,
1790,,,,
1791,Days_Since_Last_Purchase,,Cart_Abandonment_Rate,
1792,,,,
1793,,,,
1794,Cart_Abandonment_Rate,,,
1795,Age,,,Age
1796,,,,
1797,,,,
1798,,,,
1799,Returns_Rate,,,
1800,"Returns_Rate,Social_Media_Engagement_Score",,,
1801,,,,
1802,Returns_Rate,,,
1803,"Membership_Years,Total_Purchases",,Age,
1804,Membership_Years,,,
1805,,,,Age
1806,,,,
1807,,,,
1808,Average_Order_Value,,,
1809,,,,
1810,,,,
1811,,,Discount_Usage_Rate,
1812,,,,
1813,,,,
1814,,,,
1815,Mobile_App_Usage,,,
1816,Days_Since_Last_Purchase,,,
1817,Days_Since_Last_Purchase,,,
1818,"Discount_Usage_Rate,Login_Frequency",,,
1819,,,,
1820,,,,
1821,,,,
1822,"Email_Open_Rate,Mobile_App_Usage,Returns_Rate",,,
1823,,Customer_Service_Calls,,
1824,,,,
1825,,,,
1826,Membership_Years,,,
1827,,,Login_Frequency,
1828,,,,
1829,,,,
1830,,,,
1831,,,,
1832,,,,
1833,Days_Since_Last_Purchase,,,
1834,,,,
1835,,,"Discount_Usage_Rate,Mobile_App_Usage",
1836,,,,
1837,,,,
1838,,,Mobile_App_Usage,
1839,,,,
1840,,,Discount_Usage_Rate,
1841,"Days_Since_Last_Purchase,Returns_Rate",,Age,
1842,,,,
1843,Days_Since_Last_Purchase,,,
1844,Cart_Abandonment_Rate,,,
1845,,,,
1846,,,,
1847,,,,
1848,,,,
1849,Login_Frequency,,,
1850,,,,
1851,,,,
1852,,,,
1853,Days_Since_Last_Purchase,,,
1854,,,,
1855,"Cart_Abandonment_Rate,Days_Since_Last_Purchase,Returns_Rate",Days_Since_Last_Purchase,,
1856,Discount_Usage_Rate,,,
1857,,,,
1858,Lifetime_Value,,,
1859,,,,
1860,Discount_Usage_Rate,,,
1861,Customer_Service_Calls,Customer_Service_Calls,,
1862,Days_Since_Last_Purchase,,,
1863,,Cart_Abandonment_Rate,,
1864,,,,
1865,,,,
1866,,,,
1867,,,,
1868,,,,
1869,,,,
1870,,,,
1871,Credit_Balance,,Customer_Service_Calls,
1872,,,,
1873,,Lifetime_Value,,
1874,,,,
1875,,,,
1876,,,,
1877,Days_Since_Last_Purchase,,,
1878,,,,
1879,,,,
1880,,,Cart_Abandonment_Rate,
1881,Returns_Rate,,,
1882,,,Days_Since_Last_Purchase,
1883,,,,
1884,,,,
1885,,,,
1886,Days_Since_Last_Purchase,,,
1887,,,,
1888,,,,
1889,,,,
1890,,,Membership_Years,
1891,"Returns_Rate,Social_Media_Engagement_Score",,,
1892,,,,
1893,,,,
1894,,,,
1895,,,,
1896,,,,
1897,,,,
1898,,,,
1899,Customer_Service_Calls,,,
1900,,,,
1901,Discount_Usage_Rate,,,
1902,Cart_Abandonment_Rate,,,
1903,,,,
1904,,,,
1905,,,Session_Duration_Avg,
1906,,,,
1907,,,,
1908,,,,
1909,,,,
1910,Discount_Usage_Rate,,,Session_Duration_Avg
1911,,,,
1912,,,Lifetime_Value,
1913,,,,
1914,,,,
1915,Mobile_App_Usage,,"Login_Frequency,Mobile_App_Usage,Session_Duration_Avg",
1916,Social_Media_Engagement_Score,,,
1917,,,,
1918,Days_Since_Last_Purchase,,,
1919,,,,
1920,,,,
1921,,,,
1922,Login_Frequency,,,Customer_Service_Calls
1923,Days_Since_Last_Purchase,,,
1924,Days_Since_Last_Purchase,,,
1925,Mobile_App_Usage,,Social_Media_Engagement_Score,
1926,"Discount_Usage_Rate,Social_Media_Engagement_Score",,,
1927,Login_Frequency,,,
1928,,Days_Since_Last_Purchase,Cart_Abandonment_Rate,
1929,Customer_Service_Calls,,Customer_Service_Calls,Social_Media_Engagement_Score
1930,"Age,Cart_Abandonment_Rate",,,Age
1931,,,,
1932,,Returns_Rate,,
1933,Customer_Service_Calls,,Customer_Service_Calls,
1934,,,,Login_Frequency
1935,,,,
1936,,,,
1937,"Average_Order_Value,Customer_Service_Calls",,,
1938,,,,
1939,,,,
1940,,,,
1941,,,,
1942,Days_Since_Last_Purchase,,,
1943,,,,
1944,,,,
1945,,,,
1946,,,,
1947,,,,
1948,,,,
1949,Days_Since_Last_Purchase,Days_Since_Last_Purchase,,
1950,Discount_Usage_Rate,,,
1951,,,,
1952,,,,
1953,,,,
1954,,,,
1955,,,,
1956,"Cart_Abandonment_Rate,Days_Since_Last_Purchase,Login_Frequency",,,
1957,,,,
1958,,,,
1959,Cart_Abandonment_Rate,,Cart_Abandonment_Rate,
1960,,,,
1961,,,,
1962,,,,
1963,,,,
1964,,,,
1965,Membership_Years,,,
1966,,,,
1967,,,,
1968,,,,
1969,Lifetime_Value,,Age,Age
1970,,,,
1971,,,,
1972,"Cart_Abandonment_Rate,Days_Since_Last_Purchase",,,
1973,"Cart_Abandonment_Rate,Customer_Service_Calls,Membership_Years",Customer_Service_Calls,,Cart_Abandonment_Rate
1974,"Lifetime_Value,Returns_Rate",,,
1975,Lifetime_Value,,,
1976,,,,
1977,,,"Customer_Service_Calls,Discount_Usage_Rate",
1978,Membership_Years,,,
1979,,,,
1980,Customer_Service_Calls,,Customer_Service_Calls,Customer_Service_Calls
1981,,,,
1982,,,,
1983,Customer_Service_Calls,,,
1984,,,"Discount_Usage_Rate,Mobile_App_Usage",
1985,,,,
1986,,,,
1987,,,,
1988,"Discount_Usage_Rate,Email_Open_Rate",,,
1989,Discount_Usage_Rate,,,
1990,Membership_Years,,,
1991,,,,
1992,,,,
1993,,Days_Since_Last_Purchase,,
1994,,,,
1995,,,,
1996,Discount_Usage_Rate,Days_Since_Last_Purchase,,
1997,,,,
1998,,,,
1999,Discount_Usage_Rate,,Lifetime_Value,
2000,,,,
2001,,,,
2002,,,,
2003,,,,
2004,,,,
2005,,,,
2006,,,,
2007,,,,
2008,,,,
2009,,,"Login_Frequency,Social_Media_Engagement_Score",
2010,,,,
2011,Social_Media_Engagement_Score,,,
2012,,,,
2013,,,,
2014,,,,
2015,"Days_Since_Last_Purchase,Social_Media_Engagement_Score",,,Age
2016,Total_Purchases,,,
2017,,,,
2018,,,,
2019,,,,
2020,,,Customer_Service_Calls,
2021,,,Customer_Service_Calls,
2022,"Average_Order_Value,Days_Since_Last_Purchase,Membership_Years",Membership_Years,,
2023,Membership_Years,,,
2024,,,,
2025,Customer_Service_Calls,Customer_Service_Calls,,
2026,"Login_Frequency,Social_Media_Engagement_Score",,,
2027,,,,
2028,,,,
2029,,,,
2030,,,,
2031,,,,
2032,,,,
2033,,,,
2034,"Returns_Rate,Social_Media_Engagement_Score",,,
2035,,,,
2036,,,,
2037,,,,
2038,,,,
2039,,,,
2040,Days_Since_Last_Purchase,,,
2041,,,,
2042,Days_Since_Last_Purchase,Discount_Usage_Rate,,
2043,,,,
2044,Customer_Service_Calls,,,
2045,Days_Since_Last_Purchase,,,
2046,Age,Email_Open_Rate,,Age
2047,,,,
2048,,,,
2049,Days_Since_Last_Purchase,,,
2050,,,,
2051,Lifetime_Value,,,
2052,,,,
2053,,,,
2054,,,,
2055,,,,
2056,,,,
2057,,,,
2058,,,,
2059,,,,
2060,,,,
2061,Credit_Balance,,,
2062,,,Email_Open_Rate,
2063,,,,
2064,"Days_Since_Last_Purchase,Returns_Rate",,,
2065,,,,
2066,Membership_Years,,Cart_Abandonment_Rate,"Login_Frequency,Social_Media_Engagement_Score"
2067,,,,
2068,,,,
2069,,,Lifetime_Value,
2070,,,,
2071,,,,
2072,,,,
2073,Days_Since_Last_Purchase,,,
2074,,,,
2075,,,,
2076,,,Social_Media_Engagement_Score,
2077,Membership_Years,,,
2078,,,,
2079,,,,
2080,,,,
2081,,,,
2082,,,,
2083,,,,
2084,,,,
2085,Days_Since_Last_Purchase,Days_Since_Last_Purchase,,
2086,"Days_Since_Last_Purchase,Discount_Usage_Rate",,,
2087,,,,
2088,Social_Media_Engagement_Score,,Cart_Abandonment_Rate,
2089,"Discount_Usage_Rate,Returns_Rate",,Social_Media_Engagement_Score,
2090,,,,
2091,,,,Discount_Usage_Rate
2092,,,,
2093,,,Cart_Abandonment_Rate,
2094,,,Login_Frequency,
2095,,,,
2096,,Membership_Years,,
2097,,,,
2098,Discount_Usage_Rate,,,
2099,,Days_Since_Last_Purchase,,
2100,,,,
2101,,,Mobile_App_Usage,
2102,Days_Since_Last_Purchase,,,
2103,Social_Media_Engagement_Score,Days_Since_Last_Purchase,,
2104,,,,
2105,Cart_Abandonment_Rate,,Cart_Abandonment_Rate,
2106,Login_Frequency,,,
2107,,,,Cart_Abandonment_Rate
2108,,,,
2109,Membership_Years,,"Lifetime_Value,Membership_Years",
2110,,,Cart_Abandonment_Rate,
2111,Discount_Usage_Rate,,,"Discount_Usage_Rate,Lifetime_Value"
2112,Days_Since_Last_Purchase,,,
2113,,,,
2114,,,,
2115,,"Lifetime_Value,Returns_Rate",,
2116,,,,
2117,Days_Since_Last_Purchase,,,
2118,,,,
2119,,,,
2120,,,,
2121,Discount_Usage_Rate,,,
2122,,,,
2123,"Cart_Abandonment_Rate,Mobile_App_Usage",,Cart_Abandonment_Rate,
2124,Returns_Rate,,,
2125,"Days_Since_Last_Purchase,Membership_Years",,,
2126,,Days_Since_Last_Purchase,,
2127,,,,
2128,Discount_Usage_Rate,,,
2129,Days_Since_Last_Purchase,,,
2130,,,,
2131,Cart_Abandonment_Rate,Cart_Abandonment_Rate,,
2132,,,,
2133,,,Cart_Abandonment_Rate,
2134,,,,
2135,,,,
2136,,,,
2137,Lifetime_Value,,,
2138,Days_Since_Last_Purchase,,,
2139,,,Discount_Usage_Rate,
2140,,,,
2141,,,Discount_Usage_Rate,
2142,Membership_Years,,,
2143,,,,
2144,,,,
2145,,,,Social_Media_Engagement_Score
2146,,,,
2147,,,,
2148,,,,
2149,,,,
2150,,,,
2151,,,,
2152,,,,
2153,Days_Since_Last_Purchase,Login_Frequency,,
2154,,,,
2155,Membership_Years,,,
2156,Days_Since_Last_Purchase,,,
2157,,,,
2158,,,,
2159,Social_Media_Engagement_Score,,,
2160,Discount_Usage_Rate,,,
2161,,,,
2162,,,,
2163,,,,
2164,Social_Media_Engagement_Score,,,
2165,Discount_Usage_Rate,,,
2166,,,,
2167,,,,
2168,,,,Discount_Usage_Rate
2169,,,,
2170,,,,
2171,Discount_Usage_Rate,Discount_Usage_Rate,,
2172,,,,
2173,"Cart_Abandonment_Rate,Returns_Rate",,,Cart_Abandonment_Rate
2174,"Login_Frequency,Social_Media_Engagement_Score",Membership_Years,,
2175,Returns_Rate,,,
2176,,,,
2177,,,,
2178,Cart_Abandonment_Rate,,Session_Duration_Avg,
2179,Login_Frequency,,,
2180,Discount_Usage_Rate,,,
2181,Days_Since_Last_Purchase,,,
2182,,,,
2183,,,,
2184,,,,
2185,,,,
2186,Lifetime_Value,,,
2187,Mobile_App_Usage,,,
2188,Discount_Usage_Rate,Lifetime_Value,,
2189,,,,
2190,,,,
2191,,,,
2192,,,,
2193,,,,
2194,,,,
2195,,,Session_Duration_Avg,
2196,,,,
2197,,,,
2198,Mobile_App_Usage,,,
2199,,,,
2200,,,,
2201,,,,
2202,Days_Since_Last_Purchase,,,
2203,,,,
2204,"Customer_Service_Calls,Email_Open_Rate",,Customer_Service_Calls,
2205,,,,
2206,Days_Since_Last_Purchase,,Login_Frequency,
2207,"Lifetime_Value,Membership_Years",,,
2208,,,,
2209,,,,
2210,,,,
2211,,,,
2212,,,,
2213,,,,
2214,Discount_Usage_Rate,,Discount_Usage_Rate,Discount_Usage_Rate
2215,Days_Since_Last_Purchase,,,
2216,,,,
2217,Social_Media_Engagement_Score,,,
2218,,,Session_Duration_Avg,
2219,,,,Lifetime_Value
2220,,,,
2221,,,,
2222,Discount_Usage_Rate,,,
2223,,,,
2224,,Days_Since_Last_Purchase,,
2225,,,,
2226,,,Average_Order_Value,
2227,,,,
2228,,,,
2229,,,,
2230,Age,,,
2231,,,,
2232,,,,
2233,,,,
2234,,,,
2235,,,,
2236,,,,
2237,Membership_Years,,,
2238,,,,
2239,"Cart_Abandonment_Rate,Lifetime_Value,Membership_Years",,"Lifetime_Value,Login_Frequency","Discount_Usage_Rate,Lifetime_Value"
2240,Returns_Rate,,,
2241,Returns_Rate,,Session_Duration_Avg,
2242,,,,
2243,,,Cart_Abandonment_Rate,"Customer_Service_Calls,Lifetime_Value"
2244,,,,
2245,,,,
2246,"Days_Since_Last_Purchase,Discount_Usage_Rate",Days_Since_Last_Purchase,,Age
2247,,,,
2248,,,,
2249,"Age,Membership_Years",,,
2250,,,,
2251,,,Login_Frequency,
2252,"Returns_Rate,Total_Purchases",,Session_Duration_Avg,
2253,,,,
2254,,,,
2255,,,,
2256,,,,
2257,,Discount_Usage_Rate,,
2258,,,,
2259,,,,
2260,Membership_Years,,,
2261,,,,
2262,,,,
2263,,,,
2264,,,,
2265,,,,
2266,Social_Media_Engagement_Score,,,
2267,,,Customer_Service_Calls,
2268,,,,
2269,,,,
2270,,,,
2271,,,,
2272,,,,
2273,,,"Login_Frequency,Mobile_App_Usage",
2274,,,,
2275,"Membership_Years,Total_Purchases",,,
2276,,Discount_Usage_Rate,,
2277,,,Discount_Usage_Rate,
2278,Days_Since_Last_Purchase,,,Days_Since_Last_Purchase
2279,Total_Purchases,,,
2280,,,,
2281,,,,
2282,,Cart_Abandonment_Rate,"Discount_Usage_Rate,Login_Frequency,Session_Duration_Avg",
2283,,,,
2284,,,,
2285,,,,
2286,Social_Media_Engagement_Score,,,
2287,Login_Frequency,Mobile_App_Usage,Discount_Usage_Rate,
2288,,,,
2289,,,,
2290,,,,
2291,,,,
2292,,,Social_Media_Engagement_Score,
2293,Discount_Usage_Rate,,Discount_Usage_Rate,
2294,Days_Since_Last_Purchase,,,
2295,,,Login_Frequency,
2296,,,Cart_Abandonment_Rate,Cart_Abandonment_Rate
2297,,,,
2298,Days_Since_Last_Purchase,,,
2299,,,Discount_Usage_Rate,
2300,,,"Credit_Balance,Login_Frequency",Credit_Balance
2301,,,,
2302,,Cart_Abandonment_Rate,Lifetime_Value,
2303,Cart_Abandonment_Rate,,,
2304,Customer_Service_Calls,,,Customer_Service_Calls
2305,Days_Since_Last_Purchase,,,
2306,,,,
2307,Login_Frequency,Credit_Balance,,
2308,,,,
2309,,,,
2310,,,,
2311,,,,
2312,,,,
2313,Lifetime_Value,,Age,
2314,,,,
2315,,,,
2316,"Credit_Balance,Membership_Years",,Lifetime_Value,
2317,,,,
2318,,,,
2319,,"Cart_Abandonment_Rate,Days_Since_Last_Purchase",,
2320,,,,
2321,Login_Frequency,,,
2322,,,,
2323,,,,
2324,,,,
2325,Discount_Usage_Rate,,,
2326,Login_Frequency,,,
2327,Days_Since_Last_Purchase,,,
2328,Average_Order_Value,,,
2329,Returns_Rate,,,
2330,,,,
2331,,,,
2332,Returns_Rate,,,
2333,Discount_Usage_Rate,,"Email_Open_Rate,Mobile_App_Usage",
2334,,,,
2335,,Discount_Usage_Rate,,
2336,,,,
2337,"Login_Frequency,Returns_Rate",,,
2338,,,,
2339,"Login_Frequency,Returns_Rate",,,
2340,Days_Since_Last_Purchase,Discount_Usage_Rate,Cart_Abandonment_Rate,
2341,"Login_Frequency,Returns_Rate",,,
2342,"Credit_Balance,Customer_Service_Calls,Days_Since_Last_Purchase",,,
2343,"Days_Since_Last_Purchase,Social_Media_Engagement_Score",,,
2344,,,,
2345,,,,
2346,,,,
2347,,,,
2348,,,,
2349,Login_Frequency,,,
2350,Cart_Abandonment_Rate,,,
2351,Login_Frequency,,,
2352,,,,
2353,Days_Since_Last_Purchase,,,
2354,,,Age,
2355,,,,
2356,,,,
2357,,,,
2358,,,,
2359,Days_Since_Last_Purchase,,,
2360,,,,
2361,,,,
2362,Lifetime_Value,,,
2363,,,,
2364,,,,
2365,"Cart_Abandonment_Rate,Email_Open_Rate",,,
2366,Customer_Service_Calls,,,
2367,,,,
2368,Discount_Usage_Rate,,Customer_Service_Calls,
2369,,,,
2370,,,,
2371,,Email_Open_Rate,Customer_Service_Calls,
2372,,,,
2373,,,,
2374,,,,
2375,,Days_Since_Last_Purchase,,
2376,Social_Media_Engagement_Score,,,
2377,Cart_Abandonment_Rate,,,
2378,,,,
2379,,Membership_Years,,
2380,,,,
2381,,,,
2382,"Discount_Usage_Rate,Social_Media_Engagement_Score",,,
2383,,,,
2384,,,,
2385,,,,
2386,"Days_Since_Last_Purchase,Login_Frequency",Age,,
2387,,,,
2388,,,,
2389,Social_Media_Engagement_Score,,Session_Duration_Avg,
2390,,,,
2391,,,,
2392,Discount_Usage_Rate,,,
2393,,,,
2394,,,,
2395,,,,
2396,Days_Since_Last_Purchase,,,
2397,,,,
2398,,,,
2399,"Login_Frequency,Returns_Rate",Customer_Service_Calls,,Mobile_App_Usage
2400,"Customer_Service_Calls,Email_Open_Rate",,,
2401,,,,
2402,Login_Frequency,,,
2403,,,,
2404,,,,
2405,,,,
2406,Days_Since_Last_Purchase,,,
2407,,,,
2408,,,,
2409,"Lifetime_Value,Membership_Years",,,
2410,,,,
2411,,,,
2412,"Credit_Balance,Lifetime_Value,Membership_Years",,,
2413,,,,
2414,,,,
2415,Discount_Usage_Rate,,Cart_Abandonment_Rate,
2416,Credit_Balance,,,
2417,Days_Since_Last_Purchase,Age,,
2418,"Cart_Abandonment_Rate,Login_Frequency",,,
2419,Discount_Usage_Rate,,,
2420,,,Social_Media_Engagement_Score,
2421,,Days_Since_Last_Purchase,,
2422,,,,
2423,,,,
2424,,,,
2425,Days_Since_Last_Purchase,,,
2426,,,,
2427,,,,
2428,,,Discount_Usage_Rate,
2429,,,Cart_Abandonment_Rate,
2430,Customer_Service_Calls,,,
2431,Age,,,
2432,Login_Frequency,,Lifetime_Value,
2433,,,,
2434,,,,
2435,Age,,,Age
2436,Total_Purchases,,Mobile_App_Usage,
2437,,,,
2438,,,,
2439,,,,
2440,,,Discount_Usage_Rate,
2441,,,,Lifetime_Value
2442,,,,
2443,Returns_Rate,,,
2444,Login_Frequency,,,
2445,,,,
2446,,,,
2447,,,,
2448,,,,
2449,,,,
2450,,,,
2451,,,,
2452,,,,
2453,Customer_Service_Calls,Days_Since_Last_Purchase,,
2454,,,,
2455,,,Discount_Usage_Rate,
2456,,,,
2457,Days_Since_Last_Purchase,,,
2458,,,,
2459,,,Lifetime_Value,
2460,,,,
2461,,,,
2462,,,,
2463,,,,
2464,,,,
2465,,,,
2466,Social_Media_Engagement_Score,,,
2467,"Membership_Years,Returns_Rate",,,
2468,Lifetime_Value,,,
2469,,,,
2470,,,,
2471,,,,
2472,Days_Since_Last_Purchase,,,
2473,,,,
2474,Days_Since_Last_Purchase,,,
2475,Discount_Usage_Rate,,,
2476,"Credit_Balance,Membership_Years",,,Age
2477,,,,
2478,,,,
2479,,,,
2480,,,,
2481,,,,
2482,,,,
2483,,,,
2484,,,,
2485,,,,"Login_Frequency,Social_Media_Engagement_Score"
2486,,,,
2487,Lifetime_Value,,,
2488,,,,
2489,,,,
2490,,,,
2491,,,,Returns_Rate
2492,,,,
2493,Cart_Abandonment_Rate,,,
2494,,,,
2495,,,,
2496,Days_Since_Last_Purchase,,,
2497,,,,
2498,,,,
2499,,,,
2500,,,,
2501,,,,
2502,,,,
2503,,,,
2504,,,,
2505,,,,
2506,,,,
2507,Customer_Service_Calls,,Customer_Service_Calls,Cart_Abandonment_Rate
2508,,,,
2509,,,,
2510,,,,
2511,Membership_Years,,"Login_Frequency,Session_Duration_Avg",
2512,,,,
2513,,,Age,
2514,,,,
2515,,,,
2516,,,,
2517,,,,
2518,,,,
2519,,,,
2520,,,,
2521,Returns_Rate,Discount_Usage_Rate,Customer_Service_Calls,
2522,Membership_Years,,,
2523,,,,
2524,,,,
2525,Login_Frequency,,,
2526,,,,
2527,Login_Frequency,,,
2528,,Discount_Usage_Rate,,
2529,,,,
2530,Discount_Usage_Rate,,,
2531,,,,
2532,,,,
2533,,,,
2534,,,,
2535,,,,
2536,Login_Frequency,,,
2537,"Login_Frequency,Returns_Rate",,,
2538,,,,
2539,,,,
2540,,,,
2541,Days_Since_Last_Purchase,,,
2542,,,,
2543,Membership_Years,,,
2544,"Login_Frequency,Social_Media_Engagement_Score",,,
2545,,,,
2546,,,,
2547,Login_Frequency,,,
2548,,,,
2549,,,,
2550,,,,
2551,,,Discount_Usage_Rate,
2552,,,,
2553,,,Mobile_App_Usage,
2554,,,Mobile_App_Usage,
2555,,,,
2556,,,,
2557,,,,
2558,Returns_Rate,,,
2559,,,,
2560,,,,Social_Media_Engagement_Score
2561,Mobile_App_Usage,,,
2562,,,,
2563,,,,
2564,Days_Since_Last_Purchase,,Days_Since_Last_Purchase,
2565,Returns_Rate,,,
2566,,,,
2567,,,,
2568,Days_Since_Last_Purchase,,,
2569,,,,
2570,,,,
2571,,,,
2572,Age,"Age,Membership_Years",Age,
2573,,,,
2574,,,,
2575,,,,
2576,Login_Frequency,,,
2577,,,,
2578,,,,
2579,Total_Purchases,,,
2580,,Lifetime_Value,Customer_Service_Calls,
2581,,,,
2582,Cart_Abandonment_Rate,Membership_Years,,Cart_Abandonment_Rate
2583,,,Credit_Balance,
2584,,,,
2585,,,,
2586,Membership_Years,,,
2587,Days_Since_Last_Purchase,,,
2588,"Discount_Usage_Rate,Login_Frequency",Cart_Abandonment_Rate,,Cart_Abandonment_Rate
2589,,,,
2590,"Cart_Abandonment_Rate,Mobile_App_Usage",,,
2591,,,,
2592,,,,
2593,,,,
2594,Days_Since_Last_Purchase,,,Discount_Usage_Rate
2595,Membership_Years,,,
2596,,,,
2597,,,"Login_Frequency,Mobile_App_Usage",
2598,,,,Age
2599,,,,
2600,Total_Purchases,,,
2601,,,Discount_Usage_Rate,
2602,,,Login_Frequency,
2603,Days_Since_Last_Purchase,,,
2604,,,,
2605,,,,
2606,,,,
2607,Social_Media_Engagement_Score,Days_Since_Last_Purchase,,
2608,,,,
2609,,,,
2610,,,,
2611,,,,
2612,,,,Lifetime_Value
2613,,,,
2614,Login_Frequency,,,
2615,,,,
2616,,,,
2617,,,,
2618,,,,
2619,,,,
2620,,,,
2621,,,,
2622,,,,
2623,"Lifetime_Value,Membership_Years",,,Lifetime_Value
2624,Returns_Rate,,,
2625,,,,
2626,,,,
2627,Returns_Rate,Discount_Usage_Rate,,
2628,,,,
2629,,,,
2630,Social_Media_Engagement_Score,,,
2631,,,,
2632,"Membership_Years,Returns_Rate",,,
2633,,,,
2634,,,,
2635,Days_Since_Last_Purchase,,,
2636,,,Session_Duration_Avg,
2637,,,,
2638,,,,
2639,,,,
2640,,,,
2641,,,,
2642,Days_Since_Last_Purchase,,,
2643,Cart_Abandonment_Rate,,,
2644,,,,
2645,Cart_Abandonment_Rate,,,
2646,,Cart_Abandonment_Rate,,
2647,,,Discount_Usage_Rate,
2648,,,,
2649,,,,
2650,Discount_Usage_Rate,,,
2651,,,,
2652,,,,
2653,,,,
2654,Returns_Rate,,,
2655,"Login_Frequency,Returns_Rate",,,
2656,,,,
2657,,,,
2658,,,,
2659,,,Session_Duration_Avg,
2660,,,,
2661,,,,
2662,Social_Media_Engagement_Score,,,
2663,Cart_Abandonment_Rate,,,
2664,Cart_Abandonment_Rate,,,
2665,,,,
2666,,,,
2667,"Cart_Abandonment_Rate,Customer_Service_Calls",,,
2668,,,,
2669,,,,
2670,,,,
2671,,,Mobile_App_Usage,
2672,Login_Frequency,,Login_Frequency,
2673,"Age,Discount_Usage_Rate",,Age,
2674,,,,
2675,,,,
2676,,,,
2677,,,,
2678,,,,
2679,,,,
2680,,,,
2681,,,,
2682,Login_Frequency,,,
2683,,,,
2684,Returns_Rate,,,
2685,,,,
2686,Returns_Rate,,,
2687,,,,
2688,Social_Media_Engagement_Score,,,
2689,,,Average_Order_Value,
2690,Returns_Rate,,,
2691,,,,
2692,Days_Since_Last_Purchase,,"Cart_Abandonment_Rate,Social_Media_Engagement_Score",
2693,,,Login_Frequency,
2694,Days_Since_Last_Purchase,,,
2695,Returns_Rate,,,
2696,,,,
2697,,,,
2698,,,,
2699,,,,
2700,,Discount_Usage_Rate,,
2701,,,,
2702,Returns_Rate,,,
2703,Days_Since_Last_Purchase,,Age,
2704,,,,
2705,,,,
2706,,,,
2707,,,Login_Frequency,
2708,Login_Frequency,,,
2709,,,"Login_Frequency,Mobile_App_Usage",
2710,Discount_Usage_Rate,,,
2711,Membership_Years,,,
2712,Customer_Service_Calls,Customer_Service_Calls,Customer_Service_Calls,
2713,,,,
2714,,,Login_Frequency,
2715,Days_Since_Last_Purchase,,Lifetime_Value,
2716,,,,
2717,Discount_Usage_Rate,"Age,Discount_Usage_Rate","Customer_Service_Calls,Email_Open_Rate,Login_Frequency,Session_Duration_Avg","Email_Open_Rate,Login_Frequency"
2718,"Discount_Usage_Rate,Membership_Years",,,
2719,,,,
2720,"Days_Since_Last_Purchase,Discount_Usage_Rate",,Lifetime_Value,
2721,,,,
2722,,,,Login_Frequency
2723,,,,
2724,,,,
2725,,,,
2726,,,,
2727,"Customer_Service_Calls,Login_Frequency,Membership_Years",,Customer_Service_Calls,
2728,,,,
2729,,,,
2730,,,,
2731,,,,
2732,,,,
2733,Days_Since_Last_Purchase,,,
2734,,,,
2735,,,,
2736,,,,
2737,Discount_Usage_Rate,,,
2738,,,,
2739,Login_Frequency,,,"Mobile_App_Usage,Social_Media_Engagement_Score"
2740,,,"Cart_Abandonment_Rate,Email_Open_Rate",
2741,,,,
2742,"Login_Frequency,Returns_Rate",,,
2743,,,,
2744,"Membership_Years,Returns_Rate",,,
2745,,,,
2746,Days_Since_Last_Purchase,,,
2747,,,,
2748,,,,
2749,,,,
2750,,,,
2751,,,Discount_Usage_Rate,
2752,,Age,,
2753,,,,
2754,,,,
2755,,,,
2756,Customer_Service_Calls,,,
2757,,,,
2758,,,,
2759,,,,
2760,,,,
2761,,Login_Frequency,Lifetime_Value,Lifetime_Value
2762,,,,
2763,,,Age,
2764,"Cart_Abandonment_Rate,Email_Open_Rate",,,
2765,Lifetime_Value,,,
2766,,,,
2767,,,,
2768,,,,
2769,Membership_Years,,,
2770,,,,
2771,,,,
2772,,,,
2773,"Customer_Service_Calls,Days_Since_Last_Purchase,Membership_Years",,Cart_Abandonment_Rate,
2774,,,,
2775,,,,
2776,,,,
2777,,,,
2778,,,,
2779,Days_Since_Last_Purchase,,,Age
2780,Discount_Usage_Rate,,Customer_Service_Calls,Customer_Service_Calls
2781,,,Cart_Abandonment_Rate,
2782,,,,
2783,,Days_Since_Last_Purchase,,
2784,,,,
2785,Email_Open_Rate,,,
2786,,,,
2787,,,,
2788,Discount_Usage_Rate,Cart_Abandonment_Rate,Discount_Usage_Rate,
2789,,,,
2790,,,,
2791,,,,
2792,Returns_Rate,,,
2793,"Days_Since_Last_Purchase,Returns_Rate",,,
2794,Customer_Service_Calls,,,Customer_Service_Calls
2795,,,,
2796,,,,
2797,,,,
2798,,,,
2799,,,,
2800,Cart_Abandonment_Rate,,,
2801,,,,
2802,,,,
2803,,,,
2804,,,,
2805,"Days_Since_Last_Purchase,Login_Frequency,Mobile_App_Usage",,,
2806,,,,
2807,Customer_Service_Calls,,Customer_Service_Calls,
2808,,,,
2809,,,,
2810,,,,
2811,,,,
2812,,,,
2813,,,,
2814,Days_Since_Last_Purchase,,,
2815,,,Cart_Abandonment_Rate,
2816,Days_Since_Last_Purchase,,,Discount_Usage_Rate
2817,,,,
2818,,,,
2819,,,Lifetime_Value,
2820,Days_Since_Last_Purchase,,,
2821,,,,
2822,,,,
2823,Days_Since_Last_Purchase,,,
2824,,,,
2825,,,,
2826,,,,
2827,Days_Since_Last_Purchase,,,
2828,,,,
2829,,,,
2830,,,,
2831,,,,
2832,,,,
2833,,,,
2834,Cart_Abandonment_Rate,,Cart_Abandonment_Rate,
2835,,,Lifetime_Value,
2836,Returns_Rate,,,
2837,,,,
2838,"Discount_Usage_Rate,Social_Media_Engagement_Score",,,
2839,"Days_Since_Last_Purchase,Returns_Rate",,,
2840,Days_Since_Last_Purchase,,,
2841,,,,
2842,,,Cart_Abandonment_Rate,
2843,Membership_Years,,,
2844,,,,
2845,,,,
2846,,,,
2847,,,,
2848,"Mobile_App_Usage,Returns_Rate",,,
2849,"Mobile_App_Usage,Returns_Rate",,,
2850,Returns_Rate,,,
2851,Cart_Abandonment_Rate,,,
2852,Days_Since_Last_Purchase,,,
2853,"Discount_Usage_Rate,Login_Frequency",,,
2854,,,,
2855,,,Discount_Usage_Rate,
2856,,,,
2857,,,,
2858,,,,
2859,,,,
2860,,,,
2861,,,,
2862,,,,
2863,,,,
2864,"Customer_Service_Calls,Returns_Rate",,,
2865,Returns_Rate,,,
2866,,,,
2867,Membership_Years,,,
2868,,,Lifetime_Value,
2869,,,,Cart_Abandonment_Rate
2870,Returns_Rate,,,
2871,,,,
2872,,Membership_Years,Cart_Abandonment_Rate,
2873,"Cart_Abandonment_Rate,Days_Since_Last_Purchase",Days_Since_Last_Purchase,,
2874,,,Cart_Abandonment_Rate,
2875,,,,
2876,Cart_Abandonment_Rate,,Age,
2877,,,Login_Frequency,
2878,,,Age,
2879,,,,
2880,"Cart_Abandonment_Rate,Days_Since_Last_Purchase",Days_Since_Last_Purchase,,
2881,Login_Frequency,,,
2882,,,,
2883,Cart_Abandonment_Rate,Cart_Abandonment_Rate,,
2884,,,,
2885,,,,
2886,Social_Media_Engagement_Score,,,
2887,,,,
2888,Days_Since_Last_Purchase,,,
2889,Days_Since_Last_Purchase,,,
2890,,,,
2891,,,,
2892,,,,
2893,,,,
2894,,,,
2895,,,,
2896,,,,
2897,"Lifetime_Value,Membership_Years",,Lifetime_Value,
2898,,,,
2899,"Days_Since_Last_Purchase,Social_Media_Engagement_Score",,,
2900,,,,
2901,,,,
2902,,,,
2903,Lifetime_Value,,,
2904,,,,
2905,,,,
2906,"Credit_Balance,Membership_Years",,,
2907,Days_Since_Last_Purchase,,,
2908,,,Cart_Abandonment_Rate,
2909,,,,
2910,"Customer_Service_Calls,Lifetime_Value",,Login_Frequency,Login_Frequency
2911,,,,
2912,,,,
2913,,,,
2914,,,Login_Frequency,
2915,Returns_Rate,,Age,
2916,,,,
2917,,,,
2918,,,,
2919,,,Cart_Abandonment_Rate,
2920,,,Mobile_App_Usage,
2921,,,,
2922,Login_Frequency,,,
2923,,,,
2924,,,,
2925,,,,
2926,Discount_Usage_Rate,,,
2927,,,Age,Age
2928,,,Session_Duration_Avg,
2929,Discount_Usage_Rate,,,
2930,"Lifetime_Value,Login_Frequency",,,
2931,,Social_Media_Engagement_Score,,
2932,,,,
2933,,,,
2934,Social_Media_Engagement_Score,,,
2935,,,,
2936,,,,
2937,,,Mobile_App_Usage,
2938,Days_Since_Last_Purchase,,,
2939,,,,
2940,Membership_Years,,,
2941,,,,
2942,Total_Purchases,,Mobile_App_Usage,
2943,,,,
2944,,,,
2945,,,,
2946,,,,
2947,Days_Since_Last_Purchase,,Discount_Usage_Rate,
2948,,Membership_Years,,
2949,Discount_Usage_Rate,,,
2950,,,,
2951,,,,
2952,,,,
2953,Days_Since_Last_Purchase,,,
2954,,Returns_Rate,,
2955,,Discount_Usage_Rate,,
2956,Average_Order_Value,,,
2957,,,,
2958,,,,
2959,,,,
2960,Customer_Service_Calls,,Customer_Service_Calls,
2961,,,,
2962,,,,
2963,Days_Since_Last_Purchase,,,
2964,Days_Since_Last_Purchase,,,
2965,Customer_Service_Calls,,,
2966,,Discount_Usage_Rate,,
2967,,,Membership_Years,
2968,,,,
2969,,,,
2970,Discount_Usage_Rate,,,
2971,,,Customer_Service_Calls,Email_Open_Rate
2972,,,,
2973,,,,
2974,,,,
2975,,,,
2976,,,,
2977,,,,
2978,Cart_Abandonment_Rate,,,
2979,,,,
2980,,,,
2981,"Credit_Balance,Email_Open_Rate,Membership_Years",,,
2982,,,,
2983,,,,
2984,,,,
2985,,,,
2986,Days_Since_Last_Purchase,,,
2987,,,,
2988,,,"Login_Frequency,Session_Duration_Avg",
2989,,,Mobile_App_Usage,
2990,,,,Mobile_App_Usage
2991,Days_Since_Last_Purchase,,,
2992,Cart_Abandonment_Rate,,,
2993,,,,
2994,Discount_Usage_Rate,,,
2995,,,,
2996,,,,
2997,,,,
2998,,,,
2999,,,,
3000,,,,
3001,,,,
3002,,,,
3003,Days_Since_Last_Purchase,,,
3004,"Days_Since_Last_Purchase,Lifetime_Value",,,
3005,Mobile_App_Usage,Mobile_App_Usage,,
3006,,,,
3007,,,Age,Age
3008,,,,Session_Duration_Avg
3009,,,,
3010,,,,
3011,,,,
3012,"Cart_Abandonment_Rate,Membership_Years",,Cart_Abandonment_Rate,"Login_Frequency,Mobile_App_Usage"
3013,,,,Age
3014,"Login_Frequency,Social_Media_Engagement_Score",,,
3015,Lifetime_Value,,,
3016,Discount_Usage_Rate,,Lifetime_Value,
3017,,,,
3018,,,,
3019,,,,Age
3020,,,,
3021,Discount_Usage_Rate,,,
3022,,,,
3023,,,,
3024,,,,
3025,,,Session_Duration_Avg,Discount_Usage_Rate
3026,,,,
3027,Login_Frequency,,,
3028,,,,
3029,"Discount_Usage_Rate,Login_Frequency",Age,,
3030,,,,
3031,Days_Since_Last_Purchase,,,
3032,,,,
3033,,,Login_Frequency,
3034,,,,
3035,,,,
3036,Social_Media_Engagement_Score,,,
3037,,,,
3038,,,,
3039,,Cart_Abandonment_Rate,,
3040,,,,
3041,,,,
3042,,,"Login_Frequency,Session_Duration_Avg",
3043,,,,
3044,Cart_Abandonment_Rate,,,
3045,,,,
3046,,,,
3047,,,,
3048,,,,
3049,,,,
3050,,,,
3051,"Lifetime_Value,Membership_Years",,,
3052,,,Discount_Usage_Rate,
3053,,,,
3054,,,,
3055,,,,
3056,,,,
3057,"Returns_Rate,Total_Purchases",,,
3058,Days_Since_Last_Purchase,,,
3059,Social_Media_Engagement_Score,,,
3060,,,,
3061,"Cart_Abandonment_Rate,Membership_Years",,,
3062,,,Discount_Usage_Rate,
3063,,,,
3064,,,,
3065,Days_Since_Last_Purchase,,,
3066,,,,
3067,Discount_Usage_Rate,,,
3068,,,,
3069,,,Session_Duration_Avg,
3070,,,,
3071,,,,
3072,"Cart_Abandonment_Rate,Discount_Usage_Rate",,,
3073,,,,
3074,,,,
3075,,,,
3076,,,Cart_Abandonment_Rate,
3077,,,Session_Duration_Avg,
3078,Membership_Years,,,
3079,,,,
3080,,,,
3081,Days_Since_Last_Purchase,,,
3082,,,,
3083,Days_Since_Last_Purchase,,,
3084,,,,
3085,,,,
3086,,,,
3087,,,,
3088,,,,
3089,,,,
3090,,,,
3091,"Cart_Abandonment_Rate,Days_Since_Last_Purchase",Days_Since_Last_Purchase,Cart_Abandonment_Rate,
3092,,,,
3093,,,,
3094,"Cart_Abandonment_Rate,Days_Since_Last_Purchase",,,
3095,Lifetime_Value,,,
3096,,,,
3097,Login_Frequency,,Login_Frequency,
3098,,,,
3099,,,,
3100,,,,
3101,,Returns_Rate,,
3102,,,,
3103,,,,
3104,Lifetime_Value,,,
3105,Days_Since_Last_Purchase,,,
3106,,,Discount_Usage_Rate,
3107,,,,
3108,,,,
3109,Customer_Service_Calls,,,
3110,Days_Since_Last_Purchase,Days_Since_Last_Purchase,,
3111,Cart_Abandonment_Rate,,,
3112,Login_Frequency,,,
3113,,,,
3114,,,,
3115,Membership_Years,,,
3116,,,,
3117,,,,
3118,,,,
3119,,,Login_Frequency,
3120,Discount_Usage_Rate,,,
3121,,,,
3122,,,,
3123,,,,
3124,,,Cart_Abandonment_Rate,
3125,Discount_Usage_Rate,,,
3126,,,Cart_Abandonment_Rate,
3127,,,,
3128,,,,Days_Since_Last_Purchase
3129,,,,
3130,,,,
3131,,,,
3132,,,,
3133,,,,
3134,,,,
3135,Lifetime_Value,,,
3136,,Customer_Service_Calls,,
3137,,Membership_Years,,
3138,,,,
3139,Mobile_App_Usage,,,
3140,,,,
3141,,,,
3142,,,,
3143,,,,
3144,,,,
3145,Social_Media_Engagement_Score,,,
3146,,,,
3147,,,,
3148,,,,
3149,,,,
3150,Returns_Rate,,,
3151,,,Session_Duration_Avg,
3152,,,Age,
3153,,,,
3154,,,,
3155,,,,
3156,,,Mobile_App_Usage,
3157,,,Login_Frequency,
3158,,Days_Since_Last_Purchase,,
3159,Login_Frequency,,,
3160,Discount_Usage_Rate,,,
3161,,,,
3162,,Cart_Abandonment_Rate,Lifetime_Value,
3163,Customer_Service_Calls,,Customer_Service_Calls,
3164,,,,
3165,,,Discount_Usage_Rate,
3166,,,,
3167,,,,Login_Frequency
3168,Cart_Abandonment_Rate,,,
3169,,,,
3170,Days_Since_Last_Purchase,,,
3171,Days_Since_Last_Purchase,,,
3172,,"Cart_Abandonment_Rate,Email_Open_Rate",,
3173,,,,
3174,Returns_Rate,,,
3175,Login_Frequency,,Login_Frequency,
3176,Membership_Years,,,Lifetime_Value
3177,,,,
3178,,,,
3179,,,Session_Duration_Avg,
3180,,,,
3181,,,,
3182,Days_Since_Last_Purchase,,,
3183,,,,
3184,,,Discount_Usage_Rate,
3185,,,,
3186,Login_Frequency,,,Login_Frequency
3187,Days_Since_Last_Purchase,,,
3188,,,,
3189,,,,
3190,,Discount_Usage_Rate,,
3191,,,,
3192,,,,
3193,Login_Frequency,,,
3194,,,"Discount_Usage_Rate,Login_Frequency",
3195,Days_Since_Last_Purchase,,Cart_Abandonment_Rate,
3196,Discount_Usage_Rate,,,
3197,Days_Since_Last_Purchase,,,
3198,Discount_Usage_Rate,,,
3199,,,,
3200,,,,
3201,,,,
3202,"Cart_Abandonment_Rate,Days_Since_Last_Purchase",,,
3203,,Login_Frequency,,
3204,,,,
3205,,,,
3206,,,,
3207,,,,
3208,,,,
3209,,,,
3210,Discount_Usage_Rate,,Login_Frequency,Age
3211,,,,
3212,,,,
3213,Days_Since_Last_Purchase,,,
3214,"Days_Since_Last_Purchase,Total_Purchases",,Login_Frequency,
3215,"Membership_Years,Mobile_App_Usage",,,
3216,,,,"Login_Frequency,Social_Media_Engagement_Score"
3217,,,,Lifetime_Value
3218,,,,
3219,,,,
3220,Membership_Years,,,
3221,,,,
3222,,,,
3223,,,,
3224,"Login_Frequency,Returns_Rate",,,
3225,,Cart_Abandonment_Rate,,
3226,,,,
3227,,,,
3228,,,,
3229,,,,
3230,,,,
3231,,,,
3232,,,Lifetime_Value,
3233,,,Login_Frequency,
3234,Membership_Years,,,
3235,,,,
3236,,,,
3237,,,,
3238,,,,
3239,Returns_Rate,,,
3240,,,,
3241,,,,
3242,,,Age,Age
3243,,,,
3244,Customer_Service_Calls,,,
3245,,,Session_Duration_Avg,
3246,,,,
3247,,,,
3248,Credit_Balance,,,
3249,Days_Since_Last_Purchase,Membership_Years,,
3250,,,,"Cart_Abandonment_Rate,Lifetime_Value"
3251,,,,
3252,,Customer_Service_Calls,,Credit_Balance
3253,,,Session_Duration_Avg,
3254,,,,
3255,,,,
3256,Login_Frequency,,"Login_Frequency,Session_Duration_Avg",
3257,,,,
3258,Returns_Rate,,Login_Frequency,
3259,,,,
3260,"Days_Since_Last_Purchase,Social_Media_Engagement_Score",Days_Since_Last_Purchase,,
3261,Cart_Abandonment_Rate,,,
3262,,,,
3263,,,,
3264,,,,
3265,"Cart_Abandonment_Rate,Days_Since_Last_Purchase",,,
3266,,,,
3267,,,,
3268,,,,
3269,Login_Frequency,,Lifetime_Value,
3270,,,,Age
3271,,,,
3272,,,,
3273,Returns_Rate,,,
3274,,,,
3275,,,,
3276,Days_Since_Last_Purchase,,,
3277,,,Social_Media_Engagement_Score,
3278,,,,
3279,,,,
3280,Cart_Abandonment_Rate,,Customer_Service_Calls,
3281,Discount_Usage_Rate,,,
3282,,,,
3283,,Discount_Usage_Rate,,
3284,Customer_Service_Calls,,,
3285,,,,
3286,,,Age,
3287,,,,
3288,Membership_Years,,,
3289,Customer_Service_Calls,,,
3290,,,,
3291,Discount_Usage_Rate,,,
3292,,,,
3293,,,,
3294,,,,
3295,,,,
3296,Days_Since_Last_Purchase,,,
3297,,,,
3298,"Cart_Abandonment_Rate,Days_Since_Last_Purchase",,Cart_Abandonment_Rate,
3299,Days_Since_Last_Purchase,,,
3300,,,,
3301,Cart_Abandonment_Rate,,,
3302,,,,
3303,,,,
3304,Days_Since_Last_Purchase,,Email_Open_Rate,
3305,Days_Since_Last_Purchase,,,
3306,Days_Since_Last_Purchase,,,
3307,Days_Since_Last_Purchase,,,
3308,,,,
3309,,,,
3310,Days_Since_Last_Purchase,,,
3311,,,,
3312,,,Session_Duration_Avg,
3313,,,,
3314,,,Lifetime_Value,
3315,,,,
3316,,,,
3317,"Days_Since_Last_Purchase,Login_Frequency",,,
3318,,,,
3319,,,,
3320,,,,
3321,Discount_Usage_Rate,,,
3322,,,,
3323,,Days_Since_Last_Purchase,,
3324,Days_Since_Last_Purchase,,,
3325,Days_Since_Last_Purchase,,,
3326,,,,
3327,,,,
3328,,,,
3329,,,,
3330,,,,
3331,,,,
3332,,,,
3333,"Lifetime_Value,Membership_Years",,Customer_Service_Calls,
3334,,,,
3335,,,,
3336,Discount_Usage_Rate,,Session_Duration_Avg,
3337,,,Age,
3338,Days_Since_Last_Purchase,,,
3339,Days_Since_Last_Purchase,Days_Since_Last_Purchase,,
3340,,,,
3341,,,,
3342,Age,,,
3343,,,,
3344,,,,
3345,,,,
3346,,,,
3347,,,,
3348,,,,
3349,,,,
3350,,,,
3351,Lifetime_Value,,,
3352,,,,
3353,Returns_Rate,,,
3354,Days_Since_Last_Purchase,,"Cart_Abandonment_Rate,Days_Since_Last_Purchase",
3355,,,,
3356,,,,"Age,Lifetime_Value"
3357,,,,
3358,Customer_Service_Calls,Customer_Service_Calls,,
3359,,,,
3360,,,Lifetime_Value,
3361,,,,
3362,Cart_Abandonment_Rate,Cart_Abandonment_Rate,,
3363,,,,
3364,,,,
3365,Returns_Rate,,,
3366,,,,
3367,"Discount_Usage_Rate,Social_Media_Engagement_Score",,,
3368,,Age,,
3369,Lifetime_Value,,Age,
3370,"Cart_Abandonment_Rate,Days_Since_Last_Purchase",Days_Since_Last_Purchase,,
3371,Membership_Years,,,
3372,,,,
3373,,,,
3374,,,,
3375,,,Age,
3376,,,,
3377,,,"Cart_Abandonment_Rate,Mobile_App_Usage",
3378,,,,
3379,,,,
3380,Days_Since_Last_Purchase,,,
3381,,,,
3382,,,,
3383,,,,
3384,,,,Age
3385,,,,
3386,,,,
3387,Mobile_App_Usage,,,
3388,,,,
3389,,,Age,Age
3390,Login_Frequency,,,
3391,,,,
3392,Login_Frequency,,,
3393,Login_Frequency,,,
3394,Discount_Usage_Rate,,,
3395,,,,
3396,Login_Frequency,,,
3397,,,,
3398,,,,
3399,,,,
3400,,,,
3401,"Membership_Years,Returns_Rate",,,
3402,,,,
3403,,,,
3404,Returns_Rate,,,
3405,,,,Lifetime_Value
3406,,,,
3407,,,,
3408,Days_Since_Last_Purchase,,,
3409,"Cart_Abandonment_Rate,Days_Since_Last_Purchase,Returns_Rate",,,
3410,"Cart_Abandonment_Rate,Customer_Service_Calls",,"Cart_Abandonment_Rate,Email_Open_Rate",
3411,,,,
3412,,,,
3413,,,,
3414,,,,
3415,,,,
3416,,Days_Since_Last_Purchase,,
3417,Discount_Usage_Rate,,,
3418,,,,
3419,,,,
3420,Discount_Usage_Rate,Login_Frequency,Lifetime_Value,
3421,,,,
3422,,,,
3423,,,,
3424,Social_Media_Engagement_Score,,,
3425,,,,
3426,,,Login_Frequency,
3427,Discount_Usage_Rate,,,
3428,,,,
3429,,,,
3430,Cart_Abandonment_Rate,,Cart_Abandonment_Rate,
3431,Customer_Service_Calls,,Customer_Service_Calls,
3432,,,,
3433,,,,
3434,,,,
3435,,,,
3436,,,,
3437,Days_Since_Last_Purchase,,,
3438,"Login_Frequency,Returns_Rate",,,
3439,Social_Media_Engagement_Score,,,Discount_Usage_Rate
3440,,,,
3441,,,,
3442,,,,
3443,,,,
3444,"Average_Order_Value,Credit_Balance,Returns_Rate",,,
3445,"Discount_Usage_Rate,Lifetime_Value",,Cart_Abandonment_Rate,
3446,,,,Age
3447,,,,
3448,,,,
3449,,,,
3450,,,,
3451,,,,
3452,Returns_Rate,,,
3453,,,,
3454,Cart_Abandonment_Rate,,,
3455,,Login_Frequency,,
3456,,,,
3457,,,,
3458,,,,
3459,Membership_Years,,,
3460,,,,
3461,Cart_Abandonment_Rate,,,
3462,,,,
3463,,,,
3464,,,,
3465,Cart_Abandonment_Rate,,Cart_Abandonment_Rate,
3466,Days_Since_Last_Purchase,,,
3467,,,,
3468,,,,
3469,,,Login_Frequency,
3470,,,,
3471,,,Login_Frequency,
3472,,,,
3473,,,,
3474,,,,
3475,,Cart_Abandonment_Rate,,
3476,,,,
3477,,,,
3478,Customer_Service_Calls,Customer_Service_Calls,Customer_Service_Calls,
3479,,,,
3480,"Days_Since_Last_Purchase,Login_Frequency",,,
3481,Login_Frequency,,,
3482,,Days_Since_Last_Purchase,,
3483,Days_Since_Last_Purchase,,Session_Duration_Avg,
3484,Lifetime_Value,,,
3485,,,,
3486,,,,
3487,,,,
3488,,,,
3489,,,"Login_Frequency,Social_Media_Engagement_Score",
3490,,,Customer_Service_Calls,
3491,,,,
3492,Discount_Usage_Rate,,,
3493,Returns_Rate,,,
3494,,,Age,
3495,,,,
3496,,Discount_Usage_Rate,,
3497,,,,
3498,Customer_Service_Calls,,,
3499,,,,
3500,,,,
3501,,,,
3502,,,,
3503,,,,
3504,,,,
3505,Returns_Rate,,,
3506,,,,
3507,,,,
3508,,,,
3509,,,,
3510,,,,
3511,Returns_Rate,,,
3512,,,,
3513,Lifetime_Value,,Session_Duration_Avg,
3514,,,,
3515,,,Session_Duration_Avg,
3516,,,,
3517,"Lifetime_Value,Social_Media_Engagement_Score",,,
3518,,,,Discount_Usage_Rate
3519,"Mobile_App_Usage,Returns_Rate",,,
3520,Cart_Abandonment_Rate,,,
3521,Lifetime_Value,,,
3522,,,Customer_Service_Calls,
3523,,Days_Since_Last_Purchase,,
3524,Lifetime_Value,,,
3525,Discount_Usage_Rate,Days_Since_Last_Purchase,,
3526,,,,
3527,,,,
3528,,,,
3529,Login_Frequency,,"Login_Frequency,Session_Duration_Avg,Social_Media_Engagement_Score",
3530,"Lifetime_Value,Returns_Rate",,,
3531,"Login_Frequency,Returns_Rate",,,
3532,Discount_Usage_Rate,,,
3533,,,,
3534,Discount_Usage_Rate,Discount_Usage_Rate,,
3535,,,Session_Duration_Avg,
3536,,,,
3537,Days_Since_Last_Purchase,,,
3538,,,,
3539,Days_Since_Last_Purchase,,,
3540,,,,
3541,,,,
3542,,,,
3543,"Days_Since_Last_Purchase,Login_Frequency",,,
3544,Days_Since_Last_Purchase,,,
3545,Returns_Rate,,,
3546,,,,
3547,Days_Since_Last_Purchase,,Lifetime_Value,
3548,,,,
3549,,,,
3550,Days_Since_Last_Purchase,,,
3551,,,,
3552,Lifetime_Value,,,
3553,,,,
3554,,,,
3555,,,,
3556,"Login_Frequency,Returns_Rate",,,
3557,Login_Frequency,,Session_Duration_Avg,
3558,,Membership_Years,,
3559,Social_Media_Engagement_Score,,,
3560,,,Customer_Service_Calls,
3561,,,,
3562,,,,
3563,Email_Open_Rate,,,
3564,,,,
3565,,,,
3566,,,,
3567,Social_Media_Engagement_Score,,,
3568,,,,
3569,,,,
3570,"Login_Frequency,Social_Media_Engagement_Score",,,
3571,,,,
3572,"Days_Since_Last_Purchase,Membership_Years",,,
3573,Cart_Abandonment_Rate,,,
3574,"Cart_Abandonment_Rate,Returns_Rate",,,
3575,,,,
3576,,,,
3577,"Login_Frequency,Returns_Rate",,,
3578,,,"Cart_Abandonment_Rate,Discount_Usage_Rate",
3579,,,,
3580,,Age,,
3581,,,,
3582,"Cart_Abandonment_Rate,Days_Since_Last_Purchase",,,
3583,"Days_Since_Last_Purchase,Membership_Years",,,
3584,,,,
3585,,,,
3586,Days_Since_Last_Purchase,,,
3587,,,,
3588,,,,
3589,,,,
3590,Days_Since_Last_Purchase,,,
3591,,,,
3592,,,,
3593,,,,
3594,,,,
3595,,,,
3596,,,,
3597,,,Cart_Abandonment_Rate,
3598,,,,
3599,Cart_Abandonment_Rate,,Cart_Abandonment_Rate,
3600,,,,
3601,,,,
3602,,,,
3603,,,,
3604,"Days_Since_Last_Purchase,Social_Media_Engagement_Score",,,
3605,,,,
3606,,Discount_Usage_Rate,,
3607,,,,
3608,,,,
3609,Discount_Usage_Rate,,,
3610,Lifetime_Value,,Age,Age
3611,Days_Since_Last_Purchase,,Discount_Usage_Rate,
3612,,,,
3613,Membership_Years,,Age,
3614,,,,
3615,,,,
3616,,,"Discount_Usage_Rate,Session_Duration_Avg",
3617,,,,
3618,,,,
3619,Discount_Usage_Rate,Membership_Years,,
3620,,,,
3621,,,,
3622,Login_Frequency,,"Cart_Abandonment_Rate,Login_Frequency",
3623,,,,
3624,"Credit_Balance,Membership_Years",,,
3625,,Days_Since_Last_Purchase,,
3626,,,,
3627,,,,
3628,,,,
3629,,,,
3630,,,,
3631,Days_Since_Last_Purchase,,,
3632,,,Age,Age
3633,,,,
3634,,,,
3635,,,,
3636,,,,
3637,,,,
3638,,,,
3639,"Login_Frequency,Returns_Rate",,,
3640,"Lifetime_Value,Membership_Years",Returns_Rate,,
3641,,,,
3642,Lifetime_Value,,,
3643,,,,
3644,,,,
3645,,,,
3646,,,,
3647,,,Discount_Usage_Rate,
3648,,,Cart_Abandonment_Rate,
3649,,,Average_Order_Value,
3650,"Cart_Abandonment_Rate,Membership_Years",,,
3651,"Days_Since_Last_Purchase,Discount_Usage_Rate",,,
3652,,Discount_Usage_Rate,,
3653,Mobile_App_Usage,,,
3654,Days_Since_Last_Purchase,,,
3655,,,,
3656,,,,
3657,,,,
3658,,,,Cart_Abandonment_Rate
3659,Discount_Usage_Rate,,,
3660,,,,
3661,,,,
3662,,,,
3663,,,,
3664,,,,
3665,"Membership_Years,Returns_Rate",,,
3666,,,Age,
3667,,,,
3668,,,,
3669,,,,
3670,,Age,,
3671,,,,
3672,"Cart_Abandonment_Rate,Days_Since_Last_Purchase",,,
3673,Login_Frequency,,,
3674,,,,
3675,Discount_Usage_Rate,,"Discount_Usage_Rate,Social_Media_Engagement_Score",
3676,,,,
3677,Login_Frequency,Discount_Usage_Rate,,
3678,Days_Since_Last_Purchase,,,
3679,,,,
3680,,,,
3681,,,,
3682,,,,
3683,,,,
3684,,,,
3685,Lifetime_Value,,,
3686,,,,
3687,,,,
3688,,,,
3689,,,,
3690,Cart_Abandonment_Rate,,,
3691,,,"Login_Frequency,Mobile_App_Usage",
3692,,,,
3693,,,,
3694,Login_Frequency,,,
3695,Login_Frequency,,,
3696,,,,
3697,,,,
3698,,,,
3699,,,,
3700,Login_Frequency,,,
3701,,,,
3702,,,,
3703,,,,
3704,,,,
3705,,,,
3706,"Customer_Service_Calls,Days_Since_Last_Purchase",,Customer_Service_Calls,
3707,,,,
3708,Returns_Rate,,,
3709,,,,
3710,,,,
3711,,,,
3712,Credit_Balance,Age,Discount_Usage_Rate,
3713,,,,
3714,,,,
3715,Days_Since_Last_Purchase,,,
3716,,,,
3717,,,,
3718,Days_Since_Last_Purchase,,,
3719,Login_Frequency,,Social_Media_Engagement_Score,
3720,"Cart_Abandonment_Rate,Days_Since_Last_Purchase",Days_Since_Last_Purchase,,
3721,,Days_Since_Last_Purchase,,
3722,,,,
3723,,,,
3724,,,,
3725,,,"Login_Frequency,Session_Duration_Avg",
3726,,,,
3727,,,,
3728,,,,
3729,,,,
3730,,,,
3731,,,Discount_Usage_Rate,
3732,,,,
3733,,,,
3734,Returns_Rate,,Login_Frequency,Login_Frequency
3735,,,,
3736,,,,
3737,"Credit_Balance,Email_Open_Rate,Login_Frequency",,,
3738,,,,
3739,Cart_Abandonment_Rate,,,
3740,,,,
3741,Login_Frequency,,Discount_Usage_Rate,
3742,,,,
3743,,,,
3744,Mobile_App_Usage,,,
3745,,,,
3746,,,,
3747,,,,
3748,,,,
3749,,,,
3750,,,,
3751,"Cart_Abandonment_Rate,Membership_Years",,,
3752,,,,Login_Frequency
3753,Returns_Rate,,,
3754,,,"Cart_Abandonment_Rate,Discount_Usage_Rate",
3755,,,,
3756,"Membership_Years,Returns_Rate",,,
3757,Social_Media_Engagement_Score,,,
3758,,,,
3759,,,,
3760,,,,
3761,"Login_Frequency,Social_Media_Engagement_Score",,,
3762,Discount_Usage_Rate,,,
3763,"Lifetime_Value,Returns_Rate",,,
3764,Days_Since_Last_Purchase,,,
3765,,Days_Since_Last_Purchase,,
3766,"Login_Frequency,Social_Media_Engagement_Score",,,
3767,,,,
3768,,,,
3769,,,,
3770,,,,
3771,Session_Duration_Avg,,,
3772,,,,
3773,,,,
3774,,,Email_Open_Rate,
3775,,,,
3776,,,,
3777,,,,
3778,Login_Frequency,,,Age
3779,,,,
3780,,,,
3781,,,,
3782,,,"Login_Frequency,Mobile_App_Usage",
3783,"Cart_Abandonment_Rate,Days_Since_Last_Purchase",,,
3784,,,,
3785,,,,
3786,,,,
3787,Days_Since_Last_Purchase,,,
3788,,,,
3789,,,,
3790,,,,
3791,,,,
3792,,,,
3793,,,,
3794,"Lifetime_Value,Returns_Rate",,,
3795,,,,
3796,,,,
3797,,,,
3798,,,,
3799,,,,
3800,,,"Email_Open_Rate,Mobile_App_Usage",
3801,,,,
3802,,,,
3803,Days_Since_Last_Purchase,,,
3804,"Cart_Abandonment_Rate,Days_Since_Last_Purchase",,,
3805,Login_Frequency,,,
3806,,,,
3807,,,,
3808,,,,"Mobile_App_Usage,Social_Media_Engagement_Score"
3809,Login_Frequency,,Cart_Abandonment_Rate,
3810,,,Login_Frequency,
3811,,,,
3812,Cart_Abandonment_Rate,,,
3813,,,,
3814,,,,Discount_Usage_Rate
3815,,,,
3816,,,,
3817,,,Cart_Abandonment_Rate,
3818,,,,Login_Frequency
3819,,,,
3820,,,,
3821,,,Login_Frequency,
3822,,,,Credit_Balance
3823,Days_Since_Last_Purchase,,Session_Duration_Avg,
3824,,,Customer_Service_Calls,
3825,,,,
3826,Login_Frequency,,,
3827,,,,
3828,,,,Returns_Rate
3829,,,,
3830,,,,
3831,,Social_Media_Engagement_Score,Discount_Usage_Rate,
3832,,,Discount_Usage_Rate,
3833,Cart_Abandonment_Rate,,,
3834,,,,
3835,,,,
3836,,,,
3837,,,,
3838,Discount_Usage_Rate,,,
3839,,,,Discount_Usage_Rate
3840,,,,
3841,"Days_Since_Last_Purchase,Membership_Years,Total_Purchases",,,
3842,,,,
3843,,,,
3844,Social_Media_Engagement_Score,,Age,
3845,,,,
3846,,,,
3847,Lifetime_Value,,,
3848,,,,
3849,,,,
3850,Discount_Usage_Rate,Login_Frequency,,
3851,,,,
3852,,,,
3853,"Days_Since_Last_Purchase,Discount_Usage_Rate",,,
3854,,,,
3855,,,,
3856,,,,
3857,,,,
3858,,,,
3859,,,,
3860,Days_Since_Last_Purchase,,,
3861,Discount_Usage_Rate,,,
3862,Social_Media_Engagement_Score,,,
3863,,,,
3864,,,,
3865,,,Discount_Usage_Rate,
3866,,,,
3867,,,,
3868,Mobile_App_Usage,,,
3869,,,,
3870,,,,
3871,,,,
3872,,,,
3873,,,,
3874,,,Cart_Abandonment_Rate,
3875,Days_Since_Last_Purchase,,,
3876,,,Mobile_App_Usage,
3877,,,,
3878,,,,
3879,,,,
3880,,Membership_Years,,
3881,,,,
3882,,,,
3883,,,,
3884,,,Cart_Abandonment_Rate,
3885,Returns_Rate,,Lifetime_Value,
3886,Cart_Abandonment_Rate,,,Cart_Abandonment_Rate
3887,Login_Frequency,,,
3888,,Customer_Service_Calls,,
3889,Login_Frequency,,,
3890,,,,
3891,,,,
3892,,,,Customer_Service_Calls
3893,"Credit_Balance,Membership_Years",,,
3894,,,,
3895,Days_Since_Last_Purchase,,,
3896,Returns_Rate,,,
3897,,,,
3898,"Cart_Abandonment_Rate,Days_Since_Last_Purchase",,"Cart_Abandonment_Rate,Discount_Usage_Rate",
3899,Days_Since_Last_Purchase,,,
3900,,,,
3901,,,,
3902,Customer_Service_Calls,,,Mobile_App_Usage
3903,,,,
3904,,,,
3905,,,Customer_Service_Calls,
3906,,,,
3907,,,,
3908,,,,
3909,Credit_Balance,,,
3910,Customer_Service_Calls,,,
3911,,,,
3912,,,,
3913,Returns_Rate,,,
3914,,,,
3915,,,,
3916,"Cart_Abandonment_Rate,Days_Since_Last_Purchase",,,
3917,,,,
3918,,,,
3919,,,"Discount_Usage_Rate,Session_Duration_Avg",
3920,,,,
3921,,,,
3922,Cart_Abandonment_Rate,,,
3923,,,,
3924,Days_Since_Last_Purchase,,,
3925,,,,
3926,,,,
3927,,,,
3928,Days_Since_Last_Purchase,,,
3929,"Days_Since_Last_Purchase,Discount_Usage_Rate",,,
3930,,,,
3931,Credit_Balance,,,
3932,,,,
3933,,,,
3934,,,,
3935,,,,"Discount_Usage_Rate,Session_Duration_Avg"
3936,,,,
3937,"Age,Membership_Years",,Discount_Usage_Rate,
3938,,,,
3939,,,,
3940,"Login_Frequency,Returns_Rate",,,
3941,,,,
3942,Days_Since_Last_Purchase,,,
3943,,,,
3944,Social_Media_Engagement_Score,,,
3945,,,,
3946,,,,
3947,,,,
3948,,,,
3949,Social_Media_Engagement_Score,,,
3950,Login_Frequency,,,
3951,,,,
3952,,,,
3953,Returns_Rate,,,
3954,,,"Login_Frequency,Session_Duration_Avg",
3955,,,,
3956,"Days_Since_Last_Purchase,Session_Duration_Avg",,,
3957,,,,Discount_Usage_Rate
3958,,,,
3959,"Returns_Rate,Social_Media_Engagement_Score",,,
3960,,,,
3961,,,,
3962,,,,
3963,,,,
3964,,,Discount_Usage_Rate,
3965,,,,
3966,,,,
3967,,,,
3968,Login_Frequency,,,
3969,,,,
3970,,,,
3971,,,,
3972,Lifetime_Value,,,
3973,"Lifetime_Value,Membership_Years",,,
3974,,,,
3975,,,,
3976,,,,
3977,Lifetime_Value,,,
3978,Email_Open_Rate,,,
3979,,,,Membership_Years
3980,,,,
3981,Discount_Usage_Rate,,,
3982,,,,
3983,,Days_Since_Last_Purchase,,
3984,,Days_Since_Last_Purchase,,
3985,,,,
3986,Customer_Service_Calls,,,
3987,,,,
3988,,,,
3989,"Membership_Years,Returns_Rate",,,
3990,,,,
3991,,,Age,
3992,,,,
3993,,,,
3994,,,,
3995,,,,
3996,,,,
3997,,,,
3998,,,,
3999,,,,
4000,,,Session_Duration_Avg,
4001,,,,
4002,,,,
4003,Membership_Years,,,
4004,Days_Since_Last_Purchase,,,
4005,,,,
4006,Returns_Rate,,,
4007,,,,
4008,,,,
4009,,,,
4010,,,,
4011,,,,
4012,Cart_Abandonment_Rate,,,
4013,,,,
4014,Discount_Usage_Rate,,,
4015,,Days_Since_Last_Purchase,Session_Duration_Avg,Age
4016,,,"Average_Order_Value,Cart_Abandonment_Rate",
4017,,,"Login_Frequency,Mobile_App_Usage",
4018,,,Login_Frequency,
4019,Age,,Age,
4020,,,,
4021,Days_Since_Last_Purchase,,,
4022,,,,
4023,Discount_Usage_Rate,,,
4024,,,,
4025,"Login_Frequency,Mobile_App_Usage",,,
4026,,,,
4027,,,,
4028,"Credit_Balance,Customer_Service_Calls,Days_Since_Last_Purchase",,Login_Frequency,
4029,,,Cart_Abandonment_Rate,
4030,,,Age,Session_Duration_Avg
4031,,,,
4032,,,,
4033,Returns_Rate,,Cart_Abandonment_Rate,
4034,,,,
4035,,,,
4036,,,,
4037,Returns_Rate,,,
4038,,,,
4039,,,,
4040,,,,
4041,,,,
4042,,,,
4043,Days_Since_Last_Purchase,,,
4044,,,,
4045,,,,
4046,,,,
4047,Login_Frequency,,,
4048,"Days_Since_Last_Purchase,Login_Frequency",,,
4049,"Discount_Usage_Rate,Returns_Rate",,,
4050,Days_Since_Last_Purchase,,,
4051,,,,
4052,,Days_Since_Last_Purchase,,
4053,"Lifetime_Value,Social_Media_Engagement_Score",,,
4054,Login_Frequency,,,Login_Frequency
4055,,,,
4056,,,,
4057,,,,
4058,Days_Since_Last_Purchase,,Login_Frequency,
4059,,,Session_Duration_Avg,
4060,,,,
4061,,,,
4062,,,Login_Frequency,
4063,,,,
4064,,,,
4065,Social_Media_Engagement_Score,,,
4066,Days_Since_Last_Purchase,,,
4067,Discount_Usage_Rate,,,
4068,Membership_Years,,,
4069,Days_Since_Last_Purchase,,,
4070,,,,
4071,,,,
4072,,,,
4073,"Cart_Abandonment_Rate,Membership_Years",,,
4074,Social_Media_Engagement_Score,,,
4075,"Customer_Service_Calls,Email_Open_Rate",,,Customer_Service_Calls
4076,"Lifetime_Value,Membership_Years",,,Login_Frequency
4077,,,,
4078,"Discount_Usage_Rate,Lifetime_Value",,,
4079,,,Age,
4080,,,,
4081,,,,
4082,Days_Since_Last_Purchase,,,
4083,,,,
4084,Days_Since_Last_Purchase,,,
4085,,,,
4086,,,Discount_Usage_Rate,
4087,,,,
4088,,,,
4089,,,,
4090,,,,
4091,Lifetime_Value,,"Age,Lifetime_Value",Age
4092,,,,
4093,,,,
4094,,,,
4095,,,,
4096,,,,
4097,,,,
4098,,,,
4099,Days_Since_Last_Purchase,,,
4100,,,,
4101,,,,
4102,,,Session_Duration_Avg,
4103,,,,
4104,,,,
4105,"Mobile_App_Usage,Session_Duration_Avg",,,
4106,,,,
4107,,,,
4108,,,,
4109,,,Mobile_App_Usage,
4110,Customer_Service_Calls,Customer_Service_Calls,Customer_Service_Calls,
4111,,,,
4112,Days_Since_Last_Purchase,Days_Since_Last_Purchase,,
4113,Discount_Usage_Rate,,,
4114,,,,
4115,,,Cart_Abandonment_Rate,
4116,Days_Since_Last_Purchase,,,
4117,,,,
4118,,,,
4119,,,,
4120,,Cart_Abandonment_Rate,,
4121,Total_Purchases,,,
4122,Cart_Abandonment_Rate,,,
4123,,,Age,
4124,,Cart_Abandonment_Rate,,
4125,,,Discount_Usage_Rate,
4126,,,,
4127,,Days_Since_Last_Purchase,,
4128,,,,
4129,Discount_Usage_Rate,,,
4130,"Returns_Rate,Social_Media_Engagement_Score",,,
4131,,,,
4132,,,,
4133,Discount_Usage_Rate,,,
4134,,,,
4135,,,,
4136,Days_Since_Last_Purchase,,,
4137,,,,
4138,,,"Cart_Abandonment_Rate,Days_Since_Last_Purchase",
4139,,,,
4140,Discount_Usage_Rate,,,
4141,,,,
4142,Days_Since_Last_Purchase,,Average_Order_Value,
4143,,,Login_Frequency,
4144,,,,
4145,,,,
4146,,,,
4147,,,,
4148,,,,
4149,Returns_Rate,,,
4150,,,,
4151,,,,
4152,,,,
4153,,,,
4154,,,,
4155,Cart_Abandonment_Rate,,,
4156,,,,
4157,,,,
4158,,,,
4159,,,,
4160,"Cart_Abandonment_Rate,Days_Since_Last_Purchase",Days_Since_Last_Purchase,,
4161,Days_Since_Last_Purchase,,,Age
4162,,,,
4163,Age,,,
4164,Days_Since_Last_Purchase,,,
4165,,,,
4166,,,,
4167,,,,
4168,,,,
4169,"Cart_Abandonment_Rate,Discount_Usage_Rate",,,
4170,,,,
4171,Returns_Rate,,,
4172,Lifetime_Value,,,
4173,,,,Membership_Years
4174,Returns_Rate,"Lifetime_Value,Returns_Rate",,
4175,,,,
4176,,,,
4177,,,,
4178,,,,
4179,,,,
4180,,,,
4181,,,,
4182,,,,Age
4183,Discount_Usage_Rate,,,
4184,,,,
4185,,,,
4186,,,Mobile_App_Usage,
4187,,,,
4188,,,,
4189,,,,
4190,,,,
4191,,,,
4192,,Days_Since_Last_Purchase,Cart_Abandonment_Rate,
4193,,,,
4194,,,"Login_Frequency,Social_Media_Engagement_Score",
4195,,,Lifetime_Value,
4196,Login_Frequency,,,
4197,,,,
4198,,,,
4199,,,,
4200,,,,
4201,,,Age,
4202,Membership_Years,,,
4203,,,,
4204,,,,Lifetime_Value
4205,,,,
4206,,,"Email_Open_Rate,Login_Frequency,Session_Duration_Avg",
4207,,,,
4208,,,"Customer_Service_Calls,Email_Open_Rate",Email_Open_Rate
4209,Mobile_App_Usage,,,
4210,,,,
4211,Customer_Service_Calls,,,
4212,,,,
4213,,,,
4214,Discount_Usage_Rate,,,
4215,,,,
4216,,,Age,
4217,,,,
4218,,,,
4219,,,,
4220,,,,
4221,Membership_Years,,,
4222,,,,
4223,Cart_Abandonment_Rate,,,
4224,,,,
4225,,,Login_Frequency,
4226,,,,
4227,,,,
4228,,,,
4229,Login_Frequency,,"Age,Lifetime_Value",
4230,"Cart_Abandonment_Rate,Discount_Usage_Rate",Days_Since_Last_Purchase,,
4231,Returns_Rate,,,
4232,Cart_Abandonment_Rate,,,
4233,,,,
4234,,,Cart_Abandonment_Rate,
4235,,,,
4236,,,,
4237,,Discount_Usage_Rate,,
4238,Customer_Service_Calls,,Customer_Service_Calls,
4239,Days_Since_Last_Purchase,,Discount_Usage_Rate,
4240,Social_Media_Engagement_Score,,,
4241,,,,
4242,Cart_Abandonment_Rate,,,
4243,Discount_Usage_Rate,,,
4244,,Days_Since_Last_Purchase,Discount_Usage_Rate,
4245,,,,
4246,,,,
4247,Days_Since_Last_Purchase,,,
4248,,,,
4249,Lifetime_Value,,,
4250,Cart_Abandonment_Rate,,,
4251,,,,
4252,Login_Frequency,,,
4253,Days_Since_Last_Purchase,,,
4254,,,,
4255,,,,
4256,,,,Session_Duration_Avg
4257,,,,
4258,,,,
4259,,,,
4260,Membership_Years,,,
4261,,,,
4262,,,,
4263,"Days_Since_Last_Purchase,Returns_Rate",,Discount_Usage_Rate,
4264,"Credit_Balance,Days_Since_Last_Purchase,Total_Purchases",Days_Since_Last_Purchase,,
4265,,Days_Since_Last_Purchase,,
4266,,,,
4267,,,,
4268,Cart_Abandonment_Rate,,,
4269,,,,
4270,,,,
4271,,,,
4272,Customer_Service_Calls,,,
4273,,,,
4274,,,,
4275,,,"Login_Frequency,Session_Duration_Avg",
4276,Days_Since_Last_Purchase,,,
4277,,,,
4278,,,,
4279,,,,
4280,,,,
4281,,,,
4282,,,,
4283,,,,
4284,,,Cart_Abandonment_Rate,
4285,,,,
4286,,,,
4287,,,,
4288,,,,
4289,Days_Since_Last_Purchase,Days_Since_Last_Purchase,,
4290,Lifetime_Value,Lifetime_Value,Session_Duration_Avg,
4291,Membership_Years,,,
4292,,,"Discount_Usage_Rate,Mobile_App_Usage",
4293,Discount_Usage_Rate,,,
4294,,,,
4295,,,"Discount_Usage_Rate,Session_Duration_Avg",
4296,,,Session_Duration_Avg,
4297,,,,
4298,,,"Login_Frequency,Session_Duration_Avg",
4299,,,,
4300,,,Customer_Service_Calls,Customer_Service_Calls
4301,Returns_Rate,,,
4302,,,,
4303,,,,Discount_Usage_Rate
4304,Social_Media_Engagement_Score,,,
4305,Returns_Rate,,,
4306,,,Days_Since_Last_Purchase,
4307,,,,
4308,,,,
4309,Membership_Years,,,
4310,,,,
4311,,,,
4312,,,Age,Age
4313,,,Session_Duration_Avg,
4314,,,,
4315,"Average_Order_Value,Cart_Abandonment_Rate",,,
4316,"Lifetime_Value,Returns_Rate",Returns_Rate,,
4317,,,,
4318,,,,Age
4319,,,,
4320,,,,
4321,Cart_Abandonment_Rate,,Login_Frequency,
4322,,,,
4323,,,,
4324,,Discount_Usage_Rate,,
4325,"Cart_Abandonment_Rate,Credit_Balance",,"Cart_Abandonment_Rate,Login_Frequency",Social_Media_Engagement_Score
4326,,,,
4327,,,,
4328,Days_Since_Last_Purchase,Days_Since_Last_Purchase,,
4329,Days_Since_Last_Purchase,,"Cart_Abandonment_Rate,Customer_Service_Calls",
4330,Days_Since_Last_Purchase,,,
4331,,,,
4332,,,Session_Duration_Avg,
4333,,,Login_Frequency,
4334,,,,
4335,,,,
4336,"Lifetime_Value,Membership_Years",,,
4337,,,,
4338,Days_Since_Last_Purchase,,,
4339,,,,
4340,,,,
4341,,,,
4342,Returns_Rate,,,
4343,,,,
4344,,,Cart_Abandonment_Rate,
4345,,,,
4346,Credit_Balance,,,
4347,Cart_Abandonment_Rate,,,
4348,,,,
4349,,,,
4350,Membership_Years,,,Discount_Usage_Rate
4351,Login_Frequency,Days_Since_Last_Purchase,,
4352,,,,
4353,Days_Since_Last_Purchase,,,
4354,,Days_Since_Last_Purchase,,
4355,Social_Media_Engagement_Score,,,
4356,"Discount_Usage_Rate,Login_Frequency,Returns_Rate",,,
4357,"Cart_Abandonment_Rate,Customer_Service_Calls",,,
4358,,,,
4359,"Returns_Rate,Social_Media_Engagement_Score",,,
4360,,,,
4361,,,,
4362,,"Lifetime_Value,Membership_Years",,
4363,Membership_Years,,,
4364,Social_Media_Engagement_Score,,,
4365,,,,
4366,,,,
4367,Days_Since_Last_Purchase,,Login_Frequency,
4368,,,,
4369,Membership_Years,,,
4370,,,,
4371,,,,
4372,,,,
4373,,,,
4374,,,,
4375,,,Email_Open_Rate,
4376,,,,
4377,,,,
4378,Days_Since_Last_Purchase,Days_Since_Last_Purchase,,
4379,Membership_Years,Age,Age,
4380,,,,
4381,,,,
4382,Discount_Usage_Rate,,,
4383,Lifetime_Value,,,
4384,"Days_Since_Last_Purchase,Discount_Usage_Rate,Membership_Years","Age,Membership_Years",Age,
4385,,,,
4386,Cart_Abandonment_Rate,,,
4387,,,,
4388,,,,
4389,Membership_Years,,,
4390,"Days_Since_Last_Purchase,Login_Frequency",,,
4391,Days_Since_Last_Purchase,,,
4392,,,,
4393,Days_Since_Last_Purchase,,Cart_Abandonment_Rate,
4394,,,,
4395,,,,
4396,,,Age,
4397,,,Login_Frequency,
4398,,,Discount_Usage_Rate,
4399,,,,
4400,,,Age,
4401,"Days_Since_Last_Purchase,Login_Frequency",,,
4402,Returns_Rate,,,
4403,Days_Since_Last_Purchase,,,
4404,,,,
4405,,,,
4406,Login_Frequency,,,
4407,Social_Media_Engagement_Score,,,
4408,Age,,,
4409,,,,
4410,"Age,Membership_Years,Returns_Rate",,,
4411,,,Discount_Usage_Rate,
4412,,,,
4413,Days_Since_Last_Purchase,,Days_Since_Last_Purchase,
4414,Days_Since_Last_Purchase,,,
4415,,,,
4416,,,,
4417,,,,
4418,Lifetime_Value,,,
4419,,,,
4420,,,,
4421,Discount_Usage_Rate,,,
4422,Discount_Usage_Rate,,,
4423,,Days_Since_Last_Purchase,,
4424,,,,
4425,Returns_Rate,,,
4426,,,,
4427,Social_Media_Engagement_Score,,,
4428,Lifetime_Value,,,
4429,Discount_Usage_Rate,,,
4430,,,,
4431,Age,,,
4432,Mobile_App_Usage,,,
4433,,,,
4434,,,,
4435,,,,
4436,,,,
4437,,,,
4438,,,,
4439,Credit_Balance,,"Login_Frequency,Mobile_App_Usage",
4440,Days_Since_Last_Purchase,,,
4441,,,,
4442,"Cart_Abandonment_Rate,Days_Since_Last_Purchase",,,
4443,,,,
4444,,,,
4445,,,,
4446,,,,
4447,,,,
4448,,,,
4449,,,,
4450,,,,Lifetime_Value
4451,,,,"Email_Open_Rate,Login_Frequency"
4452,,,,
4453,Lifetime_Value,,,
4454,,,,
4455,,,,
4456,,,,
4457,,,,
4458,,,,
4459,,,,
4460,Customer_Service_Calls,,,
4461,,,,
4462,,,,
4463,,,"Discount_Usage_Rate,Login_Frequency",
4464,Social_Media_Engagement_Score,Social_Media_Engagement_Score,,
4465,,,Login_Frequency,Login_Frequency
4466,Age,Age,,
4467,,,,Cart_Abandonment_Rate
4468,,,,
4469,,,,
4470,,,Cart_Abandonment_Rate,
4471,"Membership_Years,Returns_Rate",,,
4472,,,,
4473,,,,
4474,Membership_Years,,,
4475,Cart_Abandonment_Rate,,,
4476,,,,
4477,,,Session_Duration_Avg,
4478,,,,
4479,,,,
4480,,,Login_Frequency,
4481,Lifetime_Value,,,
4482,,,,
4483,,,,
4484,,Days_Since_Last_Purchase,Social_Media_Engagement_Score,
4485,,,,
4486,Social_Media_Engagement_Score,,,
4487,,,,
4488,,,,
4489,Discount_Usage_Rate,,,
4490,,,,
4491,,,,
4492,,,Mobile_App_Usage,
4493,,,,
4494,,,,
4495,,,,
4496,,,,
4497,,,,
4498,,,"Age,Discount_Usage_Rate",
4499,,,,Age
4500,Discount_Usage_Rate,,,
4501,,,,
4502,,,"Cart_Abandonment_Rate,Email_Open_Rate",
4503,Returns_Rate,,,
4504,,,,
4505,,,,
4506,,Membership_Years,Discount_Usage_Rate,
4507,,,,
4508,,,,Login_Frequency
4509,Days_Since_Last_Purchase,,,
4510,"Credit_Balance,Membership_Years",,,
4511,,,,
4512,,,,
4513,,,,
4514,Days_Since_Last_Purchase,,,
4515,,,,
4516,Lifetime_Value,,,
4517,,,,
4518,Discount_Usage_Rate,,"Discount_Usage_Rate,Login_Frequency",
4519,,,Cart_Abandonment_Rate,
4520,"Days_Since_Last_Purchase,Membership_Years,Social_Media_Engagement_Score",,,
4521,"Mobile_App_Usage,Returns_Rate",,,
4522,"Customer_Service_Calls,Days_Since_Last_Purchase",,,
4523,,,,
4524,Returns_Rate,Returns_Rate,,Cart_Abandonment_Rate
4525,Login_Frequency,,,
4526,,,,
4527,,Lifetime_Value,"Lifetime_Value,Membership_Years",
4528,,,Session_Duration_Avg,
4529,,,,
4530,,,,
4531,,,,
4532,Discount_Usage_Rate,,,
4533,,,,
4534,,,,
4535,,,,
4536,,,,
4537,,,,
4538,,,,
4539,,,,Age
4540,,,"Login_Frequency,Social_Media_Engagement_Score",
4541,,,,
4542,,,,
4543,Days_Since_Last_Purchase,,,
4544,,,,
4545,,,,
4546,Days_Since_Last_Purchase,Days_Since_Last_Purchase,Cart_Abandonment_Rate,
4547,,,,
4548,,,,
4549,"Login_Frequency,Session_Duration_Avg",,,
4550,,,,
4551,,,,
4552,Days_Since_Last_Purchase,,,
4553,Days_Since_Last_Purchase,,,
4554,Discount_Usage_Rate,,,
4555,,,,
4556,,,,
4557,Days_Since_Last_Purchase,,,
4558,Days_Since_Last_Purchase,,,
4559,,,,
4560,,,,
4561,,,,
4562,,,,
4563,Days_Since_Last_Purchase,,,
4564,"Days_Since_Last_Purchase,Discount_Usage_Rate",,,
4565,,,,
4566,,,,
4567,,,,
4568,,,,
4569,,,,
4570,,,Discount_Usage_Rate,
4571,Days_Since_Last_Purchase,,,
4572,,Age,,Lifetime_Value
4573,Discount_Usage_Rate,,,
4574,,,,
4575,Discount_Usage_Rate,,,
4576,,,"Login_Frequency,Mobile_App_Usage,Social_Media_Engagement_Score",
4577,,,,
4578,,Returns_Rate,,
4579,,,Age,Age
4580,,,,
4581,,Cart_Abandonment_Rate,Cart_Abandonment_Rate,
4582,"Credit_Balance,Social_Media_Engagement_Score",,,
4583,Login_Frequency,,,
4584,,Days_Since_Last_Purchase,,
4585,,,,
4586,,,,
4587,,,,
4588,,,,
4589,Membership_Years,,,
4590,,,,
4591,,,,
4592,,Lifetime_Value,,
4593,,,,
4594,,,,
4595,Days_Since_Last_Purchase,,,
4596,,,,
4597,,,,
4598,,,,
4599,Cart_Abandonment_Rate,,,
4600,,,,
4601,,,,
4602,Customer_Service_Calls,,,
4603,Cart_Abandonment_Rate,Session_Duration_Avg,Cart_Abandonment_Rate,
4604,,,Lifetime_Value,
4605,,,,
4606,,,,
4607,,,,
4608,"Cart_Abandonment_Rate,Social_Media_Engagement_Score",,,
4609,,,Social_Media_Engagement_Score,
4610,Total_Purchases,,,
4611,,,,Discount_Usage_Rate
4612,,,,
4613,Days_Since_Last_Purchase,,Login_Frequency,
4614,,,,
4615,,,,
4616,,,,
4617,,,,
4618,,Social_Media_Engagement_Score,Social_Media_Engagement_Score,Social_Media_Engagement_Score
4619,Returns_Rate,,,
4620,,,,
4621,,,,
4622,,,,Login_Frequency
4623,,,,
4624,,,,
4625,,,,
4626,"Cart_Abandonment_Rate,Days_Since_Last_Purchase,Lifetime_Value",,"Cart_Abandonment_Rate,Login_Frequency,Mobile_App_Usage",
4627,Discount_Usage_Rate,,,
4628,,,,
4629,,,,
4630,,,,
4631,,,,
4632,,,,
4633,Cart_Abandonment_Rate,,Login_Frequency,Cart_Abandonment_Rate
4634,,,,
4635,,,,
4636,Days_Since_Last_Purchase,,,
4637,,,,
4638,,,,
4639,"Cart_Abandonment_Rate,Days_Since_Last_Purchase",,,
4640,"Customer_Service_Calls,Days_Since_Last_Purchase",,,
4641,,,,
4642,,,,
4643,,,,
4644,Login_Frequency,,,
4645,Cart_Abandonment_Rate,,,
4646,,,,
4647,,,,
4648,,,,
4649,,,,
4650,,,,
4651,,,,
4652,,Days_Since_Last_Purchase,,
4653,"Age,Cart_Abandonment_Rate,Days_Since_Last_Purchase",,,
4654,,,,
4655,"Discount_Usage_Rate,Mobile_App_Usage",Mobile_App_Usage,,
4656,,,,
4657,,,,
4658,Days_Since_Last_Purchase,,,
4659,,,,
4660,,,,
4661,,,,
4662,,,,
4663,Returns_Rate,,,
4664,"Credit_Balance,Customer_Service_Calls,Membership_Years",,,
4665,,,,
4666,,,,
4667,,,,
4668,,,,
4669,,,,
4670,Membership_Years,,,
4671,,,,
4672,,,,
4673,,Discount_Usage_Rate,,
4674,Age,,,Age
4675,,,,
4676,,,,Days_Since_Last_Purchase
4677,"Customer_Service_Calls,Lifetime_Value",,,
4678,,,"Customer_Service_Calls,Mobile_App_Usage",Cart_Abandonment_Rate
4679,,,Session_Duration_Avg,
4680,,,,
4681,Customer_Service_Calls,Customer_Service_Calls,"Customer_Service_Calls,Lifetime_Value","Customer_Service_Calls,Lifetime_Value"
4682,Total_Purchases,,,
4683,,,,
4684,,,,
4685,,,,
4686,Days_Since_Last_Purchase,,,
4687,Social_Media_Engagement_Score,,,
4688,,,,
4689,,,,Age
4690,,,,Login_Frequency
4691,Days_Since_Last_Purchase,,,
4692,,,,
4693,"Cart_Abandonment_Rate,Days_Since_Last_Purchase",,,
4694,Days_Since_Last_Purchase,,,
4695,,,,
4696,,,,
4697,Cart_Abandonment_Rate,Cart_Abandonment_Rate,,
4698,,,,
4699,,,,
4700,"Lifetime_Value,Returns_Rate",,,
4701,,,,
4702,Discount_Usage_Rate,,Age,
4703,,,,
4704,,,"Mobile_App_Usage,Social_Media_Engagement_Score",
4705,,,,
4706,,,,
4707,,,,
4708,Customer_Service_Calls,,,
4709,,,,
4710,"Returns_Rate,Total_Purchases",,Login_Frequency,
4711,,,,
4712,Total_Purchases,,,
4713,,,,
4714,,,,
4715,"Lifetime_Value,Returns_Rate",,,
4716,,,,
4717,Days_Since_Last_Purchase,,,
4718,,,,
4719,,,,
4720,,,,
4721,,,,
4722,Returns_Rate,,,
4723,Mobile_App_Usage,,,
4724,,,,
4725,,Age,,
4726,,,,
4727,,,,
4728,,,,
4729,,,Login_Frequency,Login_Frequency
4730,,,Session_Duration_Avg,Login_Frequency
4731,Days_Since_Last_Purchase,,Discount_Usage_Rate,
4732,,,,
4733,,,,
4734,,,,
4735,,,Customer_Service_Calls,
4736,,,,
4737,Cart_Abandonment_Rate,,,
4738,"Lifetime_Value,Returns_Rate",Lifetime_Value,,
4739,Returns_Rate,,,
4740,"Cart_Abandonment_Rate,Days_Since_Last_Purchase",Days_Since_Last_Purchase,,
4741,Social_Media_Engagement_Score,,,Lifetime_Value
4742,,,,
4743,,,,
4744,"Lifetime_Value,Returns_Rate",,,
4745,,,,
4746,Days_Since_Last_Purchase,,,
4747,,,,
4748,Social_Media_Engagement_Score,,Returns_Rate,
4749,,,,
4750,Days_Since_Last_Purchase,,,
4751,Returns_Rate,,,
4752,Days_Since_Last_Purchase,,,
4753,"Days_Since_Last_Purchase,Membership_Years",,,
4754,Days_Since_Last_Purchase,,,
4755,,,,
4756,,,,
4757,,,Lifetime_Value,
4758,,,,Age
4759,Login_Frequency,,,
4760,,,Cart_Abandonment_Rate,
4761,,,,
4762,Customer_Service_Calls,,,
4763,,,,
4764,Days_Since_Last_Purchase,,Days_Since_Last_Purchase,
4765,,,,
4766,,,,
4767,,,,
4768,,,,
4769,,,Login_Frequency,
4770,,Discount_Usage_Rate,,
4771,"Login_Frequency,Social_Media_Engagement_Score",,,
4772,,,,
4773,Customer_Service_Calls,,,
4774,,,,
4775,,,,
4776,,,,
4777,,,,
4778,,,,
4779,,,,
4780,Lifetime_Value,,,
4781,,,,
4782,,,,
4783,Customer_Service_Calls,Customer_Service_Calls,,
4784,,,,
4785,,,,
4786,,,,
4787,Discount_Usage_Rate,,Cart_Abandonment_Rate,
4788,Days_Since_Last_Purchase,,,
4789,,,,
4790,,,,
4791,,,Login_Frequency,
4792,,,,
4793,,,,
4794,,,"Lifetime_Value,Login_Frequency,Mobile_App_Usage,Session_Duration_Avg",
4795,Days_Since_Last_Purchase,,,
4796,,,,
4797,"Membership_Years,Returns_Rate",,,
4798,,,,
4799,Login_Frequency,,,
4800,,,Login_Frequency,
4801,Returns_Rate,,,
4802,"Days_Since_Last_Purchase,Social_Media_Engagement_Score",,,
4803,,,,
4804,,Customer_Service_Calls,"Customer_Service_Calls,Lifetime_Value",
4805,,,,
4806,,,,
4807,Customer_Service_Calls,,,
4808,,,,
4809,,,,
4810,Membership_Years,,,
4811,"Returns_Rate,Social_Media_Engagement_Score",,,
4812,Login_Frequency,,,
4813,,Days_Since_Last_Purchase,,
4814,,,,
4815,,,Credit_Balance,Discount_Usage_Rate
4816,,,Customer_Service_Calls,
4817,,,,
4818,Discount_Usage_Rate,,,
4819,,,,
4820,,,,
4821,Discount_Usage_Rate,,,
4822,Social_Media_Engagement_Score,Social_Media_Engagement_Score,,
4823,,,,
4824,Social_Media_Engagement_Score,,,
4825,,,,"Mobile_App_Usage,Social_Media_Engagement_Score"
4826,,,,
4827,,,,
4828,"Cart_Abandonment_Rate,Days_Since_Last_Purchase",,,
4829,,,,
4830,,,,
4831,Login_Frequency,,,
4832,,,,
4833,,,,
4834,,,,
4835,Days_Since_Last_Purchase,,,
4836,,,,
4837,,,,
4838,,,,Lifetime_Value
4839,"Discount_Usage_Rate,Total_Purchases",,,
4840,,,,Lifetime_Value
4841,,,,
4842,,,,
4843,,,,
4844,,Days_Since_Last_Purchase,,
4845,Cart_Abandonment_Rate,Cart_Abandonment_Rate,Cart_Abandonment_Rate,
4846,,,Discount_Usage_Rate,
4847,,,Average_Order_Value,Discount_Usage_Rate
4848,,,,Discount_Usage_Rate
4849,"Login_Frequency,Returns_Rate",,,
4850,,,,
4851,,,,
4852,,,,
4853,,,,
4854,,,,
4855,Login_Frequency,,Cart_Abandonment_Rate,
4856,,,,
4857,,,,
4858,,,Age,
4859,,,Login_Frequency,
4860,,,,
4861,Days_Since_Last_Purchase,,,
4862,,,,
4863,,,,
4864,,,Age,
4865,,,"Days_Since_Last_Purchase,Discount_Usage_Rate",Age
4866,Days_Since_Last_Purchase,,,
4867,"Cart_Abandonment_Rate,Days_Since_Last_Purchase",,,
4868,,,,
4869,Lifetime_Value,,Email_Open_Rate,
4870,Days_Since_Last_Purchase,Days_Since_Last_Purchase,,
4871,,Days_Since_Last_Purchase,Discount_Usage_Rate,
4872,,,,
4873,,,,
4874,,,,
4875,,Days_Since_Last_Purchase,,
4876,,,,
4877,,,,
4878,,,,
4879,,,,
4880,,Discount_Usage_Rate,,
4881,Discount_Usage_Rate,,,
4882,Cart_Abandonment_Rate,,,
4883,,,,
4884,,,,
4885,,,,
4886,,,,
4887,,,,
4888,Cart_Abandonment_Rate,,,
4889,,,,
4890,,,,
4891,,,Customer_Service_Calls,
4892,,,,
4893,,,,
4894,,,,
4895,,,,
4896,,,,
4897,Discount_Usage_Rate,,,
4898,Days_Since_Last_Purchase,,"Cart_Abandonment_Rate,Login_Frequency",
4899,,,,
4900,,,,
4901,Membership_Years,,,
4902,,,,
4903,,Discount_Usage_Rate,"Discount_Usage_Rate,Lifetime_Value",Discount_Usage_Rate
4904,,,,
4905,,,,
4906,,,,
4907,,,,
4908,,Credit_Balance,,
4909,"Cart_Abandonment_Rate,Days_Since_Last_Purchase",Login_Frequency,,
4910,Total_Purchases,,,
4911,,,,
4912,,,,
4913,,,,
4914,,,,
4915,"Cart_Abandonment_Rate,Days_Since_Last_Purchase",,,
4916,,,,
4917,"Cart_Abandonment_Rate,Days_Since_Last_Purchase",,,
4918,,,,
4919,,,,
4920,,,,
4921,,,,
4922,,,,
4923,,,,
4924,,,,
4925,Days_Since_Last_Purchase,,Login_Frequency,
4926,Customer_Service_Calls,,,
4927,,,,
4928,Days_Since_Last_Purchase,,,
4929,,,,
4930,Cart_Abandonment_Rate,,,
4931,,,,
4932,"Login_Frequency,Returns_Rate",,Discount_Usage_Rate,
4933,Login_Frequency,,,
4934,,,,
4935,,,,
4936,,,,
4937,Days_Since_Last_Purchase,,Login_Frequency,
4938,,,,
4939,"Login_Frequency,Returns_Rate",,,
4940,,,,
4941,,,,
4942,,,,
4943,,,,
4944,,,,
4945,,,,
4946,Membership_Years,,,
4947,,,,
4948,,,,
4949,,,,
4950,,,,
4951,,,,
4952,,,,
4953,,,,
4954,Social_Media_Engagement_Score,Lifetime_Value,"Customer_Service_Calls,Lifetime_Value",
4955,Returns_Rate,"Email_Open_Rate,Returns_Rate",,Email_Open_Rate
4956,,,,
4957,,,,
4958,,,,
4959,,,Age,
4960,,,,
4961,,,,
4962,,,,
4963,,,,
4964,,,,
4965,"Days_Since_Last_Purchase,Returns_Rate",Days_Since_Last_Purchase,,
4966,"Login_Frequency,Mobile_App_Usage",,,
4967,,,,
4968,,,,
4969,,,Login_Frequency,
4970,,,,
4971,Total_Purchases,,,
4972,,,,
4973,,,,
4974,Lifetime_Value,,Lifetime_Value,
4975,Returns_Rate,,Customer_Service_Calls,
4976,,,,
4977,,,Login_Frequency,
4978,,,,
4979,,,,
4980,,,,
4981,Days_Since_Last_Purchase,,,
4982,,,,
4983,Cart_Abandonment_Rate,,,
4984,Days_Since_Last_Purchase,,,
4985,,,Customer_Service_Calls,
4986,Days_Since_Last_Purchase,,,
4987,,,,
4988,"Credit_Balance,Membership_Years",,,
4989,,,,
4990,,,,
4991,,,,
4992,,Discount_Usage_Rate,,
4993,,,,
4994,Age,,,
4995,,,,
4996,"Membership_Years,Total_Purchases",,,
4997,Days_Since_Last_Purchase,,,
4998,,,,
4999,,,,
5000,,,,
5001,,,,
5002,,,,
5003,,,,
5004,,,,
5005,,,,
5006,,,,
5007,,,,
5008,,,,
5009,Credit_Balance,,Lifetime_Value,Lifetime_Value
5010,,,,
5011,Membership_Years,,,
5012,Lifetime_Value,,,
5013,,,,
5014,,,,
5015,"Lifetime_Value,Membership_Years","Lifetime_Value,Membership_Years",,
5016,,,,
5017,,,Lifetime_Value,
5018,,,,
5019,,,,
5020,,Mobile_App_Usage,,
5021,,,,
5022,Days_Since_Last_Purchase,,"Cart_Abandonment_Rate,Email_Open_Rate",
5023,,,,
5024,,,,
5025,,,,
5026,,,,
5027,,,,
5028,,,,
5029,,,,
5030,Login_Frequency,,,
5031,,,,
5032,,,,
5033,Mobile_App_Usage,,,
5034,,Age,"Age,Cart_Abandonment_Rate","Cart_Abandonment_Rate,Discount_Usage_Rate"
5035,,,,
5036,,,,
5037,Cart_Abandonment_Rate,,,
5038,,,,
5039,"Cart_Abandonment_Rate,Days_Since_Last_Purchase",,"Email_Open_Rate,Mobile_App_Usage,Social_Media_Engagement_Score",
5040,"Lifetime_Value,Membership_Years",,,
5041,,,,
5042,,,,
5043,Login_Frequency,,,
5044,,,,
5045,,,,
5046,,,,
5047,,,,
5048,,,,
5049,Customer_Service_Calls,,,
5050,Days_Since_Last_Purchase,,,
5051,,,,
5052,Days_Since_Last_Purchase,Days_Since_Last_Purchase,,
5053,"Lifetime_Value,Returns_Rate",,Lifetime_Value,Lifetime_Value
5054,Login_Frequency,,,
5055,,,,
5056,,,,
5057,,,,
5058,Customer_Service_Calls,,,
5059,,,,
5060,,,,
5061,,,,
5062,Credit_Balance,,,
5063,,,Login_Frequency,
5064,,,,
5065,,,,
5066,Discount_Usage_Rate,,,
5067,,,,
5068,,,,
5069,,,,
5070,,Lifetime_Value,,
5071,,,,
5072,,,,
5073,"Days_Since_Last_Purchase,Login_Frequency",,,
5074,,,,
5075,,,,
5076,"Lifetime_Value,Returns_Rate",,,
5077,,,,
5078,,,,
5079,"Cart_Abandonment_Rate,Customer_Service_Calls",,"Customer_Service_Calls,Lifetime_Value",
5080,,,,
5081,"Customer_Service_Calls,Days_Since_Last_Purchase",,Customer_Service_Calls,
5082,,,Login_Frequency,
5083,,,,Login_Frequency
5084,Credit_Balance,,Discount_Usage_Rate,
5085,,,,
5086,,,,
5087,,,,
5088,,,,
5089,Days_Since_Last_Purchase,,,
5090,,,,
5091,"Cart_Abandonment_Rate,Days_Since_Last_Purchase",,,
5092,,,,
5093,,,,
5094,,,Cart_Abandonment_Rate,"Mobile_App_Usage,Social_Media_Engagement_Score"
5095,,,,
5096,,,,
5097,Login_Frequency,,,
5098,"Cart_Abandonment_Rate,Returns_Rate",,,
5099,Lifetime_Value,,Days_Since_Last_Purchase,
5100,Days_Since_Last_Purchase,,,
5101,,,,
5102,,,"Cart_Abandonment_Rate,Login_Frequency",
5103,Cart_Abandonment_Rate,,,"Customer_Service_Calls,Lifetime_Value"
5104,,,"Login_Frequency,Social_Media_Engagement_Score",
5105,,,,
5106,,,,
5107,,,"Age,Discount_Usage_Rate",
5108,Discount_Usage_Rate,,,Discount_Usage_Rate
5109,,,,
5110,,,,
5111,,,,
5112,,,,
5113,,,,
5114,,,,
5115,Cart_Abandonment_Rate,,,
5116,Discount_Usage_Rate,,,
5117,"Cart_Abandonment_Rate,Days_Since_Last_Purchase",,,
5118,"Cart_Abandonment_Rate,Discount_Usage_Rate,Returns_Rate",,,Age
5119,,,Email_Open_Rate,
5120,,,Age,
5121,"Login_Frequency,Social_Media_Engagement_Score",,,
5122,,,,
5123,Discount_Usage_Rate,,Discount_Usage_Rate,
5124,,,"Login_Frequency,Social_Media_Engagement_Score",
5125,,Login_Frequency,,
5126,Days_Since_Last_Purchase,,,
5127,,,,
5128,Email_Open_Rate,,,Lifetime_Value
5129,,,,
5130,Days_Since_Last_Purchase,,,
5131,"Cart_Abandonment_Rate,Days_Since_Last_Purchase",,,
5132,Membership_Years,Cart_Abandonment_Rate,,
5133,,,,
5134,"Login_Frequency,Returns_Rate",,,
5135,,,,
5136,,,,
5137,"Days_Since_Last_Purchase,Membership_Years",,Age,
5138,Customer_Service_Calls,,,
5139,,,,
5140,,,Email_Open_Rate,
5141,,,,
5142,,,,
5143,,,,
5144,,,,
5145,Discount_Usage_Rate,,Customer_Service_Calls,
5146,,,,
5147,,,,
5148,,,Email_Open_Rate,Customer_Service_Calls
5149,,,,
5150,Mobile_App_Usage,,Discount_Usage_Rate,
5151,Social_Media_Engagement_Score,,,
5152,,,,
5153,"Discount_Usage_Rate,Email_Open_Rate",,,
5154,Returns_Rate,,Discount_Usage_Rate,
5155,Mobile_App_Usage,,,
5156,Days_Since_Last_Purchase,,,
5157,,,,
5158,,,,
5159,"Cart_Abandonment_Rate,Discount_Usage_Rate",,,
5160,Social_Media_Engagement_Score,,,
5161,Lifetime_Value,,,
5162,Age,,,
5163,,,,
5164,,,,
5165,,,,
5166,,,,
5167,,,,
5168,Days_Since_Last_Purchase,,,
5169,,,,
5170,Login_Frequency,,Customer_Service_Calls,
5171,"Days_Since_Last_Purchase,Login_Frequency",,,Age
5172,Membership_Years,,,
5173,Returns_Rate,,,
5174,,,,
5175,,,,
5176,,,,
5177,,,,
5178,,,Age,
5179,,Login_Frequency,"Age,Lifetime_Value",
5180,,,,
5181,,,,
5182,,,,
5183,,,,
5184,,,,
5185,Returns_Rate,,,
5186,,Days_Since_Last_Purchase,,
5187,Login_Frequency,,,
5188,,,,
5189,Mobile_App_Usage,,,
5190,,,,
5191,,,,
5192,,,"Login_Frequency,Mobile_App_Usage",
5193,,,,
5194,,,,
5195,,,,
5196,Customer_Service_Calls,,Customer_Service_Calls,
5197,Discount_Usage_Rate,Discount_Usage_Rate,,
5198,,,,
5199,Cart_Abandonment_Rate,,,
5200,,,,
5201,,,,
5202,Login_Frequency,,,
5203,Social_Media_Engagement_Score,,Customer_Service_Calls,
5204,Days_Since_Last_Purchase,,,
5205,,,,
5206,Cart_Abandonment_Rate,Days_Since_Last_Purchase,,
5207,,,,
5208,,,,
5209,Credit_Balance,,,
5210,,,,
5211,,,,
5212,,,,
5213,,Days_Since_Last_Purchase,,
5214,,,,
5215,Days_Since_Last_Purchase,,"Lifetime_Value,Membership_Years",
5216,,,,
5217,Login_Frequency,,,
5218,,,,
5219,,,,
5220,,,,
5221,,,,
5222,,,Session_Duration_Avg,
5223,,,,
5224,,,,Discount_Usage_Rate
5225,,,,
5226,"Days_Since_Last_Purchase,Total_Purchases",,,
5227,,,,
5228,,,Age,
5229,Returns_Rate,,,
5230,,,,
5231,,,,
5232,,,,
5233,,,Discount_Usage_Rate,
5234,,,Login_Frequency,
5235,,,,
5236,,,,
5237,Customer_Service_Calls,Customer_Service_Calls,"Customer_Service_Calls,Lifetime_Value",
5238,,,,
5239,,,,
5240,,,,
5241,,,,
5242,,,,
5243,,,,
5244,,,,
5245,,,,
5246,Cart_Abandonment_Rate,,,
5247,Login_Frequency,,Average_Order_Value,
5248,Days_Since_Last_Purchase,,,
5249,,,,
5250,,,,
5251,,,,
5252,,,,
5253,,,,
5254,,,,
5255,,,,
5256,"Customer_Service_Calls,Days_Since_Last_Purchase",,Customer_Service_Calls,Customer_Service_Calls
5257,,,,
5258,,,,
5259,,,,
5260,Mobile_App_Usage,,,
5261,Cart_Abandonment_Rate,,,
5262,Days_Since_Last_Purchase,,,
5263,,,,
5264,,Discount_Usage_Rate,,
5265,,,,
5266,,,,
5267,"Membership_Years,Returns_Rate",,,
5268,"Cart_Abandonment_Rate,Customer_Service_Calls",,"Cart_Abandonment_Rate,Customer_Service_Calls",
5269,,,,
5270,,,,
5271,,,,
5272,,,,
5273,Membership_Years,,,
5274,Lifetime_Value,,Lifetime_Value,Lifetime_Value
5275,,,,
5276,,,,
5277,,Lifetime_Value,,Lifetime_Value
5278,,,,
5279,,,,
5280,,,,
5281,,,,
5282,Discount_Usage_Rate,,,
5283,,,,
5284,,,,
5285,,,,
5286,,,,
5287,Login_Frequency,,"Cart_Abandonment_Rate,Login_Frequency",
5288,,,,Cart_Abandonment_Rate
5289,,,Cart_Abandonment_Rate,
5290,Days_Since_Last_Purchase,,,
5291,,,,
5292,,,,Age
5293,,,,
5294,,,,
5295,,,,
5296,Lifetime_Value,,,
5297,,Days_Since_Last_Purchase,,
5298,,,,
5299,Login_Frequency,,,
5300,"Login_Frequency,Returns_Rate",,"Age,Cart_Abandonment_Rate",
5301,,,,
5302,Cart_Abandonment_Rate,,,
5303,,,,
5304,Social_Media_Engagement_Score,,,
5305,Lifetime_Value,,,
5306,Days_Since_Last_Purchase,,,
5307,,,,
5308,,,,
5309,,,Age,
5310,,,,
5311,,,,
5312,,,,
5313,,,,
5314,,,,
5315,,,,
5316,Login_Frequency,,,
5317,Customer_Service_Calls,,,
5318,,,,
5319,,,,
5320,,,,Customer_Service_Calls
5321,,,,
5322,,,,
5323,,,,
5324,,,,
5325,Login_Frequency,,,
5326,,,,
5327,,,,
5328,,,,
5329,Credit_Balance,,,
5330,,,,
5331,,,,
5332,,,Cart_Abandonment_Rate,
5333,,,Login_Frequency,
5334,Membership_Years,,,
5335,,,,
5336,,,,
5337,,,,
5338,,,,
5339,,,,
5340,,,,
5341,"Cart_Abandonment_Rate,Days_Since_Last_Purchase",,Cart_Abandonment_Rate,
5342,,,,
5343,,,,
5344,"Cart_Abandonment_Rate,Discount_Usage_Rate",,,
5345,,,,
5346,,,,
5347,Days_Since_Last_Purchase,,,
5348,,,,
5349,Days_Since_Last_Purchase,,,
5350,Email_Open_Rate,Age,,
5351,,,,
5352,Days_Since_Last_Purchase,,,
5353,,,,
5354,Days_Since_Last_Purchase,Days_Since_Last_Purchase,,
5355,Returns_Rate,,,
5356,,,,
5357,,,,
5358,"Membership_Years,Returns_Rate",,,
5359,,,,
5360,"Cart_Abandonment_Rate,Days_Since_Last_Purchase",,Cart_Abandonment_Rate,
5361,,,,
5362,,,,
5363,,,,
5364,Returns_Rate,,,
5365,Login_Frequency,,,
5366,,,,
5367,,,,
5368,Days_Since_Last_Purchase,,,
5369,Days_Since_Last_Purchase,,,
5370,,,,
5371,Cart_Abandonment_Rate,Days_Since_Last_Purchase,Cart_Abandonment_Rate,
5372,Discount_Usage_Rate,,,
5373,,,,
5374,,,,
5375,,,,
5376,Login_Frequency,,,
5377,,,,
5378,Lifetime_Value,,,
5379,,,Age,Age
5380,"Login_Frequency,Social_Media_Engagement_Score",,,
5381,Discount_Usage_Rate,Discount_Usage_Rate,Discount_Usage_Rate,
5382,Days_Since_Last_Purchase,,,
5383,,,,
5384,,,,
5385,,,,
5386,Days_Since_Last_Purchase,,,
5387,Cart_Abandonment_Rate,,Cart_Abandonment_Rate,
5388,,,,
5389,,,,"Email_Open_Rate,Mobile_App_Usage"
5390,,,,
5391,,,,
5392,"Login_Frequency,Social_Media_Engagement_Score",,,
5393,,,,
5394,,,,
5395,,,,
5396,,,,
5397,,,,
5398,Login_Frequency,,,
5399,,,,
5400,,,,
5401,Days_Since_Last_Purchase,Customer_Service_Calls,,
5402,,,,
5403,,,,
5404,,,,
5405,,,Age,
5406,Returns_Rate,,,
5407,,,,
5408,,,,
5409,,,,
5410,Cart_Abandonment_Rate,,"Cart_Abandonment_Rate,Returns_Rate",
5411,,,Lifetime_Value,
5412,,,,
5413,,,,
5414,,,,
5415,,,,
5416,,,,
5417,,,,
5418,,,,
5419,Returns_Rate,,,
5420,,,,
5421,Customer_Service_Calls,"Cart_Abandonment_Rate,Customer_Service_Calls",Customer_Service_Calls,
5422,Returns_Rate,,Age,
5423,,,,
5424,,,,
5425,Days_Since_Last_Purchase,,,
5426,Returns_Rate,,,
5427,Days_Since_Last_Purchase,,,
5428,Days_Since_Last_Purchase,,,
5429,Returns_Rate,,,
5430,,,,
5431,Days_Since_Last_Purchase,Days_Since_Last_Purchase,,
5432,,,,
5433,,,,
5434,,,,
5435,,,,
5436,,,Discount_Usage_Rate,
5437,,Lifetime_Value,,
5438,Days_Since_Last_Purchase,,Login_Frequency,Age
5439,,,Age,
5440,,,,
5441,,,,
5442,Returns_Rate,,,
5443,,,,
5444,,,,
5445,,,,
5446,,,,
5447,,Days_Since_Last_Purchase,,
5448,Social_Media_Engagement_Score,,,"Customer_Service_Calls,Lifetime_Value"
5449,,,,
5450,,,,
5451,,Cart_Abandonment_Rate,,
5452,,,,
5453,,,,
5454,,,,
5455,,,,
5456,,,,
5457,,,,
5458,,,,
5459,,,,
5460,"Cart_Abandonment_Rate,Days_Since_Last_Purchase",Days_Since_Last_Purchase,,
5461,,,,
5462,Membership_Years,,,
5463,,,,Discount_Usage_Rate
5464,,,,
5465,,Discount_Usage_Rate,,
5466,,"Days_Since_Last_Purchase,Membership_Years",,
5467,Mobile_App_Usage,,,
5468,,,,
5469,Membership_Years,,,
5470,Days_Since_Last_Purchase,,,
5471,Returns_Rate,Cart_Abandonment_Rate,,
5472,,,,
5473,,,,
5474,,,,
5475,,Lifetime_Value,,
5476,,,,
5477,,,Lifetime_Value,
5478,,,,
5479,,,,
5480,,,,
5481,,,,
5482,,,,
5483,Login_Frequency,,,
5484,,,Discount_Usage_Rate,
5485,,,,
5486,,,,
5487,,,,Login_Frequency
5488,,,,
5489,,,,
5490,Credit_Balance,,,
5491,,,,
5492,,,,
5493,,,,
5494,"Mobile_App_Usage,Returns_Rate",,"Cart_Abandonment_Rate,Customer_Service_Calls",
5495,,,Cart_Abandonment_Rate,
5496,,,Cart_Abandonment_Rate,
5497,,,,
5498,,,,
5499,,,,
5500,,,,
5501,,,,
5502,Days_Since_Last_Purchase,,,
5503,,,,
5504,,Membership_Years,,
5505,Lifetime_Value,Lifetime_Value,,
5506,Login_Frequency,,,
5507,,,,
5508,"Discount_Usage_Rate,Login_Frequency",,,
5509,Returns_Rate,,,
5510,Days_Since_Last_Purchase,,,
5511,,,,
5512,,,,
5513,,,Login_Frequency,
5514,,,,
5515,Membership_Years,,,
5516,,,,
5517,"Days_Since_Last_Purchase,Membership_Years",,,
5518,"Days_Since_Last_Purchase,Social_Media_Engagement_Score",,,
5519,Session_Duration_Avg,,,
5520,,,,
5521,Login_Frequency,,,
5522,,,Lifetime_Value,
5523,,,,
5524,Returns_Rate,,,
5525,,,,
5526,,,Age,Age
5527,,,,
5528,,,,
5529,,,,
5530,Days_Since_Last_Purchase,Days_Since_Last_Purchase,Cart_Abandonment_Rate,
5531,,,,
5532,Days_Since_Last_Purchase,,,
5533,Cart_Abandonment_Rate,,,
5534,,,,
5535,,,,
5536,,,,
5537,,,,
5538,,,,
5539,,,,
5540,,,,
5541,"Credit_Balance,Social_Media_Engagement_Score","Login_Frequency,Social_Media_Engagement_Score",,
5542,,,,
5543,Cart_Abandonment_Rate,,,
5544,,,,
5545,"Days_Since_Last_Purchase,Login_Frequency",,,
5546,Discount_Usage_Rate,,,
5547,,,,
5548,Cart_Abandonment_Rate,,,
5549,,,,
5550,,,,
5551,,,,
5552,,,Cart_Abandonment_Rate,
5553,,,,
5554,"Cart_Abandonment_Rate,Login_Frequency",,Cart_Abandonment_Rate,
5555,,,,
5556,,,,
5557,,,,
5558,,,,
5559,"Discount_Usage_Rate,Session_Duration_Avg","Membership_Years,Returns_Rate",,
5560,,,,
5561,,,,
5562,Days_Since_Last_Purchase,Days_Since_Last_Purchase,,
5563,"Credit_Balance,Membership_Years",,,Email_Open_Rate
5564,"Discount_Usage_Rate,Total_Purchases",,,
5565,,,,
5566,,,,
5567,,,Discount_Usage_Rate,
5568,"Age,Lifetime_Value",,,
5569,,,,
5570,,,,
5571,Discount_Usage_Rate,,,
5572,,,,
5573,,,,
5574,Social_Media_Engagement_Score,,,
5575,,,,
5576,,,,
5577,,,,
5578,,,,
5579,,,,
5580,,,,
5581,,,,
5582,,,,
5583,Discount_Usage_Rate,,,
5584,,Discount_Usage_Rate,,
5585,,,,
5586,,,,
5587,Returns_Rate,,,
5588,,,,
5589,Discount_Usage_Rate,,,
5590,"Discount_Usage_Rate,Membership_Years",,,
5591,,,Cart_Abandonment_Rate,
5592,Social_Media_Engagement_Score,,,
5593,Social_Media_Engagement_Score,,,"Cart_Abandonment_Rate,Mobile_App_Usage"
5594,,,,
5595,,,Customer_Service_Calls,
5596,Cart_Abandonment_Rate,,,
5597,"Cart_Abandonment_Rate,Days_Since_Last_Purchase",,,
5598,,,,
5599,,,,
5600,Social_Media_Engagement_Score,,,
5601,,,,
5602,,,,
5603,,,,
5604,Discount_Usage_Rate,,,
5605,,,Cart_Abandonment_Rate,
5606,Login_Frequency,,Session_Duration_Avg,
5607,Social_Media_Engagement_Score,,,
5608,,,Login_Frequency,
5609,,,,
5610,,,,
5611,Membership_Years,,,
5612,,,,
5613,,,Discount_Usage_Rate,
5614,,,,
5615,,,,
5616,,,,
5617,Days_Since_Last_Purchase,Days_Since_Last_Purchase,,
5618,,,,
5619,Login_Frequency,,Discount_Usage_Rate,
5620,,,,
5621,"Returns_Rate,Social_Media_Engagement_Score",,,
5622,,,,
5623,,,,
5624,,,,
5625,,,,
5626,,,,
5627,Login_Frequency,,,
5628,,,,
5629,,,,
5630,,,,
5631,,,,
5632,Discount_Usage_Rate,,,
5633,,,,
5634,,,,
5635,,,,
5636,,,,
5637,,,"Cart_Abandonment_Rate,Login_Frequency","Cart_Abandonment_Rate,Login_Frequency"
5638,Lifetime_Value,,,
5639,,,Login_Frequency,
5640,,,,
5641,,,,
5642,Membership_Years,,Age,Discount_Usage_Rate
5643,Cart_Abandonment_Rate,,,
5644,,,,
5645,,,,
5646,"Email_Open_Rate,Mobile_App_Usage",,,
5647,"Credit_Balance,Session_Duration_Avg",,,
5648,,Membership_Years,,
5649,,,,
5650,Days_Since_Last_Purchase,,Login_Frequency,"Discount_Usage_Rate,Session_Duration_Avg"
5651,,Discount_Usage_Rate,,
5652,,,,
5653,,,,
5654,,,,
5655,,,,
5656,,,"Age,Discount_Usage_Rate",
5657,,,Cart_Abandonment_Rate,
5658,,,,
5659,,,,
5660,Returns_Rate,,,
5661,Cart_Abandonment_Rate,,Customer_Service_Calls,
5662,Customer_Service_Calls,,Customer_Service_Calls,
5663,,,,
5664,,,,Returns_Rate
5665,Days_Since_Last_Purchase,,,
5666,,,,
5667,Membership_Years,,,
5668,,,,
5669,"Discount_Usage_Rate,Membership_Years",,,
5670,,,,
5671,,,,
5672,,,,
5673,,,,
5674,,,,
5675,Days_Since_Last_Purchase,,Days_Since_Last_Purchase,
5676,,,,
5677,,,,
5678,,,,
5679,,,,
5680,"Cart_Abandonment_Rate,Days_Since_Last_Purchase",,,
5681,,,,
5682,,,,
5683,Customer_Service_Calls,Customer_Service_Calls,Customer_Service_Calls,Customer_Service_Calls
5684,,,,
5685,Cart_Abandonment_Rate,,,
5686,Returns_Rate,,Discount_Usage_Rate,
5687,,,"Cart_Abandonment_Rate,Discount_Usage_Rate",
5688,,,,
5689,Customer_Service_Calls,,Customer_Service_Calls,Social_Media_Engagement_Score
5690,,,,
5691,,,,
5692,,,,
5693,,,,
5694,,,,Cart_Abandonment_Rate
5695,,,,
5696,Membership_Years,,,
5697,,,Age,
5698,,,,"Login_Frequency,Social_Media_Engagement_Score"
5699,,,,
5700,,,,
5701,,,,
5702,Membership_Years,,,
5703,,,,
5704,,,,
5705,,,,
5706,,,"Discount_Usage_Rate,Login_Frequency",
5707,,Days_Since_Last_Purchase,,
5708,,,Age,
5709,,,,"Login_Frequency,Mobile_App_Usage,Social_Media_Engagement_Score"
5710,Discount_Usage_Rate,,,
5711,,,,
5712,Login_Frequency,,,
5713,,,,
5714,,,,
5715,,,,
5716,Login_Frequency,,,
5717,,Social_Media_Engagement_Score,,
5718,,,,
5719,,,,
5720,,,,
5721,,,,
5722,,,,
5723,Cart_Abandonment_Rate,,Cart_Abandonment_Rate,
5724,Discount_Usage_Rate,,,
5725,Returns_Rate,,,
5726,,,,
5727,,,,
5728,,,,
5729,,,,
5730,Cart_Abandonment_Rate,,Cart_Abandonment_Rate,"Email_Open_Rate,Mobile_App_Usage"
5731,,,Mobile_App_Usage,
5732,,,,
5733,,,,
5734,,,,
5735,,,,
5736,Login_Frequency,,,
5737,,,,
5738,Login_Frequency,,,
5739,,,,
5740,,,,
5741,,,,
5742,Days_Since_Last_Purchase,,,"Login_Frequency,Session_Duration_Avg"
5743,,,,
5744,Days_Since_Last_Purchase,,,
5745,,,,
5746,,,Cart_Abandonment_Rate,
5747,,,,
5748,,,,
5749,,,,Cart_Abandonment_Rate
5750,Social_Media_Engagement_Score,,,
5751,,,,
5752,,,,
5753,Returns_Rate,,"Discount_Usage_Rate,Session_Duration_Avg",
5754,,,,Discount_Usage_Rate
5755,,,"Average_Order_Value,Mobile_App_Usage",
5756,"Cart_Abandonment_Rate,Lifetime_Value",,,
5757,,,,
5758,,,,
5759,,,,
5760,,,,
5761,,,,
5762,,,Days_Since_Last_Purchase,
5763,,,,
5764,Social_Media_Engagement_Score,,Login_Frequency,
5765,,,Mobile_App_Usage,
5766,Social_Media_Engagement_Score,,,
5767,,,,
5768,,,,
5769,,Discount_Usage_Rate,,
5770,Discount_Usage_Rate,,,
5771,,,,
5772,,,,
5773,,,Age,
5774,Discount_Usage_Rate,,,
5775,,,,
5776,,Days_Since_Last_Purchase,,
5777,,,,
5778,,,,
5779,,,,
5780,,,,
5781,,,,
5782,,,,
5783,Cart_Abandonment_Rate,,,
5784,,,,
5785,Returns_Rate,,Cart_Abandonment_Rate,
5786,,,,
5787,,,,
5788,,,Cart_Abandonment_Rate,
5789,,,,
5790,,,,
5791,Returns_Rate,,,
5792,,,,
5793,,,,
5794,Discount_Usage_Rate,,,
5795,,,,
5796,,,,
5797,,,,
5798,Cart_Abandonment_Rate,,,
5799,,,,
5800,,,,
5801,,,,
5802,,,,
5803,Cart_Abandonment_Rate,,Cart_Abandonment_Rate,
5804,"Discount_Usage_Rate,Returns_Rate",,,
5805,,,,
5806,,Credit_Balance,Lifetime_Value,
5807,,,,
5808,,,,
5809,,,,
5810,,,Cart_Abandonment_Rate,
5811,,,,
5812,,,Discount_Usage_Rate,
5813,Discount_Usage_Rate,,,
5814,Customer_Service_Calls,,,
5815,,,,
5816,,,,
5817,,Days_Since_Last_Purchase,,
5818,"Days_Since_Last_Purchase,Discount_Usage_Rate",,,
5819,,,,
5820,,,,
5821,,,,
5822,,,,
5823,,,,
5824,,,,
5825,"Cart_Abandonment_Rate,Membership_Years",,,
5826,,,,
5827,,,Discount_Usage_Rate,
5828,Discount_Usage_Rate,,,
5829,,,,
5830,Social_Media_Engagement_Score,,,
5831,,,,
5832,,,,
5833,Mobile_App_Usage,,,Age
5834,,,,
5835,,,,
5836,,,,
5837,,,,
5838,,,,
5839,,,,
5840,"Days_Since_Last_Purchase,Login_Frequency,Social_Media_Engagement_Score",,,
5841,,,,
5842,,,,
5843,,,,
5844,,,,
5845,,,,
5846,,,,
5847,Days_Since_Last_Purchase,,Login_Frequency,
5848,,,,
5849,,,,
5850,Membership_Years,,,
5851,,,Cart_Abandonment_Rate,
5852,,,,
5853,Days_Since_Last_Purchase,Days_Since_Last_Purchase,,
5854,,,,
5855,,,,
5856,,,,
5857,Days_Since_Last_Purchase,,,
5858,,,Cart_Abandonment_Rate,
5859,,,,Mobile_App_Usage
5860,,Customer_Service_Calls,,
5861,Email_Open_Rate,,,
5862,,,,
5863,,,,
5864,"Cart_Abandonment_Rate,Days_Since_Last_Purchase,Login_Frequency",,,
5865,,,,Age
5866,Lifetime_Value,,Login_Frequency,Login_Frequency
5867,Social_Media_Engagement_Score,,,
5868,,,,
5869,,,,
5870,Discount_Usage_Rate,,,
5871,Login_Frequency,,,
5872,,Membership_Years,,
5873,,,Discount_Usage_Rate,
5874,,,Discount_Usage_Rate,
5875,,,,
5876,,,,
5877,Days_Since_Last_Purchase,,,
5878,,,,
5879,"Cart_Abandonment_Rate,Membership_Years",,,
5880,,,Session_Duration_Avg,
5881,,,,
5882,,,,
5883,,,,
5884,,,,
5885,,,,
5886,,Days_Since_Last_Purchase,,
5887,,,,
5888,Login_Frequency,,,
5889,,,Cart_Abandonment_Rate,
5890,Cart_Abandonment_Rate,,Cart_Abandonment_Rate,
5891,,,,
5892,,,Discount_Usage_Rate,
5893,,,,
5894,,,,
5895,"Cart_Abandonment_Rate,Days_Since_Last_Purchase",,Cart_Abandonment_Rate,
5896,,,,
5897,,,,
5898,Cart_Abandonment_Rate,,,
5899,,,,
5900,,,,
5901,,,,
5902,Customer_Service_Calls,,,
5903,,,,
5904,,,,
5905,,,Age,
5906,,,,
5907,,,,
5908,,,,
5909,,,,
5910,Returns_Rate,,,
5911,Days_Since_Last_Purchase,,,
5912,Customer_Service_Calls,,Customer_Service_Calls,
5913,,,,
5914,Credit_Balance,,,
5915,Discount_Usage_Rate,,,
5916,Membership_Years,,,
5917,,,,
5918,,,,
5919,"Login_Frequency,Social_Media_Engagement_Score",,"Cart_Abandonment_Rate,Login_Frequency,Returns_Rate",
5920,Returns_Rate,Returns_Rate,,
5921,,,,
5922,,,,
5923,,,,
5924,,,,Discount_Usage_Rate
5925,,,,
5926,,,,
5927,,,,
5928,,,,
5929,,,,
5930,,,,
5931,,,,
5932,,,,
5933,,,,
5934,"Lifetime_Value,Membership_Years",,,
5935,,,,
5936,Membership_Years,,,
5937,Days_Since_Last_Purchase,Lifetime_Value,,
5938,Cart_Abandonment_Rate,,,
5939,,,,
5940,Customer_Service_Calls,,,
5941,,,,
5942,,,,
5943,"Discount_Usage_Rate,Social_Media_Engagement_Score",,,
5944,,,,
5945,,,,
5946,,,,Age
5947,,,,
5948,Returns_Rate,,,
5949,,,,
5950,Days_Since_Last_Purchase,,,
5951,,,,
5952,Discount_Usage_Rate,,,
5953,Social_Media_Engagement_Score,,,
5954,,,,
5955,Days_Since_Last_Purchase,,,
5956,,,,
5957,,,,
5958,Cart_Abandonment_Rate,,,
5959,Returns_Rate,,,
5960,,,,
5961,,,,
5962,Days_Since_Last_Purchase,,,
5963,Discount_Usage_Rate,,,
5964,"Credit_Balance,Lifetime_Value,Returns_Rate",,,
5965,Cart_Abandonment_Rate,,Cart_Abandonment_Rate,
5966,Login_Frequency,,,
5967,,,,
5968,Discount_Usage_Rate,Days_Since_Last_Purchase,,
5969,Login_Frequency,,,
5970,,,,
5971,,,,
5972,,,,
5973,,,,
5974,"Credit_Balance,Membership_Years",,Customer_Service_Calls,
5975,,,,
5976,,,,
5977,"Days_Since_Last_Purchase,Social_Media_Engagement_Score",,,
5978,Cart_Abandonment_Rate,,,
5979,,,,
5980,,,,
5981,,,,
5982,,,,
5983,,,,"Discount_Usage_Rate,Login_Frequency"
5984,Discount_Usage_Rate,,,
5985,,,,
5986,,,,
5987,,,,
5988,,,,
5989,,,,
5990,Days_Since_Last_Purchase,,,
5991,,,,
5992,Returns_Rate,,,
5993,,,,
5994,,,,
5995,,,,
5996,Days_Since_Last_Purchase,,,
5997,Discount_Usage_Rate,,,
5998,,Returns_Rate,,
5999,,,,
6000,Lifetime_Value,,,
6001,"Age,Days_Since_Last_Purchase",Discount_Usage_Rate,,
6002,Credit_Balance,,,
6003,,,,
6004,,,,
6005,,,,
6006,,,Cart_Abandonment_Rate,
6007,,,,
6008,Login_Frequency,,,
6009,Days_Since_Last_Purchase,,,
6010,,,,
6011,Days_Since_Last_Purchase,Discount_Usage_Rate,"Age,Login_Frequency",
6012,,,,
6013,,,,
6014,Cart_Abandonment_Rate,,,
6015,,Days_Since_Last_Purchase,Lifetime_Value,
6016,Membership_Years,,,
6017,,,,
6018,Social_Media_Engagement_Score,,,
6019,Discount_Usage_Rate,,,
6020,,,,
6021,Days_Since_Last_Purchase,Days_Since_Last_Purchase,,
6022,,,,
6023,Cart_Abandonment_Rate,,,
6024,,,,
6025,,,,
6026,Lifetime_Value,,,Age
6027,,,"Email_Open_Rate,Login_Frequency",
6028,,,,
6029,,,,
6030,,,,
6031,Customer_Service_Calls,,,
6032,,,,
6033,Login_Frequency,,,
6034,,,,
6035,,,,
6036,,,,
6037,,,,
6038,,,,
6039,,,,
6040,,,,
6041,,,,
6042,Social_Media_Engagement_Score,,,
6043,,Cart_Abandonment_Rate,Cart_Abandonment_Rate,
6044,"Lifetime_Value,Returns_Rate",,,
6045,Login_Frequency,,,
6046,Days_Since_Last_Purchase,,Age,Age
6047,,,,
6048,,,Login_Frequency,
6049,,,,
6050,,,,
6051,Lifetime_Value,,,
6052,,,Age,Login_Frequency
6053,,,,
6054,"Login_Frequency,Social_Media_Engagement_Score",,,
6055,,,,
6056,Days_Since_Last_Purchase,,"Discount_Usage_Rate,Session_Duration_Avg",
6057,,,,
6058,,,,
6059,"Cart_Abandonment_Rate,Days_Since_Last_Purchase",,,
6060,Membership_Years,,,Session_Duration_Avg
6061,,,,
6062,,Days_Since_Last_Purchase,,
6063,,,,
6064,Days_Since_Last_Purchase,,,
6065,"Credit_Balance,Customer_Service_Calls",,,"Email_Open_Rate,Mobile_App_Usage,Social_Media_Engagement_Score"
6066,,,,
6067,Social_Media_Engagement_Score,,Days_Since_Last_Purchase,
6068,,,,
6069,,,,
6070,,,Cart_Abandonment_Rate,
6071,,,Login_Frequency,
6072,Discount_Usage_Rate,,,
6073,Mobile_App_Usage,,,
6074,Days_Since_Last_Purchase,,Discount_Usage_Rate,
6075,,,,
6076,"Cart_Abandonment_Rate,Discount_Usage_Rate",,,
6077,"Days_Since_Last_Purchase,Discount_Usage_Rate","Days_Since_Last_Purchase,Discount_Usage_Rate",Cart_Abandonment_Rate,
6078,Membership_Years,,,
6079,,,,
6080,,,,
6081,,,Average_Order_Value,
6082,,,,
6083,,,,
6084,Discount_Usage_Rate,,,
6085,Membership_Years,,,
6086,Cart_Abandonment_Rate,,,
6087,,,,
6088,,,,
6089,,,Login_Frequency,
6090,,,,Age
6091,,,,
6092,,,,
6093,,,,
6094,,,,
6095,Days_Since_Last_Purchase,,,
6096,,,,
6097,,,,
6098,,,,
6099,,,,
6100,,,,
6101,,,,
6102,,,,
6103,,,,
6104,,Lifetime_Value,,
6105,,,,
6106,,,,
6107,,,"Discount_Usage_Rate,Lifetime_Value",Age
6108,,,,
6109,,,,
6110,,,,
6111,,,,
6112,,,,
6113,Returns_Rate,,,
6114,,,Login_Frequency,
6115,,,,
6116,,,,
6117,,,,
6118,,,,
6119,Discount_Usage_Rate,,,
6120,Credit_Balance,,,
6121,,,,
6122,Returns_Rate,"Age,Days_Since_Last_Purchase",,
6123,,,,
6124,,Discount_Usage_Rate,,
6125,,,Customer_Service_Calls,
6126,,,,
6127,,,,
6128,Lifetime_Value,,,
6129,,,,
6130,Discount_Usage_Rate,,,
6131,Customer_Service_Calls,,,
6132,,,,
6133,,,,
6134,,,,
6135,,,,
6136,,,,
6137,,,,
6138,,,,
6139,,,,
6140,Login_Frequency,,,
6141,,,,
6142,,,,
6143,Days_Since_Last_Purchase,,,
6144,,,,
6145,,,,
6146,,,,
6147,,,Age,
6148,,,,
6149,,,,
6150,,,,
6151,,,,
6152,,,,
6153,Membership_Years,,,
6154,,,,
6155,,,Days_Since_Last_Purchase,
6156,Login_Frequency,,,
6157,,,,
6158,Membership_Years,Age,,
6159,,,,
6160,,Days_Since_Last_Purchase,Days_Since_Last_Purchase,
6161,Days_Since_Last_Purchase,,,
6162,,,,
6163,Cart_Abandonment_Rate,,Cart_Abandonment_Rate,
6164,Discount_Usage_Rate,,,
6165,,,Discount_Usage_Rate,
6166,,,,
6167,Days_Since_Last_Purchase,Days_Since_Last_Purchase,,
6168,,,,
6169,,,,
6170,,,,
6171,,,,
6172,,,,
6173,,,,
6174,"Cart_Abandonment_Rate,Returns_Rate",,Cart_Abandonment_Rate,
6175,Days_Since_Last_Purchase,,,Cart_Abandonment_Rate
6176,,,,
6177,"Cart_Abandonment_Rate,Discount_Usage_Rate",,,
6178,,,,
6179,,,,
6180,,,,
6181,Lifetime_Value,,,Discount_Usage_Rate
6182,Cart_Abandonment_Rate,,,
6183,,,,
6184,Days_Since_Last_Purchase,,,
6185,"Days_Since_Last_Purchase,Social_Media_Engagement_Score",,,
6186,"Login_Frequency,Social_Media_Engagement_Score",,,
6187,,,,Login_Frequency
6188,,,,
6189,"Credit_Balance,Lifetime_Value",,,
6190,,,,
6191,,,,
6192,Login_Frequency,,,
6193,Social_Media_Engagement_Score,,,
6194,,,,
6195,,,,
6196,,,,
6197,Days_Since_Last_Purchase,Membership_Years,Mobile_App_Usage,
6198,"Days_Since_Last_Purchase,Social_Media_Engagement_Score",,,
6199,,,,
6200,,,,
6201,,,,
6202,,,,
6203,Days_Since_Last_Purchase,,Cart_Abandonment_Rate,
6204,Cart_Abandonment_Rate,,Login_Frequency,
6205,,,,
6206,,,,
6207,Returns_Rate,,,
6208,,,,
6209,,,,
6210,,,,
6211,,,,
6212,,,,
6213,,,,
6214,Days_Since_Last_Purchase,,,
6215,,Days_Since_Last_Purchase,,
6216,,,,
6217,,Returns_Rate,"Email_Open_Rate,Login_Frequency,Mobile_App_Usage",
6218,Days_Since_Last_Purchase,,,Days_Since_Last_Purchase
6219,"Cart_Abandonment_Rate,Days_Since_Last_Purchase,Login_Frequency",,Mobile_App_Usage,Mobile_App_Usage
6220,,,Cart_Abandonment_Rate,
6221,,,,
6222,,,,
6223,,,,
6224,,,,Membership_Years
6225,,,,
6226,,,,
6227,,,Age,
6228,Discount_Usage_Rate,,,
6229,"Age,Login_Frequency",Age,,
6230,,,,
6231,,,,
6232,,,,
6233,,,,
6234,,,,
6235,,,,
6236,,,,
6237,,,,
6238,"Days_Since_Last_Purchase,Login_Frequency",,,
6239,,,,
6240,,,,
6241,,,,
6242,,,,
6243,,,,Discount_Usage_Rate
6244,,,,
6245,,,,
6246,,,,Customer_Service_Calls
6247,,,"Cart_Abandonment_Rate,Discount_Usage_Rate",
6248,,,,
6249,,,,
6250,Membership_Years,,,Lifetime_Value
6251,,,,
6252,,,,
6253,Social_Media_Engagement_Score,,,
6254,,Discount_Usage_Rate,Lifetime_Value,
6255,,,,
6256,,,,
6257,,,,
6258,,,Age,
6259,,,,
6260,"Cart_Abandonment_Rate,Login_Frequency,Returns_Rate",,,
6261,,,,
6262,Cart_Abandonment_Rate,,,
6263,,,,
6264,,,,
6265,,,,
6266,,,,
6267,,,,
6268,,,Age,
6269,,,,
6270,,,,
6271,,,,
6272,Returns_Rate,,,
6273,,,,
6274,Days_Since_Last_Purchase,,,
6275,Discount_Usage_Rate,,,Discount_Usage_Rate
6276,,,,
6277,"Days_Since_Last_Purchase,Returns_Rate",,,
6278,,,,
6279,Discount_Usage_Rate,,,
6280,,,,
6281,,,,
6282,"Days_Since_Last_Purchase,Login_Frequency",,,
6283,,,,
6284,,,,
6285,,,,
6286,,,,
6287,Login_Frequency,,Customer_Service_Calls,
6288,Days_Since_Last_Purchase,,,
6289,,,Login_Frequency,
6290,,,,
6291,,,,
6292,,Days_Since_Last_Purchase,,
6293,,,,
6294,Customer_Service_Calls,,,
6295,,,,
6296,Days_Since_Last_Purchase,,,
6297,,Cart_Abandonment_Rate,,
6298,Days_Since_Last_Purchase,,,
6299,,Social_Media_Engagement_Score,Mobile_App_Usage,Social_Media_Engagement_Score
6300,,,,
6301,Days_Since_Last_Purchase,,,
6302,,,,
6303,Membership_Years,,,
6304,,Returns_Rate,,
6305,"Returns_Rate,Social_Media_Engagement_Score",,,
6306,,,,
6307,"Days_Since_Last_Purchase,Discount_Usage_Rate",,,Days_Since_Last_Purchase
6308,,,,
6309,,,,
6310,,Discount_Usage_Rate,,
6311,,,,
6312,,,,
6313,,,,
6314,,,,
6315,,Days_Since_Last_Purchase,,
6316,,,,
6317,Days_Since_Last_Purchase,,,
6318,,,,
6319,,,,
6320,,,,
6321,,,,
6322,,,,
6323,,,,
6324,,,,
6325,"Cart_Abandonment_Rate,Credit_Balance",,,
6326,,,,
6327,,,,
6328,,,,
6329,,,,
6330,,,,
6331,,,,
6332,,,Cart_Abandonment_Rate,
6333,Customer_Service_Calls,,,
6334,,Days_Since_Last_Purchase,,Lifetime_Value
6335,Cart_Abandonment_Rate,,,
6336,,,,
6337,Days_Since_Last_Purchase,,Mobile_App_Usage,
6338,Days_Since_Last_Purchase,Days_Since_Last_Purchase,Cart_Abandonment_Rate,
6339,Discount_Usage_Rate,,,
6340,Membership_Years,,,
6341,Days_Since_Last_Purchase,,,
6342,,,,
6343,,,,
6344,,,,
6345,,,,Lifetime_Value
6346,,,,
6347,Days_Since_Last_Purchase,,,
6348,,Discount_Usage_Rate,,
6349,"Days_Since_Last_Purchase,Discount_Usage_Rate",,,
6350,Days_Since_Last_Purchase,,,
6351,Age,,,
6352,,,,
6353,,,,
6354,,,,
6355,,,,
6356,,,,
6357,,,,
6358,Credit_Balance,,,
6359,,,,Membership_Years
6360,Login_Frequency,,,
6361,"Lifetime_Value,Membership_Years",,Login_Frequency,
6362,,,,
6363,,,,
6364,Returns_Rate,,,
6365,"Discount_Usage_Rate,Login_Frequency",,,
6366,Social_Media_Engagement_Score,,,
6367,,,,
6368,,,,
6369,,,,
6370,,,,
6371,Discount_Usage_Rate,,,
6372,,,,Lifetime_Value
6373,,,,
6374,Discount_Usage_Rate,,,
6375,,,,Discount_Usage_Rate
6376,,,,
6377,,,,
6378,,,,
6379,,,,
6380,,,Cart_Abandonment_Rate,
6381,,,,
6382,,,,
6383,"Cart_Abandonment_Rate,Days_Since_Last_Purchase",,,
6384,,,,
6385,"Cart_Abandonment_Rate,Discount_Usage_Rate,Login_Frequency",,,
6386,,,,
6387,,,,
6388,,,,
6389,,,,
6390,,,,
6391,Days_Since_Last_Purchase,,Session_Duration_Avg,
6392,,,,
6393,,,Customer_Service_Calls,
6394,,,Cart_Abandonment_Rate,
6395,Lifetime_Value,,,
6396,,,,"Login_Frequency,Session_Duration_Avg"
6397,,,,
6398,"Cart_Abandonment_Rate,Customer_Service_Calls",Lifetime_Value,Customer_Service_Calls,"Cart_Abandonment_Rate,Social_Media_Engagement_Score"
6399,,,,
6400,,,,
6401,,,,
6402,,,,
6403,,,,
6404,,,,
6405,Social_Media_Engagement_Score,,,
6406,,Lifetime_Value,,
6407,,,,
6408,,,,
6409,,,,
6410,,,,
6411,,Customer_Service_Calls,Customer_Service_Calls,
6412,,,,
6413,"Login_Frequency,Returns_Rate",,,
6414,,,,
6415,,,,Lifetime_Value
6416,,,,
6417,,,,
6418,,,"Login_Frequency,Session_Duration_Avg",
6419,,,,
6420,,,,
6421,Membership_Years,,,
6422,,,,
6423,Discount_Usage_Rate,,,Age
6424,,,,
6425,,,,
6426,,,,
6427,,,,
6428,Lifetime_Value,,,
6429,,,,
6430,,,,
6431,,,,
6432,Days_Since_Last_Purchase,,,
6433,,,,
6434,,,,Email_Open_Rate
6435,Returns_Rate,,,
6436,,,Customer_Service_Calls,
6437,Cart_Abandonment_Rate,,,
6438,Days_Since_Last_Purchase,,,
6439,,,,
6440,Returns_Rate,,,
6441,,,Session_Duration_Avg,
6442,,,,
6443,,,,
6444,,,Age,
6445,,,,
6446,,,,Lifetime_Value
6447,,,,
6448,,,,
6449,Login_Frequency,,Cart_Abandonment_Rate,
6450,Social_Media_Engagement_Score,,,
6451,,,,
6452,,,,
6453,Days_Since_Last_Purchase,,,
6454,Discount_Usage_Rate,,,
6455,,,,
6456,,,,
6457,Customer_Service_Calls,,,
6458,,,,
6459,,,,
6460,Days_Since_Last_Purchase,,,
6461,,,,Lifetime_Value
6462,Discount_Usage_Rate,,,
6463,Discount_Usage_Rate,,,
6464,,,Cart_Abandonment_Rate,
6465,,,,
6466,,,Login_Frequency,
6467,Days_Since_Last_Purchase,Customer_Service_Calls,"Customer_Service_Calls,Lifetime_Value",
6468,Customer_Service_Calls,Discount_Usage_Rate,Age,
6469,,,,
6470,,Credit_Balance,,
6471,,,,
6472,,Login_Frequency,,
6473,Returns_Rate,,,
6474,Session_Duration_Avg,,,
6475,,,,
6476,,,,
6477,,,"Customer_Service_Calls,Lifetime_Value",
6478,"Discount_Usage_Rate,Membership_Years",,Average_Order_Value,
6479,,,,
6480,,,"Cart_Abandonment_Rate,Login_Frequency",
6481,Returns_Rate,,,
6482,Discount_Usage_Rate,,,
6483,,,,
6484,,,,
6485,,,,
6486,,,,
6487,,,,
6488,,,Customer_Service_Calls,
6489,,,,
6490,,,,
6491,,,,
6492,,Login_Frequency,Cart_Abandonment_Rate,
6493,,,,
6494,,,,
6495,Days_Since_Last_Purchase,,,
6496,,,,
6497,Discount_Usage_Rate,,,
6498,Customer_Service_Calls,,,
6499,,,,
6500,Days_Since_Last_Purchase,,,
6501,Days_Since_Last_Purchase,,Cart_Abandonment_Rate,
6502,Login_Frequency,,,
6503,,,,
6504,,,,
6505,,,,
6506,Customer_Service_Calls,,,
6507,,,,
6508,,,,
6509,Days_Since_Last_Purchase,,,
6510,,,,
6511,,,,
6512,,,,
6513,"Days_Since_Last_Purchase,Login_Frequency,Returns_Rate",,,Discount_Usage_Rate
6514,Customer_Service_Calls,,Cart_Abandonment_Rate,
6515,,,,
6516,"Days_Since_Last_Purchase,Social_Media_Engagement_Score",,,
6517,Mobile_App_Usage,,,
6518,,,,
6519,,,,
6520,Days_Since_Last_Purchase,,Age,
6521,,,,
6522,,,Mobile_App_Usage,
6523,,,,
6524,,,Cart_Abandonment_Rate,
6525,Login_Frequency,,,
6526,,,,
6527,,,,
6528,,,,
6529,Returns_Rate,,,
6530,Discount_Usage_Rate,,,
6531,,,,
6532,,,,
6533,,,,
6534,,,,
6535,,,Discount_Usage_Rate,
6536,,,,
6537,Discount_Usage_Rate,,,
6538,,Cart_Abandonment_Rate,,
6539,Login_Frequency,,,
6540,,,,
6541,,,,
6542,,Days_Since_Last_Purchase,,
6543,Cart_Abandonment_Rate,,,
6544,,,,
6545,,,,
6546,,,,
6547,,,,
6548,Days_Since_Last_Purchase,,,
6549,,,,
6550,Average_Order_Value,,,
6551,,,,
6552,,,,
6553,,,,
6554,Social_Media_Engagement_Score,,,
6555,Social_Media_Engagement_Score,,,
6556,,,,
6557,,,Cart_Abandonment_Rate,
6558,,,,
6559,Membership_Years,,,
6560,,,,
6561,,,,
6562,,,Session_Duration_Avg,
6563,Days_Since_Last_Purchase,,,
6564,,,,
6565,,,,
6566,,,,
6567,,,,
6568,,,,
6569,,,,
6570,,,,
6571,Days_Since_Last_Purchase,,,
6572,,,,
6573,,,,
6574,Membership_Years,,,
6575,,,Age,
6576,"Cart_Abandonment_Rate,Days_Since_Last_Purchase",,,Cart_Abandonment_Rate
6577,,,,
6578,,,,
6579,,,,
6580,,,,
6581,Membership_Years,,,
6582,,,,
6583,Discount_Usage_Rate,,,
6584,,,,
6585,,,,
6586,,,,
6587,"Login_Frequency,Social_Media_Engagement_Score",,,
6588,Days_Since_Last_Purchase,,,
6589,Days_Since_Last_Purchase,Days_Since_Last_Purchase,,
6590,,,,
6591,,,,
6592,,Discount_Usage_Rate,,
6593,,,,
6594,,,"Discount_Usage_Rate,Session_Duration_Avg",
6595,,,,
6596,,,,
6597,,,Login_Frequency,Login_Frequency
6598,,,,
6599,,,,
6600,,,,
6601,Lifetime_Value,,,
6602,Days_Since_Last_Purchase,,,
6603,Days_Since_Last_Purchase,,,
6604,,,,
6605,Returns_Rate,,Cart_Abandonment_Rate,
6606,Cart_Abandonment_Rate,,,
6607,,,Cart_Abandonment_Rate,
6608,"Cart_Abandonment_Rate,Days_Since_Last_Purchase",,Cart_Abandonment_Rate,
6609,"Lifetime_Value,Membership_Years",,,
6610,,,,
6611,Cart_Abandonment_Rate,,,
6612,Cart_Abandonment_Rate,,,
6613,,,,
6614,Days_Since_Last_Purchase,,,
6615,,,,
6616,,,,
6617,,,,
6618,Days_Since_Last_Purchase,,,
6619,,,,
6620,Days_Since_Last_Purchase,,,
6621,Cart_Abandonment_Rate,,,
6622,Customer_Service_Calls,,,
6623,,,,
6624,,,,
6625,Days_Since_Last_Purchase,,,
6626,,,,
6627,,,,
6628,Discount_Usage_Rate,,,
6629,Days_Since_Last_Purchase,,,
6630,,,,Days_Since_Last_Purchase
6631,Days_Since_Last_Purchase,,,
6632,"Lifetime_Value,Membership_Years",,Cart_Abandonment_Rate,
6633,,,,
6634,,,Discount_Usage_Rate,
6635,,Cart_Abandonment_Rate,,
6636,,,,
6637,Social_Media_Engagement_Score,,,
6638,,,,
6639,Lifetime_Value,,,
6640,Session_Duration_Avg,,,
6641,,,,
6642,Discount_Usage_Rate,,,
6643,,,,
6644,,,,
6645,,,"Discount_Usage_Rate,Session_Duration_Avg",
6646,Days_Since_Last_Purchase,,,
6647,,,Login_Frequency,
6648,Average_Order_Value,,,
6649,,,,"Age,Discount_Usage_Rate"
6650,,,,
6651,,,,
6652,,,,
6653,,,,
6654,,,,
6655,"Discount_Usage_Rate,Login_Frequency",,,
6656,,,,
6657,,,,
6658,,,,
6659,,,,Cart_Abandonment_Rate
6660,,,,
6661,,,,Age
6662,"Average_Order_Value,Membership_Years",,,
6663,Returns_Rate,,Session_Duration_Avg,
6664,Discount_Usage_Rate,,,
6665,,,,
6666,,,,
6667,,,,
6668,,,,
6669,,,,
6670,Discount_Usage_Rate,Discount_Usage_Rate,,
6671,Returns_Rate,,,
6672,,,,
6673,,,,
6674,Returns_Rate,,,
6675,,,,
6676,,,,
6677,"Customer_Service_Calls,Membership_Years",,,"Customer_Service_Calls,Lifetime_Value"
6678,,,,
6679,,,,
6680,,,,
6681,Lifetime_Value,,,Lifetime_Value
6682,,,,Age
6683,Discount_Usage_Rate,Discount_Usage_Rate,,
6684,Login_Frequency,,,
6685,,,,
6686,,,Discount_Usage_Rate,
6687,,,,
6688,,,,
6689,,,,
6690,,,,
6691,,,,
6692,"Cart_Abandonment_Rate,Days_Since_Last_Purchase",,,
6693,,,,
6694,,,,
6695,Discount_Usage_Rate,,Discount_Usage_Rate,
6696,,,,
6697,,Credit_Balance,Cart_Abandonment_Rate,
6698,"Cart_Abandonment_Rate,Discount_Usage_Rate",Cart_Abandonment_Rate,,
6699,,,,
6700,,,,
6701,,,,
6702,Cart_Abandonment_Rate,,,Cart_Abandonment_Rate
6703,"Days_Since_Last_Purchase,Social_Media_Engagement_Score",,Discount_Usage_Rate,Discount_Usage_Rate
6704,Social_Media_Engagement_Score,,,Discount_Usage_Rate
6705,,,,
6706,,,,
6707,,,,
6708,Cart_Abandonment_Rate,,,
6709,,,,
6710,,,,
6711,,,,
6712,"Lifetime_Value,Membership_Years",,Age,
6713,,,,
6714,Login_Frequency,,,
6715,Returns_Rate,Days_Since_Last_Purchase,Cart_Abandonment_Rate,
6716,,,,
6717,Days_Since_Last_Purchase,,,
6718,"Customer_Service_Calls,Days_Since_Last_Purchase",,Average_Order_Value,
6719,Discount_Usage_Rate,,,
6720,,,,
6721,,,,
6722,Days_Since_Last_Purchase,,,
6723,,,,
6724,,,,
6725,,Days_Since_Last_Purchase,Cart_Abandonment_Rate,Age
6726,,,,
6727,Days_Since_Last_Purchase,,,
6728,,,Discount_Usage_Rate,
6729,,,,
6730,Social_Media_Engagement_Score,,,
6731,,,,
6732,,,,
6733,"Login_Frequency,Returns_Rate",,,
6734,Returns_Rate,,,
6735,,,,
6736,,,,
6737,,,,
6738,,,,
6739,Days_Since_Last_Purchase,,,
6740,,,,
6741,,,,Discount_Usage_Rate
6742,,,,
6743,,,,
6744,,,"Login_Frequency,Mobile_App_Usage",
6745,,,,
6746,Days_Since_Last_Purchase,Mobile_App_Usage,,
6747,,,,
6748,,,,
6749,"Days_Since_Last_Purchase,Social_Media_Engagement_Score",,,
6750,,,,
6751,,,,
6752,Social_Media_Engagement_Score,,Age,
6753,,,,
6754,,,,
6755,,,,
6756,,,,
6757,,,"Customer_Service_Calls,Login_Frequency",
6758,Lifetime_Value,Login_Frequency,,
6759,,,,
6760,,"Customer_Service_Calls,Membership_Years",,
6761,,,,
6762,Days_Since_Last_Purchase,,Login_Frequency,
6763,,,,
6764,,,,
6765,Membership_Years,,,
6766,,,,
6767,,,,
6768,,,,
6769,,,,
6770,,,,
6771,Social_Media_Engagement_Score,,,
6772,,,,
6773,,,,
6774,,,,Lifetime_Value
6775,,,"Login_Frequency,Session_Duration_Avg",
6776,Average_Order_Value,,,
6777,,,,
6778,Days_Since_Last_Purchase,,,
6779,,,,
6780,Mobile_App_Usage,,,
6781,,,,
6782,,,,
6783,,,Lifetime_Value,
6784,,,,
6785,,,,
6786,Membership_Years,,,
6787,,,,
6788,Days_Since_Last_Purchase,,,
6789,,,,
6790,,,,
6791,,,,
6792,,,,
6793,,,Age,
6794,,,,
6795,,,,
6796,Days_Since_Last_Purchase,Days_Since_Last_Purchase,,
6797,,,,
6798,Days_Since_Last_Purchase,Days_Since_Last_Purchase,,
6799,"Days_Since_Last_Purchase,Social_Media_Engagement_Score",,,
6800,,,,
6801,,,,
6802,,,,
6803,Cart_Abandonment_Rate,,,
6804,Days_Since_Last_Purchase,,Cart_Abandonment_Rate,
6805,,,Discount_Usage_Rate,
6806,,,,
6807,Returns_Rate,,,
6808,,,,
6809,,,,
6810,Credit_Balance,,,
6811,Discount_Usage_Rate,,,
6812,,,Cart_Abandonment_Rate,
6813,,,Login_Frequency,
6814,Cart_Abandonment_Rate,,Cart_Abandonment_Rate,
6815,,,,
6816,,,,
6817,,,,
6818,,,,
6819,"Login_Frequency,Returns_Rate",,,
6820,Returns_Rate,,,
6821,,,,
6822,,,,
6823,,,,
6824,,,,
6825,Days_Since_Last_Purchase,Days_Since_Last_Purchase,,
6826,Days_Since_Last_Purchase,,,
6827,,Days_Since_Last_Purchase,,
6828,,,,
6829,,,,
6830,,,,
6831,Days_Since_Last_Purchase,,,
6832,Customer_Service_Calls,,,
6833,,,,
6834,,,Discount_Usage_Rate,Cart_Abandonment_Rate
6835,,,,
6836,,,,
6837,Login_Frequency,,,"Cart_Abandonment_Rate,Session_Duration_Avg"
6838,Returns_Rate,,,
6839,,,,
6840,,,,
6841,Returns_Rate,,,
6842,Membership_Years,,,
6843,Membership_Years,,,
6844,Lifetime_Value,,,
6845,,,,
6846,,,,
6847,,,,
6848,,,,
6849,Returns_Rate,,,
6850,,,,
6851,Days_Since_Last_Purchase,,,
6852,,,,
6853,,,,
6854,,,,
6855,Membership_Years,,,
6856,Days_Since_Last_Purchase,Days_Since_Last_Purchase,,
6857,,,,
6858,Customer_Service_Calls,,"Cart_Abandonment_Rate,Customer_Service_Calls",Customer_Service_Calls
6859,Days_Since_Last_Purchase,,,
6860,Discount_Usage_Rate,,,
6861,,,,
6862,,,,
6863,,,,
6864,Days_Since_Last_Purchase,,,
6865,,,,
6866,,,,
6867,,,,
6868,,,,
6869,,,,Membership_Years
6870,,,,
6871,,,,
6872,,,,
6873,,,"Login_Frequency,Session_Duration_Avg,Social_Media_Engagement_Score",Session_Duration_Avg
6874,,Returns_Rate,,
6875,Days_Since_Last_Purchase,,,
6876,,,,
6877,,,,
6878,,,,
6879,Cart_Abandonment_Rate,,Cart_Abandonment_Rate,
6880,,,,
6881,"Login_Frequency,Returns_Rate",,,
6882,Credit_Balance,,,
6883,,,,
6884,,,,
6885,Total_Purchases,,,
6886,,Customer_Service_Calls,,
6887,,,,
6888,Age,,,
6889,,,,
6890,,,,
6891,Discount_Usage_Rate,,,
6892,,,,
6893,,,,
6894,,,,
6895,,,,
6896,,,,
6897,,,,
6898,,,,
6899,Credit_Balance,,,
6900,"Returns_Rate,Social_Media_Engagement_Score",,,
6901,Days_Since_Last_Purchase,,,
6902,,,Lifetime_Value,
6903,,,,
6904,,,,
6905,,,,Login_Frequency
6906,Days_Since_Last_Purchase,,,
6907,Returns_Rate,,,
6908,,,,
6909,,,,
6910,,,,
6911,,Discount_Usage_Rate,,
6912,Customer_Service_Calls,,,
6913,,,,
6914,,,,
6915,,,,
6916,,,,
6917,,,,
6918,Days_Since_Last_Purchase,,,
6919,"Days_Since_Last_Purchase,Discount_Usage_Rate",,,
6920,Days_Since_Last_Purchase,,,
6921,,,,
6922,,,,Lifetime_Value
6923,,,,
6924,,Days_Since_Last_Purchase,,
6925,"Days_Since_Last_Purchase,Membership_Years",,,
6926,,,,
6927,,,,
6928,,,,
6929,Days_Since_Last_Purchase,,,
6930,Membership_Years,,,
6931,,,,
6932,,,,
6933,,,Cart_Abandonment_Rate,
6934,,,,
6935,"Login_Frequency,Returns_Rate",,,
6936,,,,
6937,Login_Frequency,,Cart_Abandonment_Rate,
6938,,,,
6939,"Login_Frequency,Returns_Rate",,,
6940,,,,
6941,,,,
6942,,,,
6943,,,,
6944,,,,
6945,,,,
6946,,,,
6947,,,,
6948,,,,
6949,,,,
6950,Login_Frequency,,,
6951,,,Customer_Service_Calls,
6952,Returns_Rate,,,
6953,,,Discount_Usage_Rate,
6954,,,,
6955,Returns_Rate,,,
6956,,,,
6957,,,,
6958,Total_Purchases,,,
6959,,,,
6960,"Cart_Abandonment_Rate,Discount_Usage_Rate,Login_Frequency",,,
6961,,,,
6962,,,,
6963,,,,
6964,,,,
6965,,,,
6966,,,,
6967,,,Cart_Abandonment_Rate,
6968,,,,
6969,,,,
6970,,,,
6971,,,,
6972,,,,Discount_Usage_Rate
6973,,,Average_Order_Value,
6974,"Customer_Service_Calls,Membership_Years",,Customer_Service_Calls,
6975,,,Login_Frequency,
6976,,,,
6977,,,Customer_Service_Calls,"Customer_Service_Calls,Login_Frequency"
6978,,,,Age
6979,,,,
6980,,,,Mobile_App_Usage
6981,Returns_Rate,,,
6982,"Login_Frequency,Returns_Rate",,,
6983,,,,
6984,,,,
6985,,,,
6986,,,Customer_Service_Calls,
6987,,,,
6988,,,,
6989,Days_Since_Last_Purchase,,,Age
6990,Days_Since_Last_Purchase,,,
6991,,,,
6992,,,,
6993,,,,
6994,,,,
6995,Login_Frequency,,,
6996,,,,
6997,,,,
6998,,,,
6999,Cart_Abandonment_Rate,,,
7000,,,,
7001,,,,Cart_Abandonment_Rate
7002,,,,
7003,,,,
7004,,,,
7005,Membership_Years,,,
7006,Days_Since_Last_Purchase,,,
7007,,,Mobile_App_Usage,
7008,,,,
7009,,,,
7010,,,,
7011,,,Email_Open_Rate,
7012,,,,
7013,,,,
7014,,,,
7015,,,,
7016,,,,
7017,,,,
7018,Discount_Usage_Rate,,,
7019,,,,
7020,,,,
7021,,,,
7022,,,,
7023,,Customer_Service_Calls,,
7024,,,,
7025,Cart_Abandonment_Rate,,,
7026,,,,
7027,Discount_Usage_Rate,,,
7028,,,,
7029,,,,
7030,Login_Frequency,,,
7031,,,,
7032,,,,
7033,,,,
7034,Social_Media_Engagement_Score,,,
7035,,,,
7036,,,,
7037,,,,
7038,,,,
7039,Days_Since_Last_Purchase,,,
7040,,,,
7041,,,,
7042,,,,
7043,Membership_Years,,,
7044,,,,
7045,,,,
7046,,,,
7047,,,,
7048,,,Session_Duration_Avg,
7049,,,,
7050,Membership_Years,,,
7051,,,,
7052,Total_Purchases,,,
7053,"Cart_Abandonment_Rate,Lifetime_Value",,Customer_Service_Calls,
7054,,,,
7055,,,,
7056,,,,
7057,,,,
7058,,,,
7059,,,,
7060,,,,
7061,,,,
7062,Login_Frequency,,,
7063,,,,
7064,,,Lifetime_Value,
7065,Days_Since_Last_Purchase,Days_Since_Last_Purchase,,
7066,Returns_Rate,,,
7067,Mobile_App_Usage,,Session_Duration_Avg,
7068,Social_Media_Engagement_Score,,,
7069,,,,
7070,"Membership_Years,Total_Purchases",,,
7071,,,,
7072,,Login_Frequency,,
7073,"Login_Frequency,Social_Media_Engagement_Score",,Session_Duration_Avg,
7074,,,,
7075,Email_Open_Rate,,,
7076,,,,
7077,,,,
7078,"Days_Since_Last_Purchase,Membership_Years,Social_Media_Engagement_Score",,,
7079,,,,
7080,"Login_Frequency,Mobile_App_Usage",,,
7081,,,,
7082,Membership_Years,,Mobile_App_Usage,
7083,,,,
7084,Days_Since_Last_Purchase,,,
7085,,,,
7086,,Days_Since_Last_Purchase,,
7087,,,Lifetime_Value,
7088,,,Cart_Abandonment_Rate,
7089,,,,
7090,Discount_Usage_Rate,,,
7091,,,Login_Frequency,
7092,,,,Cart_Abandonment_Rate
7093,,,,
7094,Membership_Years,,,
7095,,,,Cart_Abandonment_Rate
7096,,,,Session_Duration_Avg
7097,,,,
7098,,,,
7099,Returns_Rate,,,
7100,,,,
7101,,,,
7102,Days_Since_Last_Purchase,,,
7103,,,,
7104,,,,
7105,Cart_Abandonment_Rate,,,
7106,Cart_Abandonment_Rate,,,
7107,Days_Since_Last_Purchase,,,
7108,,,,
7109,,,,
7110,,,,
7111,,,,
7112,,,,
7113,,,,
7114,"Cart_Abandonment_Rate,Days_Since_Last_Purchase",,Cart_Abandonment_Rate,
7115,,,,
7116,"Cart_Abandonment_Rate,Membership_Years",,Age,
7117,Days_Since_Last_Purchase,,,
7118,,,Mobile_App_Usage,
7119,,,,
7120,Discount_Usage_Rate,,,
7121,,,,
7122,,,Age,
7123,,,Login_Frequency,Login_Frequency
7124,,,,
7125,,,,
7126,,,,
7127,,,,
7128,,,,
7129,,,,
7130,Membership_Years,Days_Since_Last_Purchase,,
7131,,,,
7132,,,,
7133,,,,
7134,Age,,Lifetime_Value,
7135,,,,
7136,Discount_Usage_Rate,,,
7137,Membership_Years,,,
7138,,,,
7139,,,,
7140,,,,
7141,,,,
7142,,,,
7143,,,,
7144,Login_Frequency,,,
7145,,,,
7146,,,,
7147,,,,Customer_Service_Calls
7148,Cart_Abandonment_Rate,,,
7149,,,,
7150,,,,
7151,Social_Media_Engagement_Score,,,
7152,Login_Frequency,,Cart_Abandonment_Rate,
7153,Discount_Usage_Rate,,,
7154,,Lifetime_Value,,Lifetime_Value
7155,,,,
7156,Days_Since_Last_Purchase,,,Age
7157,,,,
7158,,,,
7159,,,,
7160,,,,
7161,,,,
7162,,,,
7163,,,,
7164,,,,
7165,,,,
7166,,,,
7167,,,Lifetime_Value,
7168,"Cart_Abandonment_Rate,Membership_Years",,,
7169,,Days_Since_Last_Purchase,,
7170,Cart_Abandonment_Rate,Cart_Abandonment_Rate,,
7171,,Days_Since_Last_Purchase,,
7172,"Cart_Abandonment_Rate,Days_Since_Last_Purchase,Login_Frequency",,,
7173,,,,
7174,,,,
7175,Days_Since_Last_Purchase,,"Discount_Usage_Rate,Session_Duration_Avg",
7176,,,,
7177,Returns_Rate,,,
7178,Days_Since_Last_Purchase,Days_Since_Last_Purchase,Age,
7179,,,,
7180,Customer_Service_Calls,,,
7181,,,,
7182,,,,
7183,"Login_Frequency,Total_Purchases",Lifetime_Value,,
7184,Cart_Abandonment_Rate,,Age,
7185,Discount_Usage_Rate,,,
7186,,,,Age
7187,,,,
7188,,,,
7189,,,,
7190,,,,
7191,Cart_Abandonment_Rate,,,
7192,,,,
7193,,,,
7194,,,,
7195,Login_Frequency,,,
7196,,,,
7197,,,,
7198,,,,
7199,Days_Since_Last_Purchase,,,
7200,,,,
7201,,,,
7202,,,Cart_Abandonment_Rate,
7203,Customer_Service_Calls,Customer_Service_Calls,Customer_Service_Calls,Customer_Service_Calls
7204,,,"Session_Duration_Avg,Social_Media_Engagement_Score",
7205,,,,Discount_Usage_Rate
7206,Customer_Service_Calls,,,
7207,,,,
7208,"Cart_Abandonment_Rate,Days_Since_Last_Purchase",,"Cart_Abandonment_Rate,Discount_Usage_Rate",
7209,,,,
7210,Login_Frequency,,,
7211,Days_Since_Last_Purchase,,,
7212,,,,
7213,,,,
7214,,,Session_Duration_Avg,
7215,,,,
7216,"Days_Since_Last_Purchase,Returns_Rate",,,
7217,,,,
7218,Days_Since_Last_Purchase,,,
7219,,,Lifetime_Value,
7220,Membership_Years,,,
7221,,,,
7222,,,,
7223,,,,
7224,Lifetime_Value,,,"Days_Since_Last_Purchase,Mobile_App_Usage"
7225,,,,
7226,,,,
7227,,,,
7228,,,,
7229,Social_Media_Engagement_Score,,,
7230,,,,
7231,,,,
7232,Returns_Rate,,,
7233,Cart_Abandonment_Rate,,,
7234,,,,
7235,,,"Login_Frequency,Mobile_App_Usage",
7236,,,,
7237,,,,
7238,,,,
7239,,,,
7240,,,,Session_Duration_Avg
7241,,,,
7242,,,"Lifetime_Value,Membership_Years",
7243,,,,
7244,"Lifetime_Value,Returns_Rate",,,
7245,,,,Login_Frequency
7246,,,,
7247,Lifetime_Value,,,
7248,,,,
7249,,Discount_Usage_Rate,,
7250,,,,
7251,Discount_Usage_Rate,,,
7252,,,,
7253,,,,
7254,,,,
7255,,,Cart_Abandonment_Rate,
7256,Returns_Rate,,,
7257,,Discount_Usage_Rate,,
7258,,Lifetime_Value,,Lifetime_Value
7259,,,,
7260,"Cart_Abandonment_Rate,Days_Since_Last_Purchase",,,
7261,,,,
7262,,Membership_Years,,
7263,Social_Media_Engagement_Score,,,
7264,Discount_Usage_Rate,,,
7265,,,,
7266,,,,
7267,,,,
7268,,,,
7269,Login_Frequency,,,
7270,Cart_Abandonment_Rate,,,
7271,,,,
7272,,,,
7273,,,,
7274,,,,Social_Media_Engagement_Score
7275,Days_Since_Last_Purchase,,,
7276,,,,
7277,,,Cart_Abandonment_Rate,
7278,Discount_Usage_Rate,,,
7279,Credit_Balance,,,
7280,,Days_Since_Last_Purchase,,
7281,,,,
7282,,,,
7283,Lifetime_Value,,,
7284,Lifetime_Value,,,Lifetime_Value
7285,,,,
7286,,,,
7287,,,Session_Duration_Avg,
7288,,,,
7289,,Discount_Usage_Rate,,
7290,,,,
7291,,,,Cart_Abandonment_Rate
7292,Email_Open_Rate,,,
7293,,,,
7294,,,,
7295,,,,
7296,,,,
7297,,,,
7298,,,Cart_Abandonment_Rate,
7299,Returns_Rate,,,
7300,,,,
7301,,,,
7302,,,,
7303,,,,
7304,Mobile_App_Usage,,,
7305,,,,
7306,,Cart_Abandonment_Rate,,
7307,,,,
7308,,,,
7309,Days_Since_Last_Purchase,,,
7310,,,Cart_Abandonment_Rate,
7311,,,,
7312,Lifetime_Value,,,
7313,,,,
7314,,,,
7315,,,,
7316,,,,
7317,,,,
7318,,,,
7319,Discount_Usage_Rate,,,
7320,Membership_Years,,,
7321,,,,
7322,,,,
7323,,,,
7324,,,,
7325,,,,
7326,,,,
7327,,,,
7328,,,,
7329,,,,
7330,Days_Since_Last_Purchase,,,
7331,,,,
7332,,,,
7333,Days_Since_Last_Purchase,,,
7334,Returns_Rate,,,
7335,,,,Cart_Abandonment_Rate
7336,,,,
7337,,,,
7338,Discount_Usage_Rate,,,
7339,,,,
7340,,,,
7341,,,,
7342,,,,
7343,Days_Since_Last_Purchase,,,
7344,"Cart_Abandonment_Rate,Login_Frequency",,,
7345,,,,
7346,,,,
7347,,,,
7348,,,,
7349,,,,
7350,,,,
7351,"Login_Frequency,Returns_Rate",,,
7352,Days_Since_Last_Purchase,,,
7353,,,Age,
7354,,,,
7355,,,,
7356,Average_Order_Value,,,
7357,,,,
7358,,,,
7359,,,,
7360,Discount_Usage_Rate,,"Login_Frequency,Mobile_App_Usage",
7361,,,,Login_Frequency
7362,,,,
7363,Login_Frequency,,,
7364,,,"Discount_Usage_Rate,Lifetime_Value,Membership_Years",
7365,,,,
7366,,,,
7367,,,,Age
7368,Returns_Rate,,,
7369,,,,
7370,Lifetime_Value,,,
7371,,,,
7372,,,,
7373,,,,
7374,Mobile_App_Usage,,"Cart_Abandonment_Rate,Lifetime_Value",
7375,,,,
7376,,,,
7377,,,,
7378,,,,
7379,,,,
7380,,,,
7381,,,,
7382,,,,
7383,,,Login_Frequency,
7384,,,,
7385,,,"Cart_Abandonment_Rate,Discount_Usage_Rate",
7386,,,,Discount_Usage_Rate
7387,,,,
7388,,,,Age
7389,Returns_Rate,,,
7390,,,,
7391,,,,
7392,,,,
7393,,,,
7394,Days_Since_Last_Purchase,,,
7395,,,,
7396,Discount_Usage_Rate,,,
7397,Membership_Years,,,
7398,,,,
7399,,,,
7400,"Days_Since_Last_Purchase,Discount_Usage_Rate,Login_Frequency",,"Login_Frequency,Mobile_App_Usage,Session_Duration_Avg",
7401,,,,
7402,,,,
7403,Membership_Years,,Lifetime_Value,Age
7404,,,,
7405,,,,
7406,,,,
7407,Total_Purchases,,,
7408,,,,
7409,,,,
7410,,,,
7411,Days_Since_Last_Purchase,,,
7412,,,,
7413,,,,
7414,,,Discount_Usage_Rate,
7415,,Days_Since_Last_Purchase,,
7416,,Days_Since_Last_Purchase,,
7417,Cart_Abandonment_Rate,,,
7418,Days_Since_Last_Purchase,,,
7419,,,,
7420,,,,
7421,,,,
7422,"Days_Since_Last_Purchase,Discount_Usage_Rate,Social_Media_Engagement_Score",,Days_Since_Last_Purchase,
7423,,,,
7424,,,,Session_Duration_Avg
7425,,,,
7426,,,,
7427,,,,
7428,,,Discount_Usage_Rate,
7429,"Days_Since_Last_Purchase,Social_Media_Engagement_Score",,,
7430,Membership_Years,Days_Since_Last_Purchase,,
7431,Lifetime_Value,,,
7432,,,,
7433,,,,
7434,,Days_Since_Last_Purchase,,
7435,Lifetime_Value,,Discount_Usage_Rate,
7436,,,,
7437,,,,
7438,,,Login_Frequency,
7439,,,,
7440,,,,
7441,,,,
7442,,,,
7443,,,,
7444,,,,
7445,,,,
7446,,Returns_Rate,,
7447,,,,
7448,Days_Since_Last_Purchase,,Age,
7449,,,,
7450,,,"Cart_Abandonment_Rate,Days_Since_Last_Purchase",
7451,,,,
7452,,,,
7453,Customer_Service_Calls,Total_Purchases,,
7454,,,,
7455,,,,
7456,,,,
7457,Membership_Years,,,
7458,Cart_Abandonment_Rate,,,
7459,,,,Membership_Years
7460,,,,Lifetime_Value
7461,Cart_Abandonment_Rate,,,
7462,,,,
7463,,,,
7464,,,,
7465,,,,
7466,,,,
7467,"Login_Frequency,Returns_Rate",,,
7468,,,,
7469,,,,
7470,Login_Frequency,,,
7471,Days_Since_Last_Purchase,,,
7472,,,,
7473,,,,
7474,Membership_Years,,,
7475,,,,
7476,Login_Frequency,,,
7477,"Cart_Abandonment_Rate,Discount_Usage_Rate",,,
7478,,,,
7479,Discount_Usage_Rate,,,
7480,"Cart_Abandonment_Rate,Days_Since_Last_Purchase",Days_Since_Last_Purchase,,
7481,"Lifetime_Value,Membership_Years",,,
7482,,,,
7483,Discount_Usage_Rate,,,
7484,,,,
7485,,,,
7486,,,,
7487,,,,
7488,,,,
7489,,,,
7490,"Credit_Balance,Lifetime_Value",,,
7491,,,,
7492,,,Membership_Years,
7493,,,,
7494,Days_Since_Last_Purchase,,,
7495,,,,
7496,,,,
7497,,Membership_Years,,
7498,Login_Frequency,,,
7499,Cart_Abandonment_Rate,,,
7500,,,,
