Age,Gender,Country,Membership_Years,Login_Frequency,Session_Duration_Avg,Pages_Per_Session,Cart_Abandonment_Rate,Wishlist_Items,Total_Purchases,Average_Order_Value,Days_Since_Last_Purchase,Discount_Usage_Rate,Returns_Rate,Email_Open_Rate,Customer_Service_Calls,Product_Reviews_Written,Social_Media_Engagement_Score,Mobile_App_Usage,Payment_Method_Diversity,Lifetime_Value,Credit_Balance,Signup_Quarter,y_true,y_pred,y_proba,churn_decision,risk_tier,shap_Age,shap_Membership_Years,shap_Login_Frequency,shap_Session_Duration_Avg,shap_Pages_Per_Session,shap_Cart_Abandonment_Rate,shap_Wishlist_Items,shap_Total_Purchases,shap_Average_Order_Value,shap_Days_Since_Last_Purchase,shap_Discount_Usage_Rate,shap_Returns_Rate,shap_Email_Open_Rate,shap_Customer_Service_Calls,shap_Product_Reviews_Written,shap_Social_Media_Engagement_Score,shap_Mobile_App_Usage,shap_Payment_Method_Diversity,shap_Lifetime_Value,shap_Credit_Balance,shap_Gender_Female,shap_Gender_Male,shap_Gender_Other,shap_Country_Australia,shap_Country_Canada,shap_Country_France,shap_Country_Germany,shap_Country_India,shap_Country_Japan,shap_Country_UK,shap_Country_USA,shap_Signup_Quarter_Q1,shap_Signup_Quarter_Q2,shap_Signup_Quarter_Q3,shap_Signup_Quarter_Q4,top_5_reasons,reason_1,reason_2,reason_3,reason_4,reason_5,rf_pred,rf_proba,row_id,qwen_decision,qwen_explanation,qwen_recommendation,qwen_time_sec,gemma_decision,gemma_explanation,gemma_recommendation,gemma_time_sec
44.0,Male,Australia,10.0,22.0,44.6,16.7,36.4,9.0,31.200000000000003,239.19,9.0,73.8,4.9,63.7,5.0,3.0,54.8,,3.0,6508.72,4030.0,Q4,0,0,0.4544,RETAIN,Medium,-0.1854,-0.0946,-0.0756,-0.1876,-0.0431,-0.2443,0.013,0.5184,0.27,-0.1081,0.0566,-0.0146,-0.2066,-1.8598,-0.142,-0.0781,0.1454,0.0132,1.7748,0.1161,-0.0017,-0.0175,-0.0034,0.088,-0.0189,0.0262,-0.0073,-0.0058,0.0015,-0.0065,-0.0797,-0.0176,0.0116,-0.0039,0.0872,"Low Customer service calls (5.0) reduces churn risk [SHAP=-1.86, dominant driver] | Low Lifetime value (6508.72) increases churn risk [SHAP=+1.77, dominant driver] | Low Total purchases (31.2) increases churn risk [SHAP=+0.52, strong signal] | High Average order value (239.19) increases churn risk [SHAP=+0.27, moderate signal] | Low Cart abandonment rate (36.4) reduces churn risk [SHAP=-0.24, moderate signal]","Low Customer service calls (5.0) reduces churn risk [SHAP=-1.86, dominant driver]","Low Lifetime value (6508.72) increases churn risk [SHAP=+1.77, dominant driver]","Low Total purchases (31.2) increases churn risk [SHAP=+0.52, strong signal]","High Average order value (239.19) increases churn risk [SHAP=+0.27, moderate signal]","Low Cart abandonment rate (36.4) reduces churn risk [SHAP=-0.24, moderate signal]",0,0.2659389501814673,366,retain,"Both XGBOOST and Random Forest models agree to retain the customer, with XGBOOST identifying low customer service calls (SHAP=-1.86) as the dominant driver reducing churn risk despite elevated lifetime value (SHAP=+1.77). The population benchmarks confirm that this customer's service call count (5.0) aligns with retained users, outweighing the risk from lower purchase frequency.",Implement a targeted loyalty reward program to address the low lifetime value signal while maintaining the current service interaction frequency that currently suppresses churn probability.,5.391921915113926,retain,"Both the XGBoost and Random Forest models predict retention with high confidence (ROC-AUC of 0.927 and 0.921 respectively), driven by SHAP values indicating low customer service calls, a relatively high lifetime value, and a moderate cart abandonment rate as protective factors. The benchmarks also support retention, showing that this customer's purchase volume and lifetime value are above average for churners.  The SHAP values highlight that low customer service calls and a high discount usage rate are particularly beneficial in reducing churn risk.","Proactively offer a personalized discount or reward to this customer to reinforce their loyalty and encourage another purchase within the next 30 days.  Additionally, investigate the reasons behind the customer’s 9-day inactivity and address any potential friction points in the purchase process to minimize future cart abandonment.",26.872638332657516
43.0,Male,UK,1.5,28.0,54.2,12.8,30.1,10.0,29.9,122.57,,73.8,3.1,44.8,4.0,11.0,51.2,47.2,1.0,2491.82,3965.0,Q4,0,0,0.0933,RETAIN,Low,-0.2025,0.0005,0.1086,0.3179,0.134,-0.5008,-0.008,-0.2934,-0.1162,0.0414,-0.5379,-0.1448,-0.2853,-1.757,-0.3915,-0.0348,0.0872,-0.0176,1.2157,0.1029,-0.0183,-0.025,-0.0062,-0.0005,-0.0113,0.0201,-0.0086,-0.0185,0.0016,-0.0136,0.0064,-0.0014,-0.0369,-0.015,0.0372,"Low Customer service calls (4.0) reduces churn risk [SHAP=-1.76, dominant driver] | Low Lifetime value (2491.82) increases churn risk [SHAP=+1.22, strong signal] | High Discount usage rate (73.8) reduces churn risk [SHAP=-0.54, strong signal] | Low Cart abandonment rate (30.1) reduces churn risk [SHAP=-0.50, strong signal] | High Product reviews written (11.0) reduces churn risk [SHAP=-0.39, moderate signal]","Low Customer service calls (4.0) reduces churn risk [SHAP=-1.76, dominant driver]","Low Lifetime value (2491.82) increases churn risk [SHAP=+1.22, strong signal]","High Discount usage rate (73.8) reduces churn risk [SHAP=-0.54, strong signal]","Low Cart abandonment rate (30.1) reduces churn risk [SHAP=-0.50, strong signal]","High Product reviews written (11.0) reduces churn risk [SHAP=-0.39, moderate signal]",0,0.1560204817699781,562,retain,"Both XGBOOST and Random Forest models agree to retain this customer, with XGBOOST assigning a low risk tier (9.3%) driven primarily by the dominant SHAP signal of low customer service calls (-1.76). Although the customer's lifetime value is below the population average for retained users, the strong negative SHAP impact from low discount usage (73.8%) and low cart abandonment further mitigates churn risk.","Maintain current engagement strategies to leverage the low service call and high review activity, while avoiding aggressive discount offers that could erode the positive SHAP signal from the 73.8% discount usage rate.",5.3993836445733905,retain,"Both the XGBoost and Random Forest models predict retention with high confidence (ROC-AUC 0.927 and 0.921 respectively), and the XGBoost model highlights several positive factors – low customer service calls, high discount usage, low cart abandonment, and high product reviews – that mitigate churn risk. The customer's low lifetime value and age are identified as contributing to increased risk, but these are counterbalanced by the strong positive signals from usage behavior.  The benchmarks confirm that these metrics are generally aligned with retention.","Proactively offer a personalized discount or exclusive offer to this customer to reinforce their engagement and demonstrate continued value, and investigate why they haven't made a recent purchase to address potential barriers to purchase.",23.98322455585003
32.0,Other,UK,0.9,12.0,,10.8,70.5,3.0,11.0,141.8,57.0,40.9,19.8,9.6,10.0,1.0,24.4,18.7,1.0,1351.67,2446.0,Q1,1,1,0.5682,CHURN,Medium,-0.1735,0.0303,-0.1174,-0.1022,-0.8894,0.2132,-0.0906,-0.259,-0.002,0.6148,-0.1176,1.1249,0.0724,0.8738,0.0971,-0.115,-0.1955,-0.0251,-0.7429,-0.0316,-0.0025,-0.0324,0.109,-0.0046,-0.0002,0.0092,-0.0111,-0.0036,-0.0029,-0.001,-0.0032,-0.02,-0.0025,-0.013,-0.0085,"High Returns rate (19.8) increases churn risk [SHAP=+1.12, strong signal] | High Pages browsed per session (10.8) reduces churn risk [SHAP=-0.89, strong signal] | High Customer service calls (10.0) increases churn risk [SHAP=+0.87, strong signal] | High Lifetime value (1351.67) reduces churn risk [SHAP=-0.74, strong signal] | High Days since last purchase (57.0) increases churn risk [SHAP=+0.61, strong signal]","High Returns rate (19.8) increases churn risk [SHAP=+1.12, strong signal]","High Pages browsed per session (10.8) reduces churn risk [SHAP=-0.89, strong signal]","High Customer service calls (10.0) increases churn risk [SHAP=+0.87, strong signal]","High Lifetime value (1351.67) reduces churn risk [SHAP=-0.74, strong signal]","High Days since last purchase (57.0) increases churn risk [SHAP=+0.61, strong signal]",0,0.349854556282265,582,churn,"The XGBoost model's prediction of CHURN is prioritized due to its higher ROC-AUC (0.927) and strong SHAP signals indicating that high returns (19.8), customer service calls (10.0), and days since last purchase (57) significantly increase churn risk. Although Random Forest predicts RETAIN, the customer's 57-day gap since purchase and 10 service calls exceed the average retained benchmarks, making the XGBoost risk assessment more critical for this at-risk profile.","Immediately intervene with a personalized retention offer targeting the high return rate and long inactivity, while addressing the 10 customer service calls to resolve friction points before the customer leaves.",5.834707573987544,churn,"Both models predict divergent outcomes, but the XGBoost model’s CHURN prediction (56.8% probability) is more concerning, driven by strong SHAP signals highlighting high returns rate, customer service calls, days since last purchase, and lifetime value as churn drivers. The population benchmarks also support a higher churn risk compared to the average retained customer, and the Random Forest model’s prediction of retain is less robust and based on less impactful features. This suggests a significant risk of disengagement.","Immediately initiate a proactive outreach campaign focusing on understanding the reasons behind the customer’s recent inactivity and high customer service usage. Offer a personalized discount or incentive to encourage a recent purchase and demonstrate value, aiming to address the identified churn drivers and prevent the customer from leaving.",24.419234682805836
23.0,Male,UK,0.7,0.0,22.5,6.8,69.8,5.0,9.0,122.07,2.0,26.4,1.1,0.3,6.0,,13.6,13.1,1.0,1001.27,1515.0,Q3,1,1,0.901,CHURN,Critical,2.8958,0.0332,-0.0012,-0.0553,0.0154,-0.2345,-0.3564,-0.1813,-0.0811,-0.8926,1.8211,-0.3824,0.3755,0.1338,0.0183,-0.0387,-0.2133,-0.0509,-0.6459,0.0047,-0.0069,0.0205,-0.0027,0.0001,-0.007,0.0169,-0.0116,-0.0041,-0.0008,0.0034,-0.0001,-0.0025,-0.0282,-0.0086,-0.0205,"Low Age (23.0) increases churn risk [SHAP=+2.90, dominant driver] | Low Discount usage rate (26.4) increases churn risk [SHAP=+1.82, dominant driver] | Low Days since last purchase (2.0) reduces churn risk [SHAP=-0.89, strong signal] | High Lifetime value (1001.27) reduces churn risk [SHAP=-0.65, strong signal] | Low Returns rate (1.1) reduces churn risk [SHAP=-0.38, moderate signal]","Low Age (23.0) increases churn risk [SHAP=+2.90, dominant driver]","Low Discount usage rate (26.4) increases churn risk [SHAP=+1.82, dominant driver]","Low Days since last purchase (2.0) reduces churn risk [SHAP=-0.89, strong signal]","High Lifetime value (1001.27) reduces churn risk [SHAP=-0.65, strong signal]","Low Returns rate (1.1) reduces churn risk [SHAP=-0.38, moderate signal]",1,0.6467024905514119,696,churn,"Both models agree on CHURN with high confidence (90.1% and 64.7%), driven primarily by the XGBOOST SHAP reasons indicating that the customer's low age (23.0) and low discount usage rate (26.4) are dominant risk factors, while their recent purchase activity and high lifetime value currently mitigate but do not outweigh these risks. The customer's age falls significantly below the average retained cohort of 38.62, placing them in a high-risk demographic that requires immediate intervention.","Implement a targeted retention campaign offering a personalized discount to address the low discount usage rate, while simultaneously reaching out to the customer service team to resolve the 6 calls and engage the young demographic with age-appropriate incentives.",6.18143099360168,churn,"Both the XGBoost and Random Forest models predict churn with high confidence (90.1% and 64.7% respectively), driven by low discount usage and a recent purchase gap, as indicated by the SHAP values. The population benchmark highlights that low days since last purchase increases churn risk, aligning with the customer's 2-day inactivity.  These factors, combined with a relatively low engagement rate, suggest a high likelihood of churn.","Immediately initiate a proactive outreach campaign focused on personalized incentives and engagement strategies, such as a targeted offer to encourage a purchase and re-establish activity. Monitor the customer closely for any further inactivity and be prepared to offer additional support if needed.",22.641884511336684
35.0,Female,India,0.9,2.0,,2.1,71.4,0.0,5.0,156.98,49.0,15.7,3.9,0.0,5.0,1.0,9.7,4.3,2.0,631.5,1463.0,Q2,1,1,0.9561,CHURN,Critical,-0.4868,-0.0994,0.0716,-0.0383,0.6761,0.5217,0.4276,0.5488,0.1065,0.8066,-0.0127,-0.3706,1.079,-0.6163,0.0746,0.0275,0.2196,0.0066,-0.074,0.0651,-0.0196,0.0117,-0.0067,-0.0081,-0.0061,-0.0005,-0.0063,0.0717,0.0035,-0.0021,0.0075,-0.0026,0.0052,0.0167,-0.0131,"Low Email open rate (0.0) increases churn risk [SHAP=+1.08, strong signal] | High Days since last purchase (49.0) increases churn risk [SHAP=+0.81, strong signal] | Low Pages browsed per session (2.1) increases churn risk [SHAP=+0.68, strong signal] | Low Customer service calls (5.0) reduces churn risk [SHAP=-0.62, strong signal] | Low Total purchases (5.0) increases churn risk [SHAP=+0.55, strong signal]","Low Email open rate (0.0) increases churn risk [SHAP=+1.08, strong signal]","High Days since last purchase (49.0) increases churn risk [SHAP=+0.81, strong signal]","Low Pages browsed per session (2.1) increases churn risk [SHAP=+0.68, strong signal]","Low Customer service calls (5.0) reduces churn risk [SHAP=-0.62, strong signal]","Low Total purchases (5.0) increases churn risk [SHAP=+0.55, strong signal]",1,0.8469061397439527,707,churn,"Both models agree on churn with high confidence (95.6% and 84.7%), driven primarily by the critical SHAP signals of zero email open rate and 49 days since last purchase which far exceed population benchmarks. The low total purchases and high cart abandonment further reinforce the churn risk despite the mitigating effect of customer service calls.","Immediately initiate a personalized win-back campaign offering a significant discount to re-engage the customer, as their lack of email interaction and purchase activity indicate disengagement.",4.437054432928562,churn,"Both the XGBoost and Random Forest models predict churn with high confidence (95.6% and 84.7% respectively), driven primarily by the extremely low email open rate (SHAP=+1.08), long days since last purchase (SHAP=+0.81), and low customer service calls (SHAP=-0.62). The population benchmarks further support this prediction, indicating a higher churn risk for customers with similar characteristics. Given these strong signals, it's likely this customer is disengaged and at high risk of leaving.","Immediately initiate a proactive outreach campaign, focusing on re-engaging this customer through personalized emails and potentially offering a small incentive to encourage a purchase or login. Closely monitor their activity after the intervention to assess the impact of the retention efforts.",25.945597662590444
44.0,Male,Canada,4.8,19.0,31.6,9.7,39.3,6.0,12.0,257.69,15.0,33.1,5.9,18.2,6.0,7.0,9.5,16.2,2.0,3555.58,1300.0,Q1,1,1,0.9974,CHURN,Critical,-0.1155,-0.0022,-0.0895,0.0327,-0.079,-0.1951,-0.0593,-0.0884,0.3876,-0.1203,-0.1658,-0.0585,-0.0986,2.9123,-0.1284,-0.0297,0.0124,-0.0098,3.8342,-0.1277,-0.0027,-0.0298,-0.0017,-0.0067,0.0714,0.0167,-0.0036,-0.0035,0.0043,-0.008,-0.0002,0.0163,0.0017,0.0079,-0.0263,"Low Lifetime value (3555.58) increases churn risk [SHAP=+3.83, dominant driver] | High Customer service calls (6.0) increases churn risk [SHAP=+2.91, dominant driver] | High Average order value (257.69) increases churn risk [SHAP=+0.39, moderate signal] | Low Cart abandonment rate (39.3) reduces churn risk [SHAP=-0.20, moderate signal] | High Discount usage rate (33.1) reduces churn risk [SHAP=-0.17, moderate signal]","Low Lifetime value (3555.58) increases churn risk [SHAP=+3.83, dominant driver]","High Customer service calls (6.0) increases churn risk [SHAP=+2.91, dominant driver]","High Average order value (257.69) increases churn risk [SHAP=+0.39, moderate signal]","Low Cart abandonment rate (39.3) reduces churn risk [SHAP=-0.20, moderate signal]","High Discount usage rate (33.1) reduces churn risk [SHAP=-0.17, moderate signal]",1,0.9455438844416232,752,churn,"Both models agree on CHURN with ≥80% confidence, driven primarily by SHAP reason 1 (low lifetime value) and SHAP reason 2 (high customer service calls), which are the dominant risk factors. The customer's low lifetime value relative to the average retained population and excessive service calls create a critical risk tier that outweighs the mitigating signals from cart abandonment and discount usage.","Immediately initiate a retention campaign offering a personalized discount to address the high discount usage rate and reduce reliance on promotions, while simultaneously resolving the root causes of the 6 customer service calls to lower future friction.",5.015081841498613,churn,"Both the XGBoost and Random Forest models predict churn with high confidence (99.7% and 94.6% respectively), driven primarily by low Lifetime Value, high Customer Service Calls, and Average Order Value. The SHAP values highlight these factors as significant contributors to the predicted churn, aligning with the benchmark data indicating higher churn risk for customers with similar characteristics.  This suggests a strong likelihood of this customer leaving. [truncated]","Immediately engage the customer with a proactive outreach, focusing on understanding the reasons behind their recent customer service calls and offering personalized support or incentives to address potential dissatisfaction – a targeted retention campaign is crucial to prevent further churn.”} [truncated]",21.184725890867412
58.0,Female,UK,1.9,28.0,60.4,16.1,25.9,14.0,21.0,161.48,2.0,61.4,2.0,37.5,2.0,7.0,46.1,35.5,3.0,3399.12,2132.0,Q2,0,0,0.1211,RETAIN,Low,0.0455,0.0002,0.0536,-0.0831,-0.2691,-0.466,0.2069,0.0053,-0.0137,-0.0191,-0.1989,0.2169,-0.2342,-1.9295,-0.1,0.0073,-0.0523,0.0182,0.8829,-0.0781,0.0074,-0.0095,-0.0018,-0.0057,0.0019,0.0206,-0.0044,-0.0088,-0.002,-0.0375,-0.0033,-0.0035,0.0035,-0.013,-0.0162,"Low Customer service calls (2.0) reduces churn risk [SHAP=-1.93, dominant driver] | Low Lifetime value (3399.12) increases churn risk [SHAP=+0.88, strong signal] | Low Cart abandonment rate (25.9) reduces churn risk [SHAP=-0.47, moderate signal] | High Pages browsed per session (16.1) reduces churn risk [SHAP=-0.27, moderate signal] | High Email open rate (37.5) reduces churn risk [SHAP=-0.23, moderate signal]","Low Customer service calls (2.0) reduces churn risk [SHAP=-1.93, dominant driver]","Low Lifetime value (3399.12) increases churn risk [SHAP=+0.88, strong signal]","Low Cart abandonment rate (25.9) reduces churn risk [SHAP=-0.47, moderate signal]","High Pages browsed per session (16.1) reduces churn risk [SHAP=-0.27, moderate signal]","High Email open rate (37.5) reduces churn risk [SHAP=-0.23, moderate signal]",0,0.1497294436221473,959,retain,"Both XGBOOST and Random Forest models agree on a RETAIN decision, with XGBOOST identifying low customer service calls as the dominant driver (SHAP=-1.93) despite the moderate churn risk from lifetime value (SHAP=+0.88). This aligns with population benchmarks where the customer's low service call count (2.0) significantly underperforms the average churner (6.879), indicating high retention potential.","Implement a targeted retention campaign leveraging the customer's high page views and email engagement to reinforce loyalty, while proactively addressing the lifetime value gap to mitigate the identified risk factor.",5.254594040103257,retain,"Both the XGBoost and Random Forest models predict retention with high confidence (ROC-AUC of 0.927 and 0.921, respectively), supported by SHAP values indicating that low customer service calls, a relatively high lifetime value, and a low cart abandonment rate are protective factors. The population benchmarks confirm these trends, and the customer’s behavior – including frequent logins, moderate engagement across channels, and a reasonable discount usage rate – further strengthens the prediction of retention.",Proactively offer a personalized discount or exclusive offer to this customer to reinforce their value and encourage another purchase within the next 30 days. Continue monitoring their engagement and be prepared to address any potential issues if they arise.,24.268641501665115
34.0,Female,UK,1.6,7.0,24.2,5.3,66.0,1.0,9.1,95.24,43.0,70.55999999999999,2.5,0.0,6.0,0.0,29.5,10.3,3.0,660.04,2398.0,Q4,0,1,0.6348,CHURN,High,-0.1138,-0.0493,-0.056,-0.1256,0.1427,-0.2885,0.1732,-0.1108,-0.0589,0.4652,-0.2349,-0.1436,0.8916,0.452,0.2627,-0.0739,0.0594,0.0181,-0.6917,-0.1143,0.0,-0.0062,-0.0025,-0.0056,-0.0014,0.0176,-0.0073,-0.0103,0.0045,-0.0314,0.0063,0.0017,-0.0115,0.0143,0.0841,"Low Email open rate (0.0) increases churn risk [SHAP=+0.89, strong signal] | High Lifetime value (660.04) reduces churn risk [SHAP=-0.69, strong signal] | High Days since last purchase (43.0) increases churn risk [SHAP=+0.47, moderate signal] | High Customer service calls (6.0) increases churn risk [SHAP=+0.45, moderate signal] | Low Cart abandonment rate (66.0) reduces churn risk [SHAP=-0.29, moderate signal]","Low Email open rate (0.0) increases churn risk [SHAP=+0.89, strong signal]","High Lifetime value (660.04) reduces churn risk [SHAP=-0.69, strong signal]","High Days since last purchase (43.0) increases churn risk [SHAP=+0.47, moderate signal]","High Customer service calls (6.0) increases churn risk [SHAP=+0.45, moderate signal]","Low Cart abandonment rate (66.0) reduces churn risk [SHAP=-0.29, moderate signal]",0,0.4421652528875385,1343,churn,"The final decision is CHURN because the high-performing XGBoost model (ROC-AUC 0.927) predicts a 63.5% churn probability driven by strong negative SHAP signals for zero email open rate (+0.89) and high customer service calls (+0.45), which outweigh the Random Forest's lower 44.2% retention probability. This aligns with population benchmarks where the customer's 43 days since last purchase significantly exceeds the average retained user threshold of 26.936 days.","Immediately deploy a targeted win-back campaign focusing on re-engagement via email, as the zero open rate is the primary driver of churn risk, and offer a personalized discount to counter the impact of high service call frequency.",6.329160155728459,churn,"Both models predict differing outcomes, but the XGBoost model, with a higher ROC-AUC, strongly predicts churn (63.5%) due to low email engagement, high lifetime value, and recent inactivity. The SHAP values highlight these factors as significant drivers, with low email open rate and long days since last purchase having particularly strong negative signals. Despite the high lifetime value, the combination of these factors suggests a risk of disengagement.","Proactively reach out to this customer with a personalized offer or survey to understand their needs and address the lack of engagement, potentially offering a discount or exclusive content to re-engage them and prevent churn.",21.092944648116827
27.0,Female,UK,0.4,17.0,,12.2,60.5,,16.0,74.2,16.0,57.0,2.1,30.5,5.0,4.0,0.0,14.2,1.0,1204.17,2862.0,Q2,0,0,0.0777,RETAIN,Low,-0.1391,-0.0975,-0.1462,0.1333,-0.0692,-0.1646,-0.0501,-0.0485,-0.2433,-0.2104,-0.124,-0.1412,-0.4966,-0.4464,-0.025,0.1805,0.0563,-0.0537,-0.4356,-0.052,-0.0049,-0.0039,0.0002,-0.0031,-0.0025,0.0123,-0.0134,-0.0097,0.0067,-0.0167,-0.001,0.0023,0.0317,0.0072,-0.0036,"High Email open rate (30.5) reduces churn risk [SHAP=-0.50, moderate signal] | Low Customer service calls (5.0) reduces churn risk [SHAP=-0.45, moderate signal] | High Lifetime value (1204.17) reduces churn risk [SHAP=-0.44, moderate signal] | Low Average order value (74.2) reduces churn risk [SHAP=-0.24, moderate signal] | Low Days since last purchase (16.0) reduces churn risk [SHAP=-0.21, moderate signal]","High Email open rate (30.5) reduces churn risk [SHAP=-0.50, moderate signal]","Low Customer service calls (5.0) reduces churn risk [SHAP=-0.45, moderate signal]","High Lifetime value (1204.17) reduces churn risk [SHAP=-0.44, moderate signal]","Low Average order value (74.2) reduces churn risk [SHAP=-0.24, moderate signal]","Low Days since last purchase (16.0) reduces churn risk [SHAP=-0.21, moderate signal]",0,0.0959843953347783,1393,retain,"Both XGBOOST and Random Forest models agree to retain the customer, with XGBOOST assigning a low 7.8% churn probability driven by high email open rates (SHAP=-0.50), low service calls (SHAP=-0.45), and lifetime value above the retained benchmark of $1444.153. The SHAP magnitudes indicate these factors are the primary drivers for the positive prediction, outweighing the customer's recent inactivity.","Maintain the current retention strategy by continuing to engage the customer via email campaigns to leverage their high open rate, while proactively addressing the 16-day gap since last purchase to prevent potential disengagement.",5.637591943144798,retain,"Both the XGBoost and Random Forest models predict retention with high confidence (ROC-AUC 0.927 and 0.921 respectively), supported by SHAP values indicating a low churn probability (7.8% and 9.6% respectively). The SHAP explanations highlight positive factors such as a high email open rate, low customer service calls, high lifetime value, and relatively low average order value, aligning with benchmarks showing higher retention rates for similar customers.","Focus on nurturing this customer through targeted email campaigns showcasing relevant products and personalized offers based on their past purchases. Continue monitoring their engagement and proactively address any potential roadblocks, such as the cart abandonment rate, to prevent future churn.",24.033453103154898
44.0,Female,UK,1.8,11.0,,6.0,71.6,3.0,8.0,75.6,1.0,16.8,15.7,5.4,10.0,2.0,4.2,11.3,,488.57,1756.0,Q2,0,0,0.4138,RETAIN,Medium,-0.4779,0.0062,-0.2414,0.0035,0.0646,0.1539,-0.1088,-0.2058,-0.1174,-1.3187,0.1693,0.9696,0.5411,0.8443,-0.0666,0.0755,0.0318,-0.0116,-0.7636,-0.0109,-0.0071,-0.0249,-0.0029,-0.0073,0.0011,0.0063,-0.0041,-0.0031,0.0038,0.0296,0.0136,0.0021,0.0155,0.0079,-0.0132,"Low Days since last purchase (1.0) reduces churn risk [SHAP=-1.32, strong signal] | High Returns rate (15.7) increases churn risk [SHAP=+0.97, strong signal] | High Customer service calls (10.0) increases churn risk [SHAP=+0.84, strong signal] | High Lifetime value (488.57) reduces churn risk [SHAP=-0.76, strong signal] | Low Email open rate (5.4) increases churn risk [SHAP=+0.54, strong signal]","Low Days since last purchase (1.0) reduces churn risk [SHAP=-1.32, strong signal]","High Returns rate (15.7) increases churn risk [SHAP=+0.97, strong signal]","High Customer service calls (10.0) increases churn risk [SHAP=+0.84, strong signal]","High Lifetime value (488.57) reduces churn risk [SHAP=-0.76, strong signal]","Low Email open rate (5.4) increases churn risk [SHAP=+0.54, strong signal]",0,0.4683198774978356,1536,retain,"Both XGBOOST and Random Forest models independently predict RETAIN, with XGBOOST citing strong SHAP signals where low days since last purchase and high lifetime value reduce churn risk, despite elevated risks from returns and service calls. The customer's recent activity (1 day since last purchase) and high lifetime value align with population benchmarks for retained users, confirming the consensus decision.","Implement a targeted retention offer leveraging the customer's high lifetime value to offset the churn risk from recent returns, while addressing the 10 service calls with a proactive success story or satisfaction survey to reinforce trust.",4.804544645361602,retain,"Both the XGBoost and Random Forest models predict retention with high confidence (ROC-AUC of 0.927 and 0.921 respectively), and the SHAP values consistently highlight factors reducing churn risk, such as low Days since last purchase, high Lifetime Value, and low Email Open Rate.  The benchmarks confirm that a returns rate of 15.7% is slightly above average, but the other signals strongly suggest this customer is likely to remain engaged.",Proactively reach out to this customer with a personalized offer based on their past purchases and highlight new products or features they might enjoy.  Monitor their behavior closely after the outreach to ensure continued engagement and identify any emerging issues early on.,24.350967383943498
23.0,Female,USA,2.5,12.0,27.6,4.8,57.3,5.0,17.0,154.99,13.0,25.2,6.3,16.7,4.0,1.0,,15.6,1.0,2241.51,0.0,Q3,1,1,0.986,CHURN,Critical,3.3329,-0.0127,-0.0287,-0.0416,-0.281,-0.2743,-0.1731,-0.007,0.1223,-0.2015,2.0992,-0.0406,-0.1977,-1.1894,0.018,0.0689,-0.0024,-0.0746,0.9005,0.1485,0.0011,0.0172,-0.0041,-0.0057,-0.0156,0.0179,-0.011,-0.002,0.0039,0.001,-0.0141,0.0023,0.0181,0.0018,-0.0184,"Low Age (23.0) increases churn risk [SHAP=+3.33, dominant driver] | Low Discount usage rate (25.2) increases churn risk [SHAP=+2.10, dominant driver] | Low Customer service calls (4.0) reduces churn risk [SHAP=-1.19, strong signal] | Low Lifetime value (2241.51) increases churn risk [SHAP=+0.90, strong signal] | High Pages browsed per session (4.8) reduces churn risk [SHAP=-0.28, moderate signal]","Low Age (23.0) increases churn risk [SHAP=+3.33, dominant driver]","Low Discount usage rate (25.2) increases churn risk [SHAP=+2.10, dominant driver]","Low Customer service calls (4.0) reduces churn risk [SHAP=-1.19, strong signal]","Low Lifetime value (2241.51) increases churn risk [SHAP=+0.90, strong signal]","High Pages browsed per session (4.8) reduces churn risk [SHAP=-0.28, moderate signal]",1,0.7118847885617458,1578,churn,"Both models independently predict churn with high confidence (98.6% and 71.2%), driven primarily by the XGBOOST model's SHAP analysis identifying low age, low discount usage, and low lifetime value as dominant risk factors. Despite the customer service calls providing a slight protective signal, the overwhelming agreement and critical risk tier confirm the churn prediction.",Immediately deploy a high-value retention offer targeting the low discount usage and low lifetime value drivers to address the primary churn risks identified by the XGBOOST model.,4.466990948654711,churn,"Both the XGBoost and Random Forest models predict churn with high confidence (98.6% and 71.2% respectively), driven by factors like low discount usage, limited customer service interactions, and a relatively low lifetime value. The SHAP values highlight these as significant contributors, particularly the low discount rate and customer service calls, aligning with the population benchmark indicating higher churn risk for customers with fewer service interactions.",Immediately initiate a proactive outreach program focusing on personalized offers and incentives to encourage higher discount usage and prompt a customer service interaction. Further investigation into the reasons for low discount usage and recent customer service issues is warranted to understand and address the underlying causes of potential churn.,21.999426867812872
36.0,Male,USA,2.5,1.0,12.9,5.2,61.2,1.0,12.0,92.33,29.0,77.4,2.1,0.0,11.0,1.0,12.9,9.1,1.0,1001.15,0.0,Q1,1,1,0.6115,CHURN,High,-0.1488,0.0205,0.0639,0.1717,0.1163,-0.6176,0.1927,-0.1836,-0.0415,0.017,-0.1749,-0.4134,0.8305,1.2009,-0.036,0.0075,0.0613,-0.0251,-0.8126,0.111,0.0162,0.0048,-0.0016,-0.003,0.0101,0.0119,-0.0039,-0.0043,0.0042,0.0065,-0.017,-0.0058,-0.0146,0.015,-0.002,"High Customer service calls (11.0) increases churn risk [SHAP=+1.20, strong signal] | Low Email open rate (0.0) increases churn risk [SHAP=+0.83, strong signal] | High Lifetime value (1001.15) reduces churn risk [SHAP=-0.81, strong signal] | Low Cart abandonment rate (61.2) reduces churn risk [SHAP=-0.62, strong signal] | Low Returns rate (2.1) reduces churn risk [SHAP=-0.41, moderate signal]","High Customer service calls (11.0) increases churn risk [SHAP=+1.20, strong signal]","Low Email open rate (0.0) increases churn risk [SHAP=+0.83, strong signal]","High Lifetime value (1001.15) reduces churn risk [SHAP=-0.81, strong signal]","Low Cart abandonment rate (61.2) reduces churn risk [SHAP=-0.62, strong signal]","Low Returns rate (2.1) reduces churn risk [SHAP=-0.41, moderate signal]",0,0.4967423991258218,1676,churn,"The final decision is CHURN because the high-performing XGBoost model (ROC-AUC 0.927) predicts a 61.2% churn probability driven by strong SHAP signals of 11 customer service calls (+1.20) and zero email engagement (+0.83), which outweigh the retention signal from lifetime value (-0.81). Although Random Forest predicts retain, the XGBoost model's higher accuracy and the magnitude of the negative behavioral drivers indicate imminent churn risk.","Immediately initiate a retention campaign targeting the customer's lack of email engagement and high support volume, offering a personalized discount to address the 61.2% churn probability before the 29-day gap in purchases extends further.",6.081398040056229,churn,"The XGBoost model strongly predicts churn with a 61.2% probability, driven by high customer service calls and low email open rates, as highlighted by SHAP values of +1.20 and +0.83 respectively. While the Random Forest model predicts retention, the XGBoost's analysis, combined with the benchmark showing higher average customer service calls for churners, suggests this customer is at significant risk.  The high lifetime value and low cart abandonment rate offer some mitigating factors, but the negative SHAP signals related to email engagement and customer service usage outweigh them.","Immediately initiate a proactive outreach program focused on understanding the reasons behind the high customer service call volume and addressing the low email engagement. Offer a personalized discount or incentive to encourage a recent purchase and demonstrate value, aiming to re-establish a positive connection and prevent the customer from leaving.",28.761078312061727
45.0,Female,Australia,5.4,5.0,14.2,4.7,74.3,2.0,8.0,157.63,17.0,43.7,0.6,25.4,5.0,4.0,0.0,0.3,2.0,1121.5,319.0,Q1,0,0,0.0965,RETAIN,Low,-0.1489,-0.0216,0.0673,0.0501,0.0283,0.55,-0.0491,-0.1144,-0.0391,-0.5782,-0.0797,-0.697,-0.7868,-0.4027,-0.2428,0.212,0.1818,-0.0155,-0.4319,0.0987,0.0736,-0.0035,-0.0016,0.0639,-0.0035,0.0188,-0.0122,-0.0031,0.0031,0.0076,0.0041,-0.0091,-0.0286,-0.0009,-0.0226,"High Email open rate (25.4) reduces churn risk [SHAP=-0.79, strong signal] | Low Returns rate (0.6) reduces churn risk [SHAP=-0.70, strong signal] | Low Days since last purchase (17.0) reduces churn risk [SHAP=-0.58, strong signal] | High Cart abandonment rate (74.3) increases churn risk [SHAP=+0.55, strong signal] | High Lifetime value (1121.5) reduces churn risk [SHAP=-0.43, moderate signal]","High Email open rate (25.4) reduces churn risk [SHAP=-0.79, strong signal]","Low Returns rate (0.6) reduces churn risk [SHAP=-0.70, strong signal]","Low Days since last purchase (17.0) reduces churn risk [SHAP=-0.58, strong signal]","High Cart abandonment rate (74.3) increases churn risk [SHAP=+0.55, strong signal]","High Lifetime value (1121.5) reduces churn risk [SHAP=-0.43, moderate signal]",0,0.3732072600351457,1678,retain,"Both XGBOOST and Random Forest models agree to retain the customer, with XGBOOST assigning a low 9.7% churn probability driven by strong SHAP signals from low returns (0.6), high email open rate (25.4), and recent purchase activity (17 days). Although the 37.3% probability from Random Forest is higher, the panel status indicates full agreement, and the customer's low returns rate significantly outperforms the average retained benchmark of 6.493.","Implement a targeted loyalty reward program to capitalize on the customer's high engagement and low returns, while addressing the high cart abandonment rate (74.3) through a streamlined checkout optimization initiative.",5.8018417516723275,retain,"Both the XGBoost and Random Forest models predict retention with high confidence (ROC-AUC 0.927 and 0.921, respectively), supported by SHAP values indicating that a high email open rate, low return rate, and relatively low days since last purchase significantly reduce churn risk. Despite a high cart abandonment rate, the customer's substantial lifetime value and moderate customer service interaction further contribute to the retention prediction, aligning with population benchmarks.","Proactively engage this customer with personalized recommendations based on their past purchases and browsing history, aiming to reduce cart abandonment and encourage repeat purchases within the next 30 days. A targeted email campaign highlighting new products or exclusive offers could be particularly effective.",23.987029842101038
,Male,Germany,4.7,24.0,45.7,13.0,31.6,4.0,28.6,97.7,6.0,86.04,4.7,43.5,5.0,5.0,,23.6,2.0,1945.48,4719.0,Q4,0,0,0.0377,RETAIN,Low,-0.1913,0.0868,-0.0847,-0.1958,0.0733,-0.4308,-0.0178,-0.3284,0.0129,-0.0338,-0.572,0.019,-0.2366,-1.8613,-0.0448,-0.0404,-0.233,-0.0274,0.9961,-0.3141,-0.005,0.0005,-0.0056,0.0005,0.0004,0.0067,0.0564,-0.011,0.0033,0.0082,-0.0079,-0.003,0.013,-0.0003,0.0321,"Low Customer service calls (5.0) reduces churn risk [SHAP=-1.86, dominant driver] | Low Lifetime value (1945.48) increases churn risk [SHAP=+1.00, strong signal] | High Discount usage rate (86.04) reduces churn risk [SHAP=-0.57, strong signal] | Low Cart abandonment rate (31.6) reduces churn risk [SHAP=-0.43, moderate signal] | High Total purchases (28.6) reduces churn risk [SHAP=-0.33, moderate signal]","Low Customer service calls (5.0) reduces churn risk [SHAP=-1.86, dominant driver]","Low Lifetime value (1945.48) increases churn risk [SHAP=+1.00, strong signal]","High Discount usage rate (86.04) reduces churn risk [SHAP=-0.57, strong signal]","Low Cart abandonment rate (31.6) reduces churn risk [SHAP=-0.43, moderate signal]","High Total purchases (28.6) reduces churn risk [SHAP=-0.33, moderate signal]",0,0.1172497249992597,2443,retain,"Both XGBOOST and Random Forest models agree to retain the customer, with XGBOOST identifying low customer service calls as the dominant driver (SHAP=-1.86) while noting low lifetime value as the primary risk factor (SHAP=+1.00). The customer's low discount usage rate (SHAP=-0.57) and high purchase volume further support retention, despite their lifetime value falling below the average retained benchmark of $1444.153.","Implement a targeted retention campaign focusing on exclusive non-discounted offers to address the low lifetime value risk, while leveraging the customer's high engagement to reinforce loyalty. Avoid generic discount strategies since the model indicates high discount usage currently mitigates churn risk.",6.010015547275543,retain,"Both the XGBoost and Random Forest models predict retention with high confidence (ROC-AUC 0.927 and 0.921 respectively), driven by low customer service calls, a relatively high lifetime value, and a high discount usage rate. The SHAP values highlight that low customer service calls and high discount usage are particularly protective against churn, aligning with the benchmark data showing lower churn rates for customers with fewer support interactions and higher discount utilization.  This customer's behavior indicates a positive engagement, suggesting retention efforts are likely to be effective.","Focus on personalized offers based on the customer's high discount usage, potentially highlighting exclusive deals or early access to new products. Proactively engage the customer with relevant content and product recommendations to further reinforce their positive experience and maintain their loyalty.",25.40941977314651
47.0,Female,India,1.0,2.0,14.2,5.9,75.5,0.0,6.5,137.31,2.0,23.76,2.2,0.0,7.0,,0.0,10.3,3.0,782.75,1495.0,Q4,0,1,0.6425,CHURN,High,-0.288,-0.0277,0.0535,0.0758,0.0075,1.0461,0.3612,-0.0322,0.017,-1.3567,0.1855,-0.357,0.8884,0.4517,-0.1214,0.2393,-0.1299,0.0374,-0.7152,0.0551,-0.0087,-0.0067,-0.0058,-0.0061,-0.0141,-0.0004,-0.0065,0.0893,0.0012,0.0008,0.0181,-0.0031,-0.0162,0.0182,0.0388,"Low Days since last purchase (2.0) reduces churn risk [SHAP=-1.36, strong signal] | High Cart abandonment rate (75.5) increases churn risk [SHAP=+1.05, strong signal] | Low Email open rate (0.0) increases churn risk [SHAP=+0.89, strong signal] | High Lifetime value (782.75) reduces churn risk [SHAP=-0.72, strong signal] | High Customer service calls (7.0) increases churn risk [SHAP=+0.45, moderate signal]","Low Days since last purchase (2.0) reduces churn risk [SHAP=-1.36, strong signal]","High Cart abandonment rate (75.5) increases churn risk [SHAP=+1.05, strong signal]","Low Email open rate (0.0) increases churn risk [SHAP=+0.89, strong signal]","High Lifetime value (782.75) reduces churn risk [SHAP=-0.72, strong signal]","High Customer service calls (7.0) increases churn risk [SHAP=+0.45, moderate signal]",1,0.6984509944192948,2699,churn,"Both XGBOOST and Random Forest models independently predict churn with high probabilities (64.2% and 69.8%), driven primarily by the strong SHAP signal of high cart abandonment (75.5) which significantly increases risk, and low email open rate (0.0) which further elevates the churn probability. Although the customer's recent login activity and lifetime value provide some mitigating factors, the cumulative impact of these negative drivers outweighs them, resulting in a final decision of churn.","Immediately implement a targeted win-back campaign offering a significant discount to address the high cart abandonment rate and re-engage the customer via email, while simultaneously reducing customer service friction to lower future call volume.",5.935843527317047,churn,"Both the XGBoost and Random Forest models predict churn with high probabilities (64.2% and 69.8% respectively), supported by significant SHAP values indicating low Days since last purchase, high Cart abandonment rate, low Email open rate, high Lifetime Value, and a high number of Customer service calls all contribute to the prediction. The benchmark data confirms that a low Days_Since_Last_Purchase and high Cart_Abandonment_Rate are strong indicators of churn, aligning with the model’s findings.","Immediately initiate a proactive outreach campaign focusing on personalized support and addressing potential barriers to purchase, such as investigating the reasons behind the high cart abandonment rate and offering targeted incentives to encourage a recent purchase. Consider a dedicated customer success representative to engage with this customer and understand their needs directly.",25.57256498467177
30.0,Male,India,2.9,10.0,20.0,5.7,79.6,0.0,9.1,148.32,24.0,,10.6,10.0,4.0,2.0,28.8,20.9,4.0,1158.72,3987.0,Q4,1,1,0.5469,CHURN,Medium,-0.147,0.1027,-0.1838,-0.0765,-0.134,1.564,0.3767,-0.0938,0.0122,-0.2113,-0.0491,0.311,-0.1348,-0.367,-0.0848,0.0257,-0.4878,0.027,-0.235,-0.0163,-0.0091,0.008,-0.0042,-0.0148,-0.0144,0.0024,-0.0122,-0.0192,-0.0024,0.0009,-0.0008,0.0054,-0.0035,-0.0141,-0.0292,"High Cart abandonment rate (79.6) increases churn risk [SHAP=+1.56, dominant driver] | High Mobile app usage (20.9) reduces churn risk [SHAP=-0.49, moderate signal] | Low Wishlist items count (0.0) increases churn risk [SHAP=+0.38, moderate signal] | Low Customer service calls (4.0) reduces churn risk [SHAP=-0.37, moderate signal] | High Returns rate (10.6) increases churn risk [SHAP=+0.31, moderate signal]","High Cart abandonment rate (79.6) increases churn risk [SHAP=+1.56, dominant driver]","High Mobile app usage (20.9) reduces churn risk [SHAP=-0.49, moderate signal]","Low Wishlist items count (0.0) increases churn risk [SHAP=+0.38, moderate signal]","Low Customer service calls (4.0) reduces churn risk [SHAP=-0.37, moderate signal]","High Returns rate (10.6) increases churn risk [SHAP=+0.31, moderate signal]",0,0.4385729474378615,2703,churn,"The XGBoost model, identified as the best model with ROC-AUC 0.927, predicts churn with a 54.7% probability driven primarily by the high cart abandonment rate (SHAP=+1.56), which is the dominant risk factor. Although Random Forest suggests retention, the XGBoost's higher accuracy and the significant positive SHAP impact of cart abandonment outweigh the moderate risk-reduction signals from mobile app usage and customer service calls.",Initiate an immediate retention campaign targeting the high cart abandonment rate by offering a personalized discount or free shipping on their next purchase to reduce friction. Prioritize this customer for a dedicated account manager call to address the specific reasons behind their 79.6% cart abandonment rate.,6.0717240842059255,churn,"Both models disagree, but the XGBoost model's prediction of CHURN (54.7% probability) is more aligned with the significant risk factors highlighted by its SHAP values – particularly the high cart abandonment rate, low wishlist items, and returns rate. The population benchmarks confirm that customers with similar characteristics tend to churn, and the customer’s behavior aligns with these trends, indicating a substantial risk of attrition.","Immediately implement a proactive engagement strategy focused on addressing cart abandonment issues, potentially through targeted offers or simplified checkout processes. Additionally, explore personalized recommendations to encourage wishlist additions and reduce returns – perhaps offering styling advice or highlighting similar items based on past purchases.",21.61037388537079
22.0,Male,USA,5.8,12.0,40.3,7.1,55.0,6.0,19.0,151.65,28.0,66.9,6.2,22.3,3.0,3.0,,,2.0,3053.33,,Q1,0,0,0.249,RETAIN,Low,0.8857,0.0442,0.0467,-0.1051,0.256,-0.3632,-0.1197,-0.0432,0.2011,0.1641,-1.1304,0.0728,-0.0666,-1.8161,-0.0902,0.0355,0.0082,-0.0371,0.8386,0.0554,0.0093,-0.0365,0.0002,-0.0071,-0.0055,0.0146,-0.0153,-0.0082,0.0027,0.0027,0.0036,0.0033,0.0148,-0.0129,-0.0036,"Low Customer service calls (3.0) reduces churn risk [SHAP=-1.82, dominant driver] | High Discount usage rate (66.9) reduces churn risk [SHAP=-1.13, strong signal] | Low Age (22.0) increases churn risk [SHAP=+0.89, strong signal] | Low Lifetime value (3053.33) increases churn risk [SHAP=+0.84, strong signal] | Low Cart abandonment rate (55.0) reduces churn risk [SHAP=-0.36, moderate signal]","Low Customer service calls (3.0) reduces churn risk [SHAP=-1.82, dominant driver]","High Discount usage rate (66.9) reduces churn risk [SHAP=-1.13, strong signal]","Low Age (22.0) increases churn risk [SHAP=+0.89, strong signal]","Low Lifetime value (3053.33) increases churn risk [SHAP=+0.84, strong signal]","Low Cart abandonment rate (55.0) reduces churn risk [SHAP=-0.36, moderate signal]",0,0.1755611951948802,2744,retain,"Both XGBOOST and Random Forest models agree to retain the customer, with XGBOOST identifying low customer service calls (SHAP=-1.82) and high discount usage (SHAP=-1.13) as dominant risk-reducing drivers despite the customer's young age (SHAP=+0.89) and moderate lifetime value (SHAP=+0.84). These specific SHAP reasons outweigh the population benchmark risks, resulting in a low churn probability of 24.9%.","Implement a targeted loyalty reward program to capitalize on the high discount usage rate and address the young age risk factor, while maintaining minimal customer service interactions to preserve the low churn signal.",5.683111286722124,retain,"Both the XGBoost and Random Forest models predict retention with high confidence (ROC-AUC 0.927 and 0.921 respectively), and the XGBoost model specifically highlights low customer service calls, high discount usage, low age, low lifetime value, and low cart abandonment rate as protective factors.  The population benchmarks further support retention, indicating that customers with fewer customer service calls and younger ages are less likely to churn, and the SHAP values quantify the impact of these features on this individual’s churn probability.","Proactively offer this customer a personalized discount or exclusive offer to reinforce their engagement and demonstrate value, while also ensuring a smooth and positive customer service experience if they have any questions or concerns.",23.385040353052318
36.0,Male,Germany,1.4,10.0,,10.3,69.5,3.0,13.0,123.61,108.0,32.8,13.0,33.7,3.0,1.0,,22.1,2.0,1405.12,,Q2,0,1,0.645,CHURN,High,-0.1593,0.0175,-0.0967,0.0137,-0.0366,0.3988,-0.0605,-0.0578,-0.0495,1.8174,-0.2305,0.4893,-0.5387,-0.7402,0.0336,0.0859,-0.309,-0.0108,-0.1532,0.0322,0.0122,0.0073,-0.0056,-0.0013,0.0007,0.0084,0.0362,-0.0127,0.0001,0.0017,0.0135,0.0003,0.0059,0.0008,-0.013,"High Days since last purchase (108.0) increases churn risk [SHAP=+1.82, dominant driver] | Low Customer service calls (3.0) reduces churn risk [SHAP=-0.74, strong signal] | High Email open rate (33.7) reduces churn risk [SHAP=-0.54, strong signal] | High Returns rate (13.0) increases churn risk [SHAP=+0.49, moderate signal] | High Cart abandonment rate (69.5) increases churn risk [SHAP=+0.40, moderate signal]","High Days since last purchase (108.0) increases churn risk [SHAP=+1.82, dominant driver]","Low Customer service calls (3.0) reduces churn risk [SHAP=-0.74, strong signal]","High Email open rate (33.7) reduces churn risk [SHAP=-0.54, strong signal]","High Returns rate (13.0) increases churn risk [SHAP=+0.49, moderate signal]","High Cart abandonment rate (69.5) increases churn risk [SHAP=+0.40, moderate signal]",0,0.2591672374540141,3009,churn,"The XGBoost model (best performer, ROC-AUC 0.927) predicts churn with a 64.5% probability driven primarily by the high Days since last purchase (SHAP=+1.82), which significantly outweighs the mitigating effects of low service calls and email engagement. Although Random Forest suggests retention, the XGBoost's dominant SHAP value for inactivity and its higher churn probability indicate the customer is at high risk despite their moderate lifetime value.","Immediately initiate a retention campaign targeting the customer's 108-day inactivity gap with a personalized offer, as the behavioral signal of no recent purchases is the primary driver of churn risk identified by the superior model.",5.782633716240525,churn,"Both models predict differing outcomes, but the XGBoost model’s high churn probability (64.5%) and its SHAP analysis highlighting the significant negative impact of ‘High Days since last purchase’ (SHAP=+1.82), ‘High Returns rate’ (SHAP=+0.49), and ‘High Cart abandonment rate’ (SHAP=+0.40) strongly suggest this customer is at high risk of churn. The population benchmarks also support this, showing that higher days since last purchase and customer service calls correlate with increased churn.",Immediately initiate a proactive outreach campaign offering a personalized discount or incentive to encourage a purchase and address the customer's recent inactivity and potential dissatisfaction. Investigate the reasons behind the high returns rate and cart abandonment to identify and resolve underlying issues.,25.550314515829086
54.0,Female,Australia,1.3,0.0,16.3,2.7,55.9,1.0,8.0,79.45,47.0,13.5,5.3,4.4,8.0,0.0,32.1,,2.0,761.46,355.0,Q1,1,0,0.4215,RETAIN,Medium,-0.5434,-0.0061,0.0439,0.1508,0.374,-1.4389,0.2187,-0.2884,0.2148,0.4487,0.1668,-0.2032,0.3093,0.605,0.3706,-0.073,-0.07,-0.0298,-0.8165,0.1057,-0.0044,-0.0021,-0.0034,0.035,-0.0068,0.0062,-0.0041,-0.0125,0.0005,0.0015,0.0049,0.0068,-0.0087,0.04,-0.0057,"Low Cart abandonment rate (55.9) reduces churn risk [SHAP=-1.44, strong signal] | High Lifetime value (761.46) reduces churn risk [SHAP=-0.82, strong signal] | High Customer service calls (8.0) increases churn risk [SHAP=+0.60, strong signal] | High Age (54.0) reduces churn risk [SHAP=-0.54, strong signal] | High Days since last purchase (47.0) increases churn risk [SHAP=+0.45, moderate signal]","Low Cart abandonment rate (55.9) reduces churn risk [SHAP=-1.44, strong signal]","High Lifetime value (761.46) reduces churn risk [SHAP=-0.82, strong signal]","High Customer service calls (8.0) increases churn risk [SHAP=+0.60, strong signal]","High Age (54.0) reduces churn risk [SHAP=-0.54, strong signal]","High Days since last purchase (47.0) increases churn risk [SHAP=+0.45, moderate signal]",0,0.4963999520814299,3191,retain,"Both models agree to retain the customer, driven primarily by the strong SHAP signal that low cart abandonment (55.9) significantly reduces churn risk, despite the moderate risk from high customer service calls (8.0). This decision aligns with population benchmarks where the customer's lifetime value ($761.46) is below the average retained cohort but still represents a valuable segment worth protecting.","Implement a targeted re-engagement campaign focusing on the 47-day gap since last purchase to reactivate the account, while offering a personalized discount to address the high cart abandonment rate and prevent further disengagement.",5.062668855302036,retain,"Both the XGBoost and Random Forest models predict retention with high confidence (ROC-AUC of 0.927 and 0.921, respectively), driven by factors like high Lifetime Value, a relatively low Cart Abandonment Rate, and a moderate number of Customer Service Calls. The XGBoost model specifically highlights the mitigating effects of Age and Days since last purchase, while the Random Forest emphasizes Customer Service Calls and Lifetime Value. These signals, combined with the benchmark data, suggest a strong likelihood of continued engagement.","Proactively reach out to this customer with a personalized offer based on their past purchases, perhaps a discount on a product similar to their previous buys, to re-engage them and address the 47-day inactivity. Further investigate the reasons behind the 8 customer service calls to identify and resolve any underlying issues contributing to potential dissatisfaction.",27.25155971478671
47.0,Male,USA,2.6,13.0,43.5,7.5,43.3,3.0,12.0,129.69,67.0,,7.3,32.6,3.0,2.0,45.8,18.7,1.0,1342.04,3516.0,Q3,0,0,0.0642,RETAIN,Low,-0.1995,0.0073,-0.0759,-0.1238,0.0827,-0.7507,0.0494,-0.16,-0.135,-0.0061,-0.114,0.0507,-0.1815,-0.6007,-0.057,-0.0906,-0.0135,-0.015,-0.2933,-0.0491,0.0096,0.0091,-0.0016,-0.0017,-0.0101,0.0059,-0.0081,-0.009,0.0033,0.0018,-0.0072,-0.0368,-0.0043,-0.0387,-0.0126,"Low Cart abandonment rate (43.3) reduces churn risk [SHAP=-0.75, strong signal] | Low Customer service calls (3.0) reduces churn risk [SHAP=-0.60, strong signal] | High Lifetime value (1342.04) reduces churn risk [SHAP=-0.29, moderate signal] | High Age (47.0) reduces churn risk [SHAP=-0.20, moderate signal] | High Email open rate (32.6) reduces churn risk [SHAP=-0.18, moderate signal]","Low Cart abandonment rate (43.3) reduces churn risk [SHAP=-0.75, strong signal]","Low Customer service calls (3.0) reduces churn risk [SHAP=-0.60, strong signal]","High Lifetime value (1342.04) reduces churn risk [SHAP=-0.29, moderate signal]","High Age (47.0) reduces churn risk [SHAP=-0.20, moderate signal]","High Email open rate (32.6) reduces churn risk [SHAP=-0.18, moderate signal]",0,0.0910678965066719,3253,retain,"Both XGBOOST and Random Forest models independently predict retention with low churn probabilities (6.4% and 9.1%), driven by strong SHAP signals indicating low cart abandonment (43.3) and minimal customer service calls (3.0). These factors significantly reduce churn risk compared to population benchmarks where average churners exhibit much higher abandonment rates (64.174) and service call volumes (6.879).","Maintain current engagement strategies without introducing aggressive discounts, as the customer's low friction points and high lifetime value indicate strong retention potential. Continue monitoring to ensure the low service call volume does not mask underlying satisfaction issues.",5.378966499119997,retain,"Both the XGBoost and Random Forest models predict retention with high confidence (ROC-AUC of 0.927 and 0.921 respectively), supported by SHAP values indicating low churn risk due to a low cart abandonment rate, low customer service calls, high lifetime value, age, and email open rate. These factors align with the population benchmarks, which show lower churn probabilities for similar customers.  The models' predictions are consistent across different approaches, solidifying the assessment.","Focus retention efforts on understanding and addressing the reasons for cart abandonment (43.3%), potentially through improved website usability or targeted promotions. Continue to monitor customer engagement and proactively offer personalized recommendations based on past behavior to reinforce loyalty.",23.389257356524467
60.0,Other,USA,2.3,0.0,21.1,4.7,66.9,2.0,5.0,112.32,61.0,18.2,5.9,22.8,6.0,2.0,14.9,6.6,1.0,654.38,384.0,Q2,1,1,0.6129,CHURN,High,-0.5421,0.0651,0.1393,-0.0236,0.1806,0.0312,-0.0706,0.4098,-0.0783,1.1819,0.2179,-0.1097,-0.8466,0.3559,-0.0712,-0.1123,0.1691,-0.0514,-0.7338,0.1264,-0.007,-0.0174,0.1375,-0.0026,-0.0044,0.0233,-0.0062,-0.0006,0.0018,-0.0104,-0.0188,0.0025,0.0196,0.0298,-0.0227,"High Days since last purchase (61.0) increases churn risk [SHAP=+1.18, strong signal] | High Email open rate (22.8) reduces churn risk [SHAP=-0.85, strong signal] | High Lifetime value (654.38) reduces churn risk [SHAP=-0.73, strong signal] | High Age (60.0) reduces churn risk [SHAP=-0.54, strong signal] | Low Total purchases (5.0) increases churn risk [SHAP=+0.41, moderate signal]","High Days since last purchase (61.0) increases churn risk [SHAP=+1.18, strong signal]","High Email open rate (22.8) reduces churn risk [SHAP=-0.85, strong signal]","High Lifetime value (654.38) reduces churn risk [SHAP=-0.73, strong signal]","High Age (60.0) reduces churn risk [SHAP=-0.54, strong signal]","Low Total purchases (5.0) increases churn risk [SHAP=+0.41, moderate signal]",1,0.5607862415667217,3280,churn,"Both models agree on CHURN with XGBOOST assigning a 61.3% probability driven primarily by the strong SHAP signal (+1.18) of 61 days since last purchase, which far exceeds the 36.9-day average for churners. Despite mitigating factors like high lifetime value and age, the low total purchases (5) and zero logins create a net high-risk profile that aligns with the panel's consensus.","Immediately initiate a retention outreach campaign targeting inactive users, focusing on re-engagement offers to counter the high churn risk associated with the extended gap since last purchase.",5.14493246935308,churn,"Both the XGBoost and Random Forest models predict churn with high probabilities (61.3% and 56.1%, respectively), driven by factors like high Days since last purchase (SHAP=+1.18), relatively high email open rate (SHAP=-0.85), and a substantial Lifetime Value (SHAP=-0.73). The benchmark data confirms that longer periods since last purchase and high lifetime value are associated with increased churn risk, further supporting the models' predictions.","Immediately engage this customer with a personalized outreach, offering a tailored discount or exclusive offer to incentivize a purchase and re-engage them with the platform. Proactively investigate the reasons behind the 61-day inactivity and address any potential issues or concerns they may have.",24.927802451886237
27.0,Female,Australia,2.6,19.0,27.2,13.2,39.9,10.0,18.0,123.5,48.0,59.3,2.7,18.8,6.0,9.0,24.3,,3.0,1910.38,3613.0,Q3,1,1,0.9793,CHURN,Critical,-0.182,-0.0519,-0.1091,-0.1044,-0.1076,-0.1859,-0.1563,0.1095,-0.0585,0.0136,-0.148,-0.0612,-0.096,2.1167,-0.0936,-0.0315,-0.0715,0.0118,3.1544,-0.1524,-0.0064,-0.0079,-0.0001,0.0328,-0.0256,0.0124,-0.004,-0.0059,0.0038,0.0047,0.016,0.0016,-0.0046,-0.0475,-0.0055,"Low Lifetime value (1910.38) increases churn risk [SHAP=+3.15, dominant driver] | High Customer service calls (6.0) increases churn risk [SHAP=+2.12, dominant driver] | Low Cart abandonment rate (39.9) reduces churn risk [SHAP=-0.19, moderate signal] | High Age (27.0) reduces churn risk [SHAP=-0.18, moderate signal] | High Wishlist items count (10.0) reduces churn risk [SHAP=-0.16, moderate signal]","Low Lifetime value (1910.38) increases churn risk [SHAP=+3.15, dominant driver]","High Customer service calls (6.0) increases churn risk [SHAP=+2.12, dominant driver]","Low Cart abandonment rate (39.9) reduces churn risk [SHAP=-0.19, moderate signal]","High Age (27.0) reduces churn risk [SHAP=-0.18, moderate signal]","High Wishlist items count (10.0) reduces churn risk [SHAP=-0.16, moderate signal]",1,0.86893801141352,3330,churn,"Both models predict churn with high confidence (97.9% and 86.9%), driven primarily by the XGBOOST SHAP reasons indicating that the customer's low lifetime value and high customer service calls are dominant risk factors. These signals outweigh the moderate protective signals from age and wishlist items, and the customer's 6 service calls significantly exceed the population average for retained customers.","Immediately assign a dedicated retention specialist to address the high volume of service calls and offer a personalized discount to counteract the low lifetime value, as the customer is at critical risk of leaving.",4.792049404233694,churn,"Both the XGBoost and Random Forest models predict churn with high confidence (97.9% and 86.9% respectively), driven by low Lifetime Value and high Customer Service Calls, as indicated by the SHAP values. The benchmarks further support this prediction, showing that customers with similar metrics have a higher churn rate.  The customer's behavior, particularly the high number of customer service calls, strongly suggests dissatisfaction.",Immediately initiate a proactive outreach program – a personalized conversation with a customer success manager to understand the reasons behind the recent customer service interactions and address any underlying issues. Offer a tailored incentive or discount to encourage continued engagement and demonstrate our commitment to resolving their concerns.,22.314959723502398
44.0,Female,Germany,1.2,4.0,15.4,4.1,74.4,1.0,5.2,153.41,3.0,59.04,6.8,9.3,8.0,0.0,,19.5,1.0,652.6,747.0,Q4,0,1,0.67,CHURN,High,-0.1254,-0.0508,-0.0557,0.0901,0.0587,0.7703,0.1217,0.2789,0.0741,-1.2824,0.0098,0.0121,0.16,0.6045,0.2959,0.0175,0.0841,-0.0305,-0.5587,0.0181,-0.004,-0.0046,-0.005,-0.0041,0.0019,0.003,0.0777,-0.0046,-0.0013,0.0037,0.0175,0.0019,-0.0097,-0.0019,0.0484,"Low Days since last purchase (3.0) reduces churn risk [SHAP=-1.28, strong signal] | High Cart abandonment rate (74.4) increases churn risk [SHAP=+0.77, strong signal] | High Customer service calls (8.0) increases churn risk [SHAP=+0.60, strong signal] | High Lifetime value (652.6) reduces churn risk [SHAP=-0.56, strong signal] | Low Product reviews written (0.0) increases churn risk [SHAP=+0.30, moderate signal]","Low Days since last purchase (3.0) reduces churn risk [SHAP=-1.28, strong signal]","High Cart abandonment rate (74.4) increases churn risk [SHAP=+0.77, strong signal]","High Customer service calls (8.0) increases churn risk [SHAP=+0.60, strong signal]","High Lifetime value (652.6) reduces churn risk [SHAP=-0.56, strong signal]","Low Product reviews written (0.0) increases churn risk [SHAP=+0.30, moderate signal]",1,0.6345512476721864,3341,churn,"Both models agree on a CHURN prediction driven by strong SHAP signals where high customer service calls (+0.60) and cart abandonment rate (+0.77) outweigh the retention benefit of low days since last purchase (-1.28). Despite the customer's high lifetime value (-0.56), the aggregate risk remains elevated as the customer exceeds the average retained benchmark for service calls (5.19 vs 8.0).","Immediately initiate a retention outreach campaign addressing the high service call frequency and cart abandonment, offering a personalized discount to close the gap with the 54.178% retained benchmark for cart abandonment.",5.358940745703876,churn,"Both the XGBoost and Random Forest models predict churn with high probabilities (67.0% and 63.5% respectively), driven by the customer's high cart abandonment rate, frequent customer service calls, and low days since last purchase, all of which are exacerbated by the customer's high lifetime value. The SHAP values consistently highlight these factors as increasing churn risk, supported by the benchmark data showing elevated churn rates for similar metrics.","Immediately reach out to the customer to understand the reasons behind the high cart abandonment and recent customer service interactions. Offer a personalized discount or incentive to encourage a purchase and address any potential issues contributing to their dissatisfaction, aiming to re-engage them before they fully churn.",24.433085083030164
29.0,Male,Japan,1.8,2.0,8.9,5.3,73.2,0.0,4.0,95.58,3.0,35.8,1.8,3.2,9.0,0.0,28.2,9.4,3.0,330.2,,Q3,0,1,0.7532,CHURN,High,-0.0523,0.0047,0.086,0.5753,0.0878,0.581,0.3201,0.4744,-0.0859,-1.1601,-0.0532,-0.6301,0.4711,0.7457,0.2561,-0.0218,-0.0542,0.0155,-0.4132,0.0418,0.0078,0.0028,-0.0023,-0.003,-0.0148,0.0109,-0.006,-0.0031,-0.0928,0.0055,0.004,0.0004,-0.0152,-0.0614,-0.0025,"Low Days since last purchase (3.0) reduces churn risk [SHAP=-1.16, strong signal] | High Customer service calls (9.0) increases churn risk [SHAP=+0.75, strong signal] | Low Returns rate (1.8) reduces churn risk [SHAP=-0.63, strong signal] | High Cart abandonment rate (73.2) increases churn risk [SHAP=+0.58, strong signal] | Low Average session duration (8.9) increases churn risk [SHAP=+0.58, strong signal]","Low Days since last purchase (3.0) reduces churn risk [SHAP=-1.16, strong signal]","High Customer service calls (9.0) increases churn risk [SHAP=+0.75, strong signal]","Low Returns rate (1.8) reduces churn risk [SHAP=-0.63, strong signal]","High Cart abandonment rate (73.2) increases churn risk [SHAP=+0.58, strong signal]","Low Average session duration (8.9) increases churn risk [SHAP=+0.58, strong signal]",1,0.8016626440235783,3356,churn,"Both models predict churn with high confidence, driven primarily by the strong SHAP signal of 9 customer service calls (+0.75) which exceeds the average for retained users, alongside elevated cart abandonment and low session duration. Although low days since last purchase and returns rate reduce risk, the net effect of these high-risk factors outweighs the protective signals, resulting in a combined risk tier of High.","Immediately assign a retention specialist to address the high volume of service calls and offer a personalized discount to counter the 73.2% cart abandonment, leveraging the customer's recent activity to re-engage before they leave.",5.090684340335429,churn,"Both the XGBoost and Random Forest models predict churn with high probabilities (75.3% and 80.2% respectively), driven by factors like high customer service calls, cart abandonment, and low session duration. The SHAP values highlight that the customer’s low days since last purchase and low returns rate are mitigating factors, while the high cart abandonment rate and low average session duration significantly increase the likelihood of churn, aligning with population benchmarks showing increased churn risk with similar metrics.",Immediately engage the customer with a proactive outreach – a personalized email offering assistance with recent purchases or highlighting new product offerings – and investigate the root causes of the high customer service calls and cart abandonment rate to identify and address potential friction points in the customer journey.,24.931906059384346
47.0,Other,Canada,1.7,6.0,20.2,3.3,94.2,1.0,9.0,252.76,39.0,25.5,12.0,,10.0,1.0,19.0,12.0,,1947.32,1985.0,Q2,1,1,0.9987,CHURN,Critical,-0.2291,0.0049,0.0298,-0.0628,0.3677,1.7236,0.0828,-0.1265,0.15,0.062,0.1119,0.1817,-0.0424,2.0153,0.0624,-0.0313,0.0108,-0.0079,2.1073,0.0107,-0.0197,-0.0047,0.1466,-0.0037,-0.0089,0.0003,-0.0039,0.0167,0.0056,-0.0168,0.024,0.0068,-0.011,-0.0214,-0.008,"Low Lifetime value (1947.32) increases churn risk [SHAP=+2.11, dominant driver] | High Customer service calls (10.0) increases churn risk [SHAP=+2.02, dominant driver] | High Cart abandonment rate (94.2) increases churn risk [SHAP=+1.72, dominant driver] | Low Pages browsed per session (3.3) increases churn risk [SHAP=+0.37, moderate signal] | High Age (47.0) reduces churn risk [SHAP=-0.23, moderate signal]","Low Lifetime value (1947.32) increases churn risk [SHAP=+2.11, dominant driver]","High Customer service calls (10.0) increases churn risk [SHAP=+2.02, dominant driver]","High Cart abandonment rate (94.2) increases churn risk [SHAP=+1.72, dominant driver]","Low Pages browsed per session (3.3) increases churn risk [SHAP=+0.37, moderate signal]","High Age (47.0) reduces churn risk [SHAP=-0.23, moderate signal]",1,0.903535132581172,3364,churn,"Both models agree on CHURN with 99.9% and 90.4% confidence, driven by high Customer service calls (10.0) and low Lifetime value ($1947.32), which exceed the average churner benchmarks of 6.879 calls and $1428.28 LTV. The SHAP analysis confirms these factors are dominant drivers (+2.02 and +2.11 respectively), while the customer's high cart abandonment rate (94.20%) further elevates risk.","Immediately offer a high-value retention incentive or personalized discount to address the low LTV and high service call frequency, as these are the primary predictors of churn. If the customer does not respond to this intervention within 48 hours, proceed with graceful exit to minimize further resource allocation.",6.777641947381198,churn,"Both the XGBoost and Random Forest models predict churn with high confidence (99.9% and 90.4% respectively), driven by low Lifetime Value, high Customer Service Calls, and a high Cart Abandonment Rate. These factors, combined with the benchmarks showing higher churn rates for similar metrics, strongly suggest this customer is at high risk. The SHAP values confirm these drivers as the primary concerns, indicating a significant negative impact on churn probability.","Immediately prioritize outreach to this customer, focusing on addressing the reasons for cart abandonment and offering personalized support to reduce customer service interactions. A proactive intervention, such as a targeted discount or assistance with a past order, could potentially mitigate the risk and prevent churn.",22.904596835374832
40.0,Female,USA,0.8,5.0,21.8,9.4,67.7,6.0,13.0,121.91,37.0,62.4,4.4,14.4,5.0,9.0,41.6,21.5,4.0,1173.48,,Q4,0,0,0.0669,RETAIN,Low,-0.1865,-0.0784,-0.0433,-0.075,-0.1076,-0.2654,-0.1772,-0.1235,-0.034,-0.101,-0.1234,-0.1692,-0.1509,-0.5245,-0.2265,0.057,-0.2403,0.047,-0.2947,0.0872,-0.004,-0.0078,-0.0039,-0.0027,-0.0088,0.0103,-0.0125,-0.0074,0.0034,0.003,-0.0747,0.016,-0.0018,0.0084,0.0805,"Low Customer service calls (5.0) reduces churn risk [SHAP=-0.52, strong signal] | High Lifetime value (1173.48) reduces churn risk [SHAP=-0.29, moderate signal] | Low Cart abandonment rate (67.7) reduces churn risk [SHAP=-0.27, moderate signal] | High Mobile app usage (21.5) reduces churn risk [SHAP=-0.24, moderate signal] | High Product reviews written (9.0) reduces churn risk [SHAP=-0.23, moderate signal]","Low Customer service calls (5.0) reduces churn risk [SHAP=-0.52, strong signal]","High Lifetime value (1173.48) reduces churn risk [SHAP=-0.29, moderate signal]","Low Cart abandonment rate (67.7) reduces churn risk [SHAP=-0.27, moderate signal]","High Mobile app usage (21.5) reduces churn risk [SHAP=-0.24, moderate signal]","High Product reviews written (9.0) reduces churn risk [SHAP=-0.23, moderate signal]",0,0.1145295001390659,3440,retain,"Both XGBOOST and Random Forest models agree to retain the customer, with XGBOOST assigning a low risk tier (6.7% churn probability) driven by strong SHAP signals from low customer service calls (-0.52) and high lifetime value (-0.29). This aligns with population benchmarks where the customer's service call count and lifetime value fall within or exceed the thresholds for retained users.","Maintain current engagement strategies as the customer shows low churn risk, but consider a targeted loyalty offer to address the high cart abandonment rate (67.70%) which, while not a direct SHAP driver, indicates potential future loss if left unmanaged.",5.463153498247266,retain,"Both the XGBoost and Random Forest models predict retention with high confidence (ROC-AUC 0.927 and 0.921 respectively), and the SHAP values consistently highlight positive factors such as low customer service calls, high lifetime value, and low cart abandonment rate. These factors, combined with benchmarks indicating similar retention rates for customers with comparable values, strongly support the decision to retain this customer.","Proactively engage this customer with personalized recommendations based on their past purchases and app usage, and offer a small, targeted discount to reinforce their value and encourage another purchase within the next 30 days.",20.39506872277707
32.0,Female,France,3.5,14.0,17.3,11.3,61.6,3.0,11.0,101.82,10.0,69.0,0.3,23.3,4.0,3.0,30.0,19.5,1.0,946.88,2256.0,Q1,0,0,0.0356,RETAIN,Low,-0.3133,-0.0693,0.0072,0.0386,-0.2427,-0.1807,-0.0437,-0.0142,0.02,-0.3823,-0.4641,-0.5835,-0.1931,-0.3754,-0.0891,-0.0529,0.1379,-0.0196,-0.3077,-0.0431,0.0026,-0.0093,-0.0009,-0.0024,-0.0042,-0.1799,-0.0053,-0.0098,0.006,-0.0003,-0.0071,-0.0063,-0.0119,0.0092,-0.0065,"Low Returns rate (0.3) reduces churn risk [SHAP=-0.58, strong signal] | High Discount usage rate (69.0) reduces churn risk [SHAP=-0.46, moderate signal] | Low Days since last purchase (10.0) reduces churn risk [SHAP=-0.38, moderate signal] | Low Customer service calls (4.0) reduces churn risk [SHAP=-0.38, moderate signal] | High Age (32.0) reduces churn risk [SHAP=-0.31, moderate signal]","Low Returns rate (0.3) reduces churn risk [SHAP=-0.58, strong signal]","High Discount usage rate (69.0) reduces churn risk [SHAP=-0.46, moderate signal]","Low Days since last purchase (10.0) reduces churn risk [SHAP=-0.38, moderate signal]","Low Customer service calls (4.0) reduces churn risk [SHAP=-0.38, moderate signal]","High Age (32.0) reduces churn risk [SHAP=-0.31, moderate signal]",0,0.0691048928953893,3489,retain,"Both XGBOOST and Random Forest models independently predict retention, with XGBOOST assigning a low 3.6% churn probability driven by strong SHAP signals from low returns, high discount usage, and minimal service calls. These factors align with population benchmarks showing the customer's metrics are significantly better than average churners, confirming the decision to retain.","Implement a targeted retention campaign leveraging the customer's high discount usage by offering exclusive loyalty rewards to reinforce the positive relationship, while proactively addressing the 10-day gap since last purchase with a personalized re-engagement offer.",4.716728019528091,retain,"Both the XGBoost and Random Forest models predict retention with high confidence (ROC-AUC 0.927 and 0.921 respectively), and the XGBoost model highlights several factors mitigating churn risk, including low returns rate, high discount usage, low days since last purchase, and low customer service calls. These factors align with the benchmark data, which indicates a lower churn rate for customers with similar returns rates and age, suggesting this customer is unlikely to churn.","Proactively engage this customer with personalized offers based on their high discount usage, and consider sending a targeted email campaign encouraging a purchase within the next week, given their recent inactivity (10 days since last purchase).",23.583132956176996
30.0,Male,Canada,1.6,1.0,15.7,6.0,75.2,0.0,5.2,167.49,5.0,29.879999999999995,5.4,0.0,4.0,0.0,22.2,17.0,3.0,715.01,0.0,Q4,0,1,0.7951,CHURN,High,-0.4106,0.0239,0.1275,0.0564,-0.0655,1.1574,0.4453,0.2835,0.0988,-1.0587,0.1436,-0.0743,0.6884,-0.5201,0.2617,-0.0947,-0.1113,0.0087,-0.011,0.1946,0.0029,0.0034,-0.0083,-0.0037,0.0496,0.0084,-0.0048,-0.004,0.0044,-0.002,0.0176,0.0013,-0.0033,0.0092,0.0439,"High Cart abandonment rate (75.2) increases churn risk [SHAP=+1.16, strong signal] | Low Days since last purchase (5.0) reduces churn risk [SHAP=-1.06, strong signal] | Low Email open rate (0.0) increases churn risk [SHAP=+0.69, strong signal] | Low Customer service calls (4.0) reduces churn risk [SHAP=-0.52, strong signal] | Low Wishlist items count (0.0) increases churn risk [SHAP=+0.45, moderate signal]","High Cart abandonment rate (75.2) increases churn risk [SHAP=+1.16, strong signal]","Low Days since last purchase (5.0) reduces churn risk [SHAP=-1.06, strong signal]","Low Email open rate (0.0) increases churn risk [SHAP=+0.69, strong signal]","Low Customer service calls (4.0) reduces churn risk [SHAP=-0.52, strong signal]","Low Wishlist items count (0.0) increases churn risk [SHAP=+0.45, moderate signal]",1,0.7069209351143229,3517,churn,"Both models predict churn with high confidence, driven primarily by the XGBOOST model's strong SHAP signal indicating that the high cart abandonment rate (75.2) significantly increases churn risk (+1.16). This risk outweighs the mitigating factors of low days since last purchase and customer service calls, aligning with the customer's status as a high-risk churner.","Immediately deploy a targeted retention campaign focusing on re-engagement through email or push notifications to address the high cart abandonment, while offering a limited-time discount to encourage a return purchase.",4.691333698108792,churn,"Both the XGBoost and Random Forest models predict churn with high probabilities (79.5% and 70.7% respectively), driven by the customer's high cart abandonment rate (SHAP=+1.16), low email open rate (SHAP=+0.69), and days since last purchase (SHAP=-1.06).  This aligns with the population benchmarks which show a strong correlation between these factors and churn, and the customer’s behavior – specifically the 75.2% cart abandonment rate – is a key indicator of potential disengagement.","Immediately initiate a proactive outreach campaign focusing on personalized incentives and addressing potential barriers to purchase, such as simplifying the checkout process and offering targeted product recommendations based on past purchases.  Monitor this customer closely for further disengagement signals and be prepared to offer additional support if needed.",27.499369719065726
28.0,Female,Japan,2.8,13.0,18.7,8.5,63.2,2.0,9.0,156.5,2.0,44.2,5.3,4.5,5.0,3.0,10.9,18.5,1.0,1311.18,2630.0,Q1,0,0,0.0344,RETAIN,Low,-0.1808,-0.1013,-0.1902,-0.0281,-0.1086,-0.5036,-0.1269,-0.1557,-0.0048,-0.7978,-0.1474,-0.0941,0.1799,-0.4854,-0.1575,0.02,-0.0529,-0.0104,-0.339,-0.056,0.0086,-0.007,-0.0013,-0.0076,-0.0075,0.0178,-0.0035,-0.0086,-0.08,-0.0049,0.0059,-0.0079,-0.0026,0.0021,0.0047,"Low Days since last purchase (2.0) reduces churn risk [SHAP=-0.80, strong signal] | Low Cart abandonment rate (63.2) reduces churn risk [SHAP=-0.50, strong signal] | Low Customer service calls (5.0) reduces churn risk [SHAP=-0.49, moderate signal] | High Lifetime value (1311.18) reduces churn risk [SHAP=-0.34, moderate signal] | High Login frequency (13.0) reduces churn risk [SHAP=-0.19, moderate signal]","Low Days since last purchase (2.0) reduces churn risk [SHAP=-0.80, strong signal]","Low Cart abandonment rate (63.2) reduces churn risk [SHAP=-0.50, strong signal]","Low Customer service calls (5.0) reduces churn risk [SHAP=-0.49, moderate signal]","High Lifetime value (1311.18) reduces churn risk [SHAP=-0.34, moderate signal]","High Login frequency (13.0) reduces churn risk [SHAP=-0.19, moderate signal]",0,0.1373378705826675,3536,retain,"Both XGBOOST and Random Forest models agree to retain the customer, with XGBOOST assigning a low 3.4% churn probability driven by strong SHAP signals from low days since last purchase, cart abandonment, and service calls. This aligns with population benchmarks where the customer's recent activity and low service interaction fall well within the retained group averages.","Maintain current engagement strategies as the customer shows low churn risk, but consider a small retention offer to address the high 63.2% cart abandonment rate and boost email open rates.",4.5572760393843055,retain,"Both the XGBoost and Random Forest models predict retention with high confidence (ROC-AUC 0.927 and 0.921, respectively), driven by factors like low days since last purchase, low cart abandonment, and low customer service calls. The SHAP values highlight the strength of these signals, particularly the negative impact of low churn probability and the positive impact of high lifetime value and login frequency. These metrics align with the benchmarks indicating a lower churn risk compared to the average.","Proactively engage this customer with a personalized offer based on their purchase history, perhaps a curated product recommendation or a loyalty reward, to reinforce their value and encourage continued engagement. Monitor their behavior closely for any signs of disengagement and be prepared to address them swiftly.",24.45781164802611
55.0,Female,USA,4.2,0.0,17.1,5.3,72.8,1.0,8.0,103.28,15.0,89.0,8.4,8.9,6.0,1.0,23.0,6.7,1.0,914.77,1237.0,Q2,1,0,0.4741,RETAIN,Medium,-0.321,-0.0341,0.1228,0.081,0.1681,0.6848,0.2168,-0.2204,-0.1167,-0.6813,-0.3109,0.2277,0.2009,0.4458,0.054,-0.1044,0.2208,-0.0221,-0.7521,-0.069,0.0019,-0.0031,-0.0054,-0.003,0.0068,0.0125,-0.0037,-0.0081,0.0023,-0.0003,-0.0146,0.002,0.01,0.026,-0.0151,"High Lifetime value (914.77) reduces churn risk [SHAP=-0.75, strong signal] | High Cart abandonment rate (72.8) increases churn risk [SHAP=+0.68, strong signal] | Low Days since last purchase (15.0) reduces churn risk [SHAP=-0.68, strong signal] | High Customer service calls (6.0) increases churn risk [SHAP=+0.45, moderate signal] | High Age (55.0) reduces churn risk [SHAP=-0.32, moderate signal]","High Lifetime value (914.77) reduces churn risk [SHAP=-0.75, strong signal]","High Cart abandonment rate (72.8) increases churn risk [SHAP=+0.68, strong signal]","Low Days since last purchase (15.0) reduces churn risk [SHAP=-0.68, strong signal]","High Customer service calls (6.0) increases churn risk [SHAP=+0.45, moderate signal]","High Age (55.0) reduces churn risk [SHAP=-0.32, moderate signal]",1,0.5622312062066035,3541,retain,"The XGBoost model, identified as the best model with the highest ROC-AUC (0.927), predicts retention based on strong SHAP signals where high lifetime value and low days since last purchase significantly reduce churn risk, outweighing the moderate risk from customer service calls. Although the Random Forest model predicts churn, the XGBoost's stronger predictive accuracy and the dominance of positive SHAP magnitudes for retention indicators justify the final decision to retain this customer.","Implement a targeted retention campaign focusing on re-engagement for the 15-day gap since last purchase to capitalize on the high lifetime value, while addressing the specific issues flagged by the 6 customer service calls to mitigate the moderate churn risk.",5.656176242046058,churn,"Despite a high lifetime value and age, the XGBoost model predicts churn with a 47.4% probability, primarily due to a high cart abandonment rate (72.80%) and customer service calls (6.0). The Random Forest model also predicts churn, highlighting Customer Service Calls and Lifetime Value as significant factors.  The benchmark for Days Since Last Purchase (15.0) suggests increased churn risk, aligning with the XGBoost's SHAP value.","Proactively reach out to this customer to understand the reasons for cart abandonment and recent customer service issues. Offer a personalized discount or incentive to encourage a purchase and address any potential concerns, aiming to prevent churn and capitalize on their existing value.",24.5184539090842
41.0,Female,Germany,2.4,0.0,18.8,5.8,66.2,3.0,9.0,149.87,14.0,50.1,14.9,0.0,7.0,1.0,13.2,,1.0,1170.03,330.0,Q1,0,1,0.5841,CHURN,Medium,-0.1534,0.0269,0.1688,-0.1158,0.0607,-0.1162,-0.1256,-0.2342,0.2333,-0.7156,-0.1589,0.9257,0.7068,0.5682,0.0519,-0.0705,-0.1537,-0.0331,-0.8158,0.1769,0.0039,-0.0067,-0.0058,-0.0025,0.0025,0.0196,0.0335,-0.0003,-0.0007,-0.0012,0.0049,-0.0074,-0.001,-0.0,-0.0233,"High Returns rate (14.9) increases churn risk [SHAP=+0.93, strong signal] | High Lifetime value (1170.03) reduces churn risk [SHAP=-0.82, strong signal] | Low Days since last purchase (14.0) reduces churn risk [SHAP=-0.72, strong signal] | Low Email open rate (0.0) increases churn risk [SHAP=+0.71, strong signal] | High Customer service calls (7.0) increases churn risk [SHAP=+0.57, strong signal]","High Returns rate (14.9) increases churn risk [SHAP=+0.93, strong signal]","High Lifetime value (1170.03) reduces churn risk [SHAP=-0.82, strong signal]","Low Days since last purchase (14.0) reduces churn risk [SHAP=-0.72, strong signal]","Low Email open rate (0.0) increases churn risk [SHAP=+0.71, strong signal]","High Customer service calls (7.0) increases churn risk [SHAP=+0.57, strong signal]",0,0.4539879612214337,3833,retain,"Although XGBoost predicts churn due to high returns and service calls, its SHAP analysis shows that high lifetime value (-0.82) and low days since last purchase (-0.72) are strong mitigating factors that reduce risk, while Random Forest explicitly predicts retain. The customer's high lifetime value ($1170.03) exceeds the average retained benchmark ($1444.153) only slightly but remains above the churner average ($1428.287), indicating significant loyalty potential.",Implement a targeted retention campaign focusing on resolving the 7 customer service calls and addressing the 14.9% returns rate to capitalize on the customer's high lifetime value and recent purchase activity.,5.920996168628335,churn,"Both models disagree, but the XGBoost model’s prediction of CHURN (58.4%) is more aligned with the SHAP analysis, particularly the strong signals regarding high returns rate, low email open rate, and frequent customer service calls – all indicating potential dissatisfaction. The benchmark data also highlights the customer’s high returns rate and lifetime value, suggesting a potential for decreased engagement and ultimately, churn.  The Random Forest model’s prediction of RETAIN is less strongly supported by the SHAP values, which primarily focus on customer service calls and lifetime value.","Immediately reach out to this customer to understand the reasons behind their recent customer service interactions and the high returns rate. Offer a personalized discount or incentive to encourage a purchase and demonstrate our commitment to addressing their concerns, aiming to proactively prevent churn.",27.103805081918836
58.0,Male,USA,1.4,10.0,15.5,4.0,59.8,,16.0,93.93,82.0,,8.4,7.8,8.0,2.0,0.0,5.8,2.0,1334.87,0.0,Q1,1,1,0.7611,CHURN,High,-0.3197,-0.0404,-0.1367,0.2545,0.1196,-0.8447,-0.1772,-0.277,0.018,1.639,-0.0928,0.2098,0.2042,0.7973,-0.1121,0.2784,0.3654,-0.0177,-0.9197,0.1942,-0.0095,-0.015,-0.0021,-0.002,-0.0043,0.0081,-0.0055,-0.0114,0.0061,-0.0019,-0.0209,-0.0061,-0.0124,0.0162,-0.0198,"High Days since last purchase (82.0) increases churn risk [SHAP=+1.64, dominant driver] | High Lifetime value (1334.87) reduces churn risk [SHAP=-0.92, strong signal] | Low Cart abandonment rate (59.8) reduces churn risk [SHAP=-0.84, strong signal] | High Customer service calls (8.0) increases churn risk [SHAP=+0.80, strong signal] | Low Mobile app usage (5.8) increases churn risk [SHAP=+0.37, moderate signal]","High Days since last purchase (82.0) increases churn risk [SHAP=+1.64, dominant driver]","High Lifetime value (1334.87) reduces churn risk [SHAP=-0.92, strong signal]","Low Cart abandonment rate (59.8) reduces churn risk [SHAP=-0.84, strong signal]","High Customer service calls (8.0) increases churn risk [SHAP=+0.80, strong signal]","Low Mobile app usage (5.8) increases churn risk [SHAP=+0.37, moderate signal]",1,0.5605680520652734,4003,churn,"Both models agree on churn with XGBOOST assigning a 76.1% probability driven primarily by the high days since last purchase (SHAP=+1.64) and customer service calls (SHAP=+0.80), while the customer's 82 days since last purchase significantly exceeds the average retained benchmark of 26.936 days. Despite the mitigating factors of high lifetime value and cart abandonment rate, the dominant positive SHAP drivers outweigh these negatives, confirming the high-risk classification.","Immediately initiate a retention outreach campaign addressing the long gap in activity and the high volume of service calls, focusing on re-engagement incentives to prevent churn before the 82-day gap becomes irreversible.",5.857708397321403,churn,"Both the XGBoost and Random Forest models predict churn with high probabilities (76.1% and 56.1% respectively), driven by the customer’s high Days since last purchase (SHAP=+1.64), significant Lifetime Value (SHAP=-0.92), and a relatively high number of Customer Service calls (SHAP=+0.80). The population benchmarks also indicate a higher churn risk for customers with similar characteristics, further supporting this prediction.","Immediately engage this customer with a personalized outreach, offering a tailored discount or exclusive offer to incentivize a purchase and address the root cause of the recent inactivity. Investigate the reason for the high customer service call volume to identify and resolve any underlying issues contributing to dissatisfaction.",25.310631692409515
30.0,Female,USA,6.9,13.0,25.8,10.3,63.6,1.0,10.0,115.93,12.0,66.3,0.7,25.2,2.0,5.0,,10.9,2.0,1073.89,1780.0,Q3,0,0,0.0317,RETAIN,Low,-0.2194,-0.0503,-0.1022,0.0215,-0.1526,-0.2802,0.0394,0.0257,-0.071,-0.439,-0.1743,-0.775,-0.3253,-0.6446,0.078,0.0418,-0.1511,-0.0118,-0.3393,0.0537,0.0079,-0.0063,-0.0028,-0.0091,-0.0118,0.0123,-0.0087,-0.008,0.0038,0.0103,0.0115,0.002,-0.0222,-0.0165,-0.002,"Low Returns rate (0.7) reduces churn risk [SHAP=-0.77, strong signal] | Low Customer service calls (2.0) reduces churn risk [SHAP=-0.64, strong signal] | Low Days since last purchase (12.0) reduces churn risk [SHAP=-0.44, moderate signal] | High Lifetime value (1073.89) reduces churn risk [SHAP=-0.34, moderate signal] | High Email open rate (25.2) reduces churn risk [SHAP=-0.33, moderate signal]","Low Returns rate (0.7) reduces churn risk [SHAP=-0.77, strong signal]","Low Customer service calls (2.0) reduces churn risk [SHAP=-0.64, strong signal]","Low Days since last purchase (12.0) reduces churn risk [SHAP=-0.44, moderate signal]","High Lifetime value (1073.89) reduces churn risk [SHAP=-0.34, moderate signal]","High Email open rate (25.2) reduces churn risk [SHAP=-0.33, moderate signal]",0,0.1202764062075475,4223,retain,"Both XGBOOST and Random Forest models independently predict retention, with XGBOOST identifying low returns (0.7), service calls (2.0), and days since last purchase (12.0) as strong or moderate risk-reducing factors. These specific SHAP-driven signals outweigh the customer's 12-day gap from purchase, which falls below the 36.9-day average for churners in the benchmark data.","Maintain the current retention strategy while implementing a targeted re-engagement campaign to address the 63.60% cart abandonment rate, as this is the only behavioral metric not explicitly cited as a retention driver in the model's SHAP analysis.",5.5419810973107815,retain,"Both the XGBoost and Random Forest models predict retention with high confidence (ROC-AUC of 0.927 and 0.921 respectively), and the SHAP values highlight several factors mitigating churn risk: low returns rate, low customer service calls, and a relatively recent purchase. The benchmark data confirms these trends – the customer’s return rate is below average, and the number of customer service calls is also lower than the average churner.  These factors, combined with the customer’s high lifetime value and email engagement, strongly support the retention prediction.","Focus on proactive engagement – send a personalized email offering relevant product recommendations based on past purchases and browsing history, and consider a small, targeted discount to incentivize another purchase within the next 30 days to reinforce their value and address the cart abandonment rate.",26.48056159261614
31.0,Male,Canada,2.0,9.0,21.1,,72.6,7.0,6.5,105.25,31.0,20.4,3.4,0.8,7.0,2.0,0.9,,1.0,510.88,1227.0,Q4,0,1,0.7343,CHURN,High,-0.4149,0.1084,-0.0956,0.0429,-0.114,0.4942,-0.2368,0.1303,-0.1005,0.0016,0.1882,-0.1636,0.969,0.6163,-0.0672,0.1258,-0.0508,-0.0415,-0.4783,-0.1378,-0.0009,0.0078,-0.0025,-0.0021,0.0829,0.0038,-0.0029,-0.0108,0.0055,-0.0004,0.0108,-0.0041,-0.0034,0.0013,0.0587,"Low Email open rate (0.8) increases churn risk [SHAP=+0.97, strong signal] | High Customer service calls (7.0) increases churn risk [SHAP=+0.62, strong signal] | High Cart abandonment rate (72.6) increases churn risk [SHAP=+0.49, moderate signal] | High Lifetime value (510.88) reduces churn risk [SHAP=-0.48, moderate signal] | High Age (31.0) reduces churn risk [SHAP=-0.41, moderate signal]","Low Email open rate (0.8) increases churn risk [SHAP=+0.97, strong signal]","High Customer service calls (7.0) increases churn risk [SHAP=+0.62, strong signal]","High Cart abandonment rate (72.6) increases churn risk [SHAP=+0.49, moderate signal]","High Lifetime value (510.88) reduces churn risk [SHAP=-0.48, moderate signal]","High Age (31.0) reduces churn risk [SHAP=-0.41, moderate signal]",1,0.5961667395371544,4751,churn,"Both models predict churn, with XGBOOST assigning a 73.4% probability driven by strong SHAP signals from low email engagement (+0.97) and high support calls (+0.62), while the customer's 7.0 service calls exceed the 5.19 average for retained users. Despite a moderate protective effect from lifetime value, the high cart abandonment rate further elevates risk, confirming the consensus decision.","Immediately address the customer's high support call volume and low email engagement with a personalized retention offer, as these are the primary drivers of churn risk in the model output.",5.04567351937294,churn,"Both the XGBoost and Random Forest models predict churn with high probabilities (73.4% and 59.6% respectively), supported by strong SHAP signals indicating low email open rates, high customer service calls, and a high cart abandonment rate. These factors, combined with the benchmark data showing elevated churn rates for similar customers, strongly suggest this customer is at high risk of churning.","Immediately engage the customer with a proactive outreach, focusing on addressing the reasons for cart abandonment and low email engagement. Offer personalized support and incentives to encourage a purchase and demonstrate our commitment to their experience, aiming to convert this high-value customer into an active advocate.",21.473023783415556
43.0,Male,UK,1.0,1.0,21.4,,78.5,2.0,10.4,172.38,12.0,5.64,,4.5,8.0,0.0,5.5,,2.0,1558.4,1837.0,Q4,1,0,0.435,RETAIN,Medium,-0.3927,-0.0564,0.1266,-0.1473,-0.2606,1.084,-0.2129,-0.3249,0.1443,-0.6015,0.1561,-0.1256,0.2972,0.651,0.1757,0.0697,-0.1617,-0.0054,-0.817,0.0184,0.0157,0.0124,-0.0025,-0.0075,-0.0065,0.0009,-0.0034,-0.0045,0.0009,-0.0162,0.0096,-0.003,-0.0046,0.0007,0.0326,"High Cart abandonment rate (78.5) increases churn risk [SHAP=+1.08, strong signal] | High Lifetime value (1558.4) reduces churn risk [SHAP=-0.82, strong signal] | High Customer service calls (8.0) increases churn risk [SHAP=+0.65, strong signal] | Low Days since last purchase (12.0) reduces churn risk [SHAP=-0.60, strong signal] | High Age (43.0) reduces churn risk [SHAP=-0.39, moderate signal]","High Cart abandonment rate (78.5) increases churn risk [SHAP=+1.08, strong signal]","High Lifetime value (1558.4) reduces churn risk [SHAP=-0.82, strong signal]","High Customer service calls (8.0) increases churn risk [SHAP=+0.65, strong signal]","Low Days since last purchase (12.0) reduces churn risk [SHAP=-0.60, strong signal]","High Age (43.0) reduces churn risk [SHAP=-0.39, moderate signal]",1,0.5489779989033423,4847,retain,"The XGBoost model, identified as the best-performing model with a 0.927 ROC-AUC, predicts retention based on strong SHAP signals where high lifetime value and low days since last purchase significantly reduce churn risk, outweighing the moderate risk from customer service calls. Although the Random Forest model predicts churn due to feature importance in service calls, the XGBoost's specific attribution of high lifetime value as a protective factor aligns with the population benchmark where this customer's value exceeds the average retained level.","Implement a targeted retention campaign focusing on re-engagement to address the high cart abandonment rate, leveraging the customer's high lifetime value to justify a personalized offer that acknowledges their long-term contribution while reducing friction in the checkout process.",5.879249325022101,churn,"Both models disagree, with XGBoost predicting retain and Random Forest predicting churn. Despite a high lifetime value, the customer’s high cart abandonment rate (78.5%) and frequent customer service calls (8) – highlighted by strong SHAP signals (+1.08, +0.65) – outweigh the positive impact of age and purchase history. The population benchmarks further support the concern, indicating a higher churn risk compared to average retained customers.","Proactively engage this customer with a personalized offer to address the cart abandonment issue and investigate the reasons behind the high customer service call volume. Consider offering a discount or expedited shipping to incentivize a purchase and demonstrate value, while also gathering feedback on the customer's experience.",24.614971486851573
18.0,Male,USA,2.5,3.0,18.6,4.7,60.4,3.0,9.0,55.96,86.0,15.2,4.4,23.2,10.0,,21.8,10.7,3.0,475.81,1131.0,Q2,1,1,0.997,CHURN,Critical,3.2163,0.0161,-0.0127,0.1175,0.0646,-0.2068,-0.022,0.012,-0.4355,1.3881,2.0503,-0.2408,-0.3789,0.6047,-0.1146,-0.1043,0.133,0.0345,-0.359,-0.0455,0.0013,0.0136,-0.0018,0.0001,-0.0018,0.008,-0.0048,-0.0023,0.0028,-0.0004,-0.0336,0.0037,0.0174,0.0032,-0.0225,"Low Age (18.0) increases churn risk [SHAP=+3.22, dominant driver] | Low Discount usage rate (15.2) increases churn risk [SHAP=+2.05, dominant driver] | High Days since last purchase (86.0) increases churn risk [SHAP=+1.39, strong signal] | High Customer service calls (10.0) increases churn risk [SHAP=+0.60, strong signal] | Low Average order value (55.96) reduces churn risk [SHAP=-0.44, moderate signal]","Low Age (18.0) increases churn risk [SHAP=+3.22, dominant driver]","Low Discount usage rate (15.2) increases churn risk [SHAP=+2.05, dominant driver]","High Days since last purchase (86.0) increases churn risk [SHAP=+1.39, strong signal]","High Customer service calls (10.0) increases churn risk [SHAP=+0.60, strong signal]","Low Average order value (55.96) reduces churn risk [SHAP=-0.44, moderate signal]",1,0.7520027762197414,4919,churn,"Both models predict churn with high confidence (99.7% and 75.2%), driven by critical SHAP factors including the customer's low age (18.0), low discount usage (15.2), and 86 days since last purchase. These drivers significantly exceed the population benchmarks for retained users, confirming the decision.",Immediately initiate a targeted win-back campaign offering a high-value discount to address the low discount usage and re-engage the customer before they leave.,4.220255987718701,churn,"Both the XGBoost and Random Forest models predict churn with high confidence (99.7% and 75.2% respectively), driven by factors like low discount usage, long days since last purchase, high customer service calls, and the customer's young age. The SHAP values highlight these as significant drivers, and the benchmark data confirms a higher churn risk for younger customers with infrequent purchases.","Immediately initiate a proactive outreach campaign targeting this customer, focusing on personalized incentives to encourage a purchase and address potential pain points identified through the customer service interactions. Consider offering a tailored discount or exclusive offer to re-engage them and understand the reasons behind their inactivity.",21.76215765532106
55.0,Female,USA,3.0,2.0,34.3,,61.9,3.0,14.3,136.45,,43.92,5.3,7.2,11.0,2.0,51.0,24.1,1.0,1591.7,1412.0,Q4,0,0,0.1368,RETAIN,Low,-0.204,0.1941,0.0049,-0.038,-0.2773,-0.305,-0.0869,-0.2201,-0.1459,-0.0666,-0.0284,-0.1472,0.0377,0.8066,-0.0674,-0.0937,-0.3254,-0.0267,-1.0796,0.0648,0.0066,-0.0061,-0.0008,-0.0033,0.0036,0.0075,0.0003,-0.008,0.0037,-0.0132,-0.0053,0.0057,-0.0105,-0.0134,0.0982,"High Lifetime value (1591.7) reduces churn risk [SHAP=-1.08, strong signal] | High Customer service calls (11.0) increases churn risk [SHAP=+0.81, strong signal] | High Mobile app usage (24.1) reduces churn risk [SHAP=-0.33, moderate signal] | Low Cart abandonment rate (61.9) reduces churn risk [SHAP=-0.30, moderate signal] | High Pages browsed per session (missing) reduces churn risk [SHAP=-0.28, moderate signal]","High Lifetime value (1591.7) reduces churn risk [SHAP=-1.08, strong signal]","High Customer service calls (11.0) increases churn risk [SHAP=+0.81, strong signal]","High Mobile app usage (24.1) reduces churn risk [SHAP=-0.33, moderate signal]","Low Cart abandonment rate (61.9) reduces churn risk [SHAP=-0.30, moderate signal]","High Pages browsed per session (missing) reduces churn risk [SHAP=-0.28, moderate signal]",0,0.2016033730326687,5014,retain,"Both XGBOOST and Random Forest models agree to retain the customer, with XGBOOST assigning a low-risk tier (13.7% churn probability) driven primarily by high lifetime value and mobile app usage, despite the elevated churn risk from frequent customer service calls. This decision aligns with population benchmarks where the customer's lifetime value exceeds the average retained customer, and the models' SHAP magnitudes confirm that high-value retention factors outweigh the negative signal from service interactions.","Implement a proactive loyalty reward program to acknowledge the customer's high lifetime value and reduce reliance on discounts, while simultaneously addressing the root causes of the 11 customer service calls to prevent future friction.",5.378915789537132,retain,"Both the XGBoost and Random Forest models predict retention with high confidence (ROC-AUC of 0.927 and 0.921, respectively), and the XGBoost model highlights key drivers like high Lifetime Value and Customer Service Calls as reducing churn risk, while Mobile App Usage and Cart Abandonment Rate positively contribute. The customer’s high Lifetime Value and the relatively low number of Customer Service Calls (compared to the average churner) are strong mitigating factors, supported by SHAP values indicating these are positive signals.","Proactively reach out to this customer with a personalized offer based on their purchase history and mobile app usage, demonstrating appreciation for their loyalty and addressing any potential pain points identified by the customer service interactions. Focus on engagement strategies to improve email open rates and drive further purchases.",25.64229108951986
31.0,Male,USA,3.0,24.0,32.7,15.1,40.4,7.0,19.0,127.19,15.0,34.6,10.2,32.5,1.0,6.0,42.9,33.9,2.0,1947.09,3192.0,Q1,0,0,0.0879,RETAIN,Low,-0.1168,0.0724,0.0113,-0.1642,-0.2974,-0.1744,0.0424,-0.1249,-0.1025,-0.0202,-0.3012,-0.0028,-0.0983,-1.8262,-0.058,-0.0856,-0.0781,-0.023,1.0447,-0.0917,0.011,0.0022,-0.0043,-0.0039,-0.0121,0.019,-0.0124,-0.0054,0.0029,0.0013,-0.0001,0.0192,-0.0104,-0.0127,-0.0361,"Low Customer service calls (1.0) reduces churn risk [SHAP=-1.83, dominant driver] | Low Lifetime value (1947.09) increases churn risk [SHAP=+1.04, strong signal] | High Discount usage rate (34.6) reduces churn risk [SHAP=-0.30, moderate signal] | High Pages browsed per session (15.1) reduces churn risk [SHAP=-0.30, moderate signal] | Low Cart abandonment rate (40.4) reduces churn risk [SHAP=-0.17, moderate signal]","Low Customer service calls (1.0) reduces churn risk [SHAP=-1.83, dominant driver]","Low Lifetime value (1947.09) increases churn risk [SHAP=+1.04, strong signal]","High Discount usage rate (34.6) reduces churn risk [SHAP=-0.30, moderate signal]","High Pages browsed per session (15.1) reduces churn risk [SHAP=-0.30, moderate signal]","Low Cart abandonment rate (40.4) reduces churn risk [SHAP=-0.17, moderate signal]",0,0.0917945455164954,5151,retain,"Both XGBOOST and Random Forest models unanimously predict retention with low churn probabilities (8.8% and 9.2%), driven primarily by the dominant SHAP signal that low customer service calls significantly reduce churn risk. Although the customer's lifetime value is below the population average, the high engagement metrics and low return rates outweigh this factor, resulting in a net low-risk classification.","Maintain the current retention strategy as the customer shows strong loyalty signals, but consider a targeted engagement campaign to address the elevated discount usage rate and prevent long-term value stagnation.",4.586821745149791,retain,"Both the XGBoost and Random Forest models predict retention with high confidence (ROC-AUC of 0.927 and 0.921 respectively), and the SHAP values highlight factors that reduce churn risk for this customer, specifically low customer service calls, a relatively low lifetime value, and high discount usage. The population benchmarks confirm that this customer's characteristics align with retained customers, suggesting a strong likelihood of continued engagement.","Proactively offer this customer a personalized discount or exclusive offer to reinforce their value and loyalty, coupled with a simple 'thank you' email acknowledging their continued engagement and highlighting potential new products or features based on their past purchases.",21.49150099232793
25.0,Female,Canada,1.8,0.0,,3.8,79.2,,2.0,123.32,40.0,42.8,1.5,4.0,4.0,0.0,0.0,6.9,3.0,214.89,2454.0,Q1,1,1,0.9647,CHURN,Critical,-0.0478,-0.0931,0.1838,-0.0036,0.2563,1.8669,-0.1674,1.3367,-0.05,0.4557,-0.1549,-0.5273,0.4298,-0.6336,0.4069,0.1571,-0.124,-0.0055,-0.0289,-0.0875,-0.0066,-0.0039,-0.003,-0.0023,0.0763,0.0054,-0.007,0.0025,0.0011,-0.0047,0.0129,0.0109,-0.0178,0.0108,-0.0346,"High Cart abandonment rate (79.2) increases churn risk [SHAP=+1.87, dominant driver] | Low Total purchases (2.0) increases churn risk [SHAP=+1.34, strong signal] | Low Customer service calls (4.0) reduces churn risk [SHAP=-0.63, strong signal] | Low Returns rate (1.5) reduces churn risk [SHAP=-0.53, strong signal] | High Days since last purchase (40.0) increases churn risk [SHAP=+0.46, moderate signal]","High Cart abandonment rate (79.2) increases churn risk [SHAP=+1.87, dominant driver]","Low Total purchases (2.0) increases churn risk [SHAP=+1.34, strong signal]","Low Customer service calls (4.0) reduces churn risk [SHAP=-0.63, strong signal]","Low Returns rate (1.5) reduces churn risk [SHAP=-0.53, strong signal]","High Days since last purchase (40.0) increases churn risk [SHAP=+0.46, moderate signal]",1,0.8431428928141865,5231,churn,"Both models independently predict churn with high confidence (96.5% and 84.3%), driven primarily by the dominant SHAP signal of high cart abandonment (79.2) which exceeds the average churner benchmark of 64.174. Despite the mitigating effect of customer service calls, the overwhelming risk from low purchase frequency and high abandonment confirms the churn decision.","Immediately deploy a high-value retention offer targeting the 79.2% cart abandonment behavior, as the customer's low engagement and infrequent purchases indicate a critical risk requiring urgent intervention.",4.820362790487707,churn,"Both the XGBoost and Random Forest models predict churn with high confidence (96.5% and 84.3% respectively), driven primarily by the high cart abandonment rate, low purchase frequency, and recent inactivity. SHAP values highlight these factors as critical drivers, and benchmarks confirm that these behaviors are associated with churn. The customer’s recent lack of engagement (40 days since last purchase) further strengthens the prediction.","Immediately implement a targeted retention campaign focusing on personalized offers and addressing potential barriers to purchase, such as simplifying the checkout process and offering proactive assistance to reduce cart abandonment. Monitor the customer closely for further disengagement and prepare for potential churn.",21.872275951318443
39.0,Female,France,3.6,0.0,18.0,7.0,73.7,,10.4,87.19,24.0,64.44,16.9,6.9,5.0,2.0,26.3,16.6,3.0,575.65,2214.0,Q4,0,1,0.6511,CHURN,High,-0.1285,-0.0849,0.219,0.121,0.0466,1.2527,-0.1996,-0.1787,-0.0757,-0.2016,-0.2051,1.1449,0.2277,-0.564,-0.0824,-0.1958,-0.1328,0.0134,-0.0753,-0.1392,-0.0047,-0.0093,-0.0038,-0.002,0.0113,-0.2725,-0.007,-0.0112,0.0033,-0.0096,0.008,0.006,0.0004,0.0093,0.0468,"High Cart abandonment rate (73.7) increases churn risk [SHAP=+1.25, strong signal] | High Returns rate (16.9) increases churn risk [SHAP=+1.14, strong signal] | Low Customer service calls (5.0) reduces churn risk [SHAP=-0.56, strong signal] | Country = France increases churn risk [SHAP=+0.32, moderate signal] | Low Email open rate (6.9) increases churn risk [SHAP=+0.23, moderate signal]","High Cart abandonment rate (73.7) increases churn risk [SHAP=+1.25, strong signal]","High Returns rate (16.9) increases churn risk [SHAP=+1.14, strong signal]","Low Customer service calls (5.0) reduces churn risk [SHAP=-0.56, strong signal]","Country = France increases churn risk [SHAP=+0.32, moderate signal]","Low Email open rate (6.9) increases churn risk [SHAP=+0.23, moderate signal]",0,0.4799618789080877,5522,churn,"The final decision is CHURN because the best-performing model (XGBoost, ROC-AUC 0.927) predicts a 65.1% churn probability with strong SHAP signals from high cart abandonment (+1.25) and returns rate (+1.14), whereas the Random Forest model (ROC-AUC 0.921) predicts retention at 48.0%. These strong positive SHAP values significantly outweigh the mitigating factor of low customer service calls (-0.56) and align with the population benchmark where the customer's cart abandonment rate (73.70) exceeds the average churner (64.174).","Prioritize a high-touch retention offer targeting the specific pain points driving cart abandonment and returns, as the behavioral data indicates these are the primary drivers of churn risk for this customer.",6.8823890797793865,churn,"Both models predict differing outcomes, but the XGBoost model’s high churn probability (65.1%) and strong SHAP signals—particularly the high cart abandonment rate, returns rate, and low customer service calls—strongly suggest this customer is at high risk of churn. The population benchmarks confirm these trends, indicating a higher churn propensity compared to the average retained customer, while the French country signal also contributes to the risk.",Immediately initiate a proactive outreach campaign focused on addressing cart abandonment and providing personalized support to understand and resolve any issues leading to returns. Offer a tailored discount or incentive to encourage a new purchase and demonstrate value.,20.837643453851342
38.0,Female,USA,4.3,8.0,16.4,2.1,62.5,2.0,10.4,67.81,71.0,,1.2,16.8,5.0,0.0,2.5,3.3,4.0,496.68,77.0,Q4,0,1,0.5764,CHURN,Medium,-0.3246,-0.0325,-0.0771,0.1612,0.6127,-0.5898,-0.0582,-0.0674,-0.0046,1.4344,-0.0934,-0.9063,-0.2366,-0.5922,0.3248,0.0325,0.2364,0.0166,0.027,0.3205,-0.0102,-0.0052,-0.0016,-0.0066,-0.0107,0.0113,-0.0037,-0.006,0.0076,0.0148,-0.0019,-0.0015,-0.0122,0.0239,0.0294,"High Days since last purchase (71.0) increases churn risk [SHAP=+1.43, strong signal] | Low Returns rate (1.2) reduces churn risk [SHAP=-0.91, strong signal] | Low Pages browsed per session (2.1) increases churn risk [SHAP=+0.61, strong signal] | Low Customer service calls (5.0) reduces churn risk [SHAP=-0.59, strong signal] | Low Cart abandonment rate (62.5) reduces churn risk [SHAP=-0.59, strong signal]","High Days since last purchase (71.0) increases churn risk [SHAP=+1.43, strong signal]","Low Returns rate (1.2) reduces churn risk [SHAP=-0.91, strong signal]","Low Pages browsed per session (2.1) increases churn risk [SHAP=+0.61, strong signal]","Low Customer service calls (5.0) reduces churn risk [SHAP=-0.59, strong signal]","Low Cart abandonment rate (62.5) reduces churn risk [SHAP=-0.59, strong signal]",1,0.5334039150572542,5531,churn,"Both models independently predict churn with high confidence, driven primarily by the strong SHAP signal (+1.43) indicating that the customer's 71 days since last purchase significantly exceeds the average retained benchmark of 26.9 days. Although low returns and cart abandonment rates mitigate some risk, the overwhelming delay in repurchase outweighs these protective factors.","Immediately launch a targeted win-back campaign offering a personalized discount to re-engage the customer, as the 71-day gap represents a critical retention failure point. Prioritize this outreach before the next login cycle to capitalize on the high churn probability and prevent definitive loss.",5.089947727508843,churn,"Both the XGBoost and Random Forest models predict churn with high probabilities (57.6% and 53.3% respectively), supported by SHAP values indicating a high Days since last purchase (SHAP=+1.43), low Returns rate (SHAP=-0.91), and low Pages browsed per session (SHAP=+0.61) as key drivers. The population benchmarks further reinforce this prediction, showing a higher churn rate for customers with similar inactivity and return patterns.","Immediately engage this customer with a personalized offer, such as a discount or exclusive product, combined with proactive support to address potential reasons for inactivity and address any concerns. Focus on re-engaging them and understanding the reasons behind their recent disengagement to prevent further churn.",25.16992061585188
35.0,Male,UK,3.0,11.0,18.4,3.8,72.2,1.0,6.5,114.85,8.0,63.72,,0.0,8.0,2.0,18.3,7.5,2.0,592.84,3111.0,Q4,1,1,0.5063,CHURN,Medium,-0.1324,0.0447,-0.1132,0.0042,0.0998,0.4847,0.0777,0.0569,-0.107,-0.981,-0.1418,-0.0321,1.002,0.7447,-0.1351,-0.1568,0.0967,-0.0192,-0.6863,-0.2703,-0.0038,0.015,-0.0038,-0.0027,-0.0041,0.0083,-0.0051,-0.0075,0.0013,-0.0095,0.0012,0.002,-0.0042,0.0039,0.1011,"Low Email open rate (0.0) increases churn risk [SHAP=+1.00, strong signal] | Low Days since last purchase (8.0) reduces churn risk [SHAP=-0.98, strong signal] | High Customer service calls (8.0) increases churn risk [SHAP=+0.74, strong signal] | High Lifetime value (592.84) reduces churn risk [SHAP=-0.69, strong signal] | High Cart abandonment rate (72.2) increases churn risk [SHAP=+0.48, moderate signal]","Low Email open rate (0.0) increases churn risk [SHAP=+1.00, strong signal]","Low Days since last purchase (8.0) reduces churn risk [SHAP=-0.98, strong signal]","High Customer service calls (8.0) increases churn risk [SHAP=+0.74, strong signal]","High Lifetime value (592.84) reduces churn risk [SHAP=-0.69, strong signal]","High Cart abandonment rate (72.2) increases churn risk [SHAP=+0.48, moderate signal]",1,0.5706302076890762,5648,churn,"Both models predict churn with high confidence, driven primarily by the XGBOOST model's strong signal that the zero email open rate significantly increases risk, outweighing the mitigating factors of recent purchase activity and high lifetime value. The high customer service call volume further elevates the risk tier to medium, confirming the decision despite the customer's relatively low churn probability compared to historical benchmarks.","Immediately initiate a retention outreach campaign focusing on re-engagement via email to address the zero open rate, while offering a targeted discount to counter the high cart abandonment rate and reduce the impact of frequent service interactions.",4.78602849598974,churn,"Both the XGBoost and Random Forest models predict churn with high probabilities (50.6% and 57.1%, respectively), driven by low email open rates, high customer service calls, and a high cart abandonment rate. The SHAP values highlight these as significant drivers, particularly the low email engagement and the disproportionately high number of customer service interactions, which, combined with the benchmark data indicating increased churn risk with these factors, strongly suggests this customer is at high risk of churning.",Immediately reach out to this customer via a personalized email offering proactive support and addressing potential pain points identified through the customer service logs. Offer a small incentive to complete a purchase and encourage engagement with our email communications to combat the low open rate.,24.716154974885285
62.0,Male,USA,0.9,16.0,37.9,10.0,50.1,5.0,16.0,169.93,4.0,29.9,1.8,0.0,6.0,3.0,,33.8,,3075.55,2606.0,Q3,1,1,0.9954,CHURN,Critical,-0.5852,-0.0739,-0.1015,0.1439,-0.166,-0.0171,-0.0842,0.1129,0.2445,-0.356,0.099,-0.0238,0.0753,2.5745,-0.0821,-0.0967,-0.0932,-0.0187,3.81,0.0715,0.0013,-0.0175,-0.0023,-0.0073,-0.0053,0.0149,-0.0115,-0.0083,0.0037,-0.0084,-0.0349,-0.003,-0.0119,-0.0535,-0.0197,"Low Lifetime value (3075.55) increases churn risk [SHAP=+3.81, dominant driver] | High Customer service calls (6.0) increases churn risk [SHAP=+2.57, dominant driver] | High Age (62.0) reduces churn risk [SHAP=-0.59, strong signal] | Low Days since last purchase (4.0) reduces churn risk [SHAP=-0.36, moderate signal] | High Average order value (169.93) increases churn risk [SHAP=+0.24, moderate signal]","Low Lifetime value (3075.55) increases churn risk [SHAP=+3.81, dominant driver]","High Customer service calls (6.0) increases churn risk [SHAP=+2.57, dominant driver]","High Age (62.0) reduces churn risk [SHAP=-0.59, strong signal]","Low Days since last purchase (4.0) reduces churn risk [SHAP=-0.36, moderate signal]","High Average order value (169.93) increases churn risk [SHAP=+0.24, moderate signal]",1,0.8831713605453994,5810,churn,"Both models independently predict churn with high confidence (99.5% and 88.3%), driven primarily by the SHAP reason indicating low lifetime value as the dominant driver (+3.81), followed by high customer service calls (+2.57). Despite the customer's age reducing risk, the overwhelming model agreement and critical risk tier confirm the churn decision.","Immediately implement a targeted retention campaign focusing on re-engagement and personalized offers to address the low lifetime value, while simultaneously resolving the high volume of customer service calls to reduce friction.",4.587238711304963,churn,"Both the XGBoost and Random Forest models predict churn with high confidence (99.5% and 88.3% respectively), driven by low Lifetime Value, high Customer Service Calls, and age. SHAP values highlight these factors as dominant drivers, confirming the critical risk.  The benchmark data further supports this prediction, indicating a lower average retained value for similar customers.","Immediately initiate a proactive outreach program, focusing on understanding the reasons behind the customer’s recent service calls and offering personalized incentives to encourage a purchase and demonstrate value. A targeted offer, coupled with a conversation about addressing concerns, could potentially prevent churn.",20.749123866669834
36.0,Male,UK,3.8,2.0,11.3,7.2,79.6,2.0,10.4,93.35,,,2.9,,6.0,1.0,16.0,15.6,2.0,598.76,1227.0,Q4,1,1,0.6186,CHURN,High,-0.072,-0.0194,0.0241,0.3756,-0.0414,1.5814,-0.1528,-0.2173,-0.0406,-0.1073,-0.0015,-0.3778,-0.1607,0.3953,0.0341,-0.0896,-0.0555,-0.0067,-0.5641,-0.1462,0.0016,0.0072,-0.0004,-0.0066,-0.0131,0.0124,-0.0018,-0.0157,0.006,-0.0071,0.0082,0.0022,0.0004,0.0106,0.0252,"High Cart abandonment rate (79.6) increases churn risk [SHAP=+1.58, dominant driver] | High Lifetime value (598.76) reduces churn risk [SHAP=-0.56, strong signal] | High Customer service calls (6.0) increases churn risk [SHAP=+0.40, moderate signal] | Low Returns rate (2.9) reduces churn risk [SHAP=-0.38, moderate signal] | Low Average session duration (11.3) increases churn risk [SHAP=+0.38, moderate signal]","High Cart abandonment rate (79.6) increases churn risk [SHAP=+1.58, dominant driver]","High Lifetime value (598.76) reduces churn risk [SHAP=-0.56, strong signal]","High Customer service calls (6.0) increases churn risk [SHAP=+0.40, moderate signal]","Low Returns rate (2.9) reduces churn risk [SHAP=-0.38, moderate signal]","Low Average session duration (11.3) increases churn risk [SHAP=+0.38, moderate signal]",0,0.4774697310301809,5867,retain,"The final decision is to retain the customer because the Random Forest model's prediction (47.7% churn probability) is significantly lower than XGBoost's (61.9%), and the SHAP analysis reveals that the customer's high lifetime value and low returns rate are strong mitigating factors that outweigh the risks from cart abandonment and service calls. This aligns with population benchmarks where the customer's lifetime value of $598.76 is close to the average retained value of $1444.153, suggesting they are not yet in the high-risk churner cluster despite the disagreement.","Implement a targeted retention campaign focusing on re-engagement through personalized offers to address the high cart abandonment rate, while leveraging the customer's high lifetime value to justify a higher retention budget. Monitor their activity closely, as the high number of customer service calls indicates potential dissatisfaction that requires immediate attention to prevent churn.",7.09288833476603,churn,"Both models disagree, but XGBoost’s prediction of CHURN (61.9%) is more aligned with the high cart abandonment rate (79.6%) and customer service calls (6.0), which are highlighted as significant drivers by SHAP values (+1.58, +0.40, respectively). The benchmark data confirms that high cart abandonment and customer service volume are correlated with churn, while the customer's high lifetime value slightly mitigates the risk, but doesn't outweigh the negative signals.","Immediately prioritize outreach to understand the reasons behind the customer's high cart abandonment and frequent customer service interactions. Offer personalized support and incentives to address these pain points and prevent the customer from leaving, focusing on improving the user experience and resolving potential issues proactively.",25.168256307952106
39.0,Female,India,3.1,14.0,39.2,9.7,60.1,,12.0,74.15,16.0,23.7,,44.4,4.0,3.0,45.6,,2.0,826.41,1535.0,Q1,0,0,0.156,RETAIN,Low,-0.6809,0.039,0.0328,0.0265,-0.1397,-0.1665,-0.0432,-0.0177,-0.1047,-0.1376,0.233,0.0334,-0.3466,-0.3108,-0.038,-0.0023,0.0378,0.0159,-0.3446,0.0275,-0.009,-0.0048,-0.0006,-0.0015,0.0009,0.0043,-0.0041,0.1271,0.0064,0.0019,0.0105,-0.005,-0.0042,0.0141,-0.0348,"High Age (39.0) reduces churn risk [SHAP=-0.68, strong signal] | High Email open rate (44.4) reduces churn risk [SHAP=-0.35, moderate signal] | High Lifetime value (826.41) reduces churn risk [SHAP=-0.34, moderate signal] | Low Customer service calls (4.0) reduces churn risk [SHAP=-0.31, moderate signal] | Low Discount usage rate (23.7) increases churn risk [SHAP=+0.23, moderate signal]","High Age (39.0) reduces churn risk [SHAP=-0.68, strong signal]","High Email open rate (44.4) reduces churn risk [SHAP=-0.35, moderate signal]","High Lifetime value (826.41) reduces churn risk [SHAP=-0.34, moderate signal]","Low Customer service calls (4.0) reduces churn risk [SHAP=-0.31, moderate signal]","Low Discount usage rate (23.7) increases churn risk [SHAP=+0.23, moderate signal]",0,0.0928503701759879,5958,retain,"Both XGBOOST and Random Forest models unanimously predict retention with low churn probabilities (15.6% and 9.3%), driven by strong SHAP signals indicating that the customer's age, high email open rate, lifetime value, and low service call frequency reduce churn risk. Although the discount usage rate slightly increases risk, the customer's behavior significantly outperforms the average retained population benchmarks in key metrics like email engagement and tenure.","Maintain the current retention strategy while offering a targeted loyalty reward to address the moderate risk associated with the 23.7% discount usage rate, ensuring the customer feels valued without eroding margins.",5.150312079116702,retain,"Both the XGBoost and Random Forest models predict retention with high confidence (ROC-AUC of 0.927 and 0.921 respectively), and the SHAP analysis highlights several positive factors like high age, email open rate, lifetime value, and low customer service calls, which collectively reduce churn risk. The population benchmarks further support this prediction, indicating that this customer’s profile is similar to those who remain with the company. The slight increase in churn risk due to discount usage is outweighed by the other positive signals.",Focus on personalized offers based on past purchases and engagement to encourage continued activity and address the cart abandonment rate through targeted reminders and streamlined checkout processes.,22.029862919822335
18.0,Female,Canada,4.9,6.0,20.6,2.4,74.5,6.0,8.0,124.7,22.0,15.9,4.9,3.4,7.0,,19.6,,2.0,972.2,1095.0,Q1,1,1,0.9524,CHURN,Critical,2.7388,-0.0583,-0.0872,-0.0887,0.1318,0.2321,-0.3425,-0.2372,-0.0881,-0.208,1.7375,-0.2742,0.1213,0.371,-0.0946,-0.0993,-0.069,0.0001,-0.675,-0.063,0.0054,-0.0047,-0.003,-0.0,0.0184,-0.0024,-0.0053,-0.0046,0.0014,0.0015,-0.0028,-0.0045,-0.0172,0.0019,-0.0326,"Low Age (18.0) increases churn risk [SHAP=+2.74, dominant driver] | Low Discount usage rate (15.9) increases churn risk [SHAP=+1.74, dominant driver] | High Lifetime value (972.2) reduces churn risk [SHAP=-0.67, strong signal] | High Customer service calls (7.0) increases churn risk [SHAP=+0.37, moderate signal] | High Wishlist items count (6.0) reduces churn risk [SHAP=-0.34, moderate signal]","Low Age (18.0) increases churn risk [SHAP=+2.74, dominant driver]","Low Discount usage rate (15.9) increases churn risk [SHAP=+1.74, dominant driver]","High Lifetime value (972.2) reduces churn risk [SHAP=-0.67, strong signal]","High Customer service calls (7.0) increases churn risk [SHAP=+0.37, moderate signal]","High Wishlist items count (6.0) reduces churn risk [SHAP=-0.34, moderate signal]",1,0.6629113999946822,6464,churn,"Both models agree on CHURN with high confidence, driven primarily by the XGBOOST model's dominant SHAP signal of Low Age (18.0) increasing risk by +2.74, compounded by Low Discount usage rate (+1.74). Although the customer's high Lifetime value (-0.67) and Wishlist items (-0.34) mitigate risk, the critical risk tier and 95.2% probability outweigh these protective factors.","Immediately deploy a high-value retention offer targeting young demographics to counteract the age-based churn risk, while addressing the lack of discount engagement to prevent disengagement.",5.169609434902668,churn,"Both the XGBoost and Random Forest models predict churn with high confidence (95.2% and 66.3% respectively), driven by factors like low discount usage, high customer service calls, and the customer’s young age. The SHAP values highlight these as significant contributors to the churn risk, while the population benchmarks confirm that customers with similar lifetime values are generally retained. Despite the customer’s high lifetime value, the combination of these signals strongly suggests an increased likelihood of churn.","Immediately initiate a proactive outreach campaign, focusing on personalized offers and addressing the reasons for the high customer service call volume – perhaps investigating common issues or offering tailored support.  Monitor the customer closely for any further disengagement signals to assess the effectiveness of the retention efforts.",24.471645071171224
43.0,Female,Canada,4.7,0.0,16.1,2.7,69.2,0.0,10.0,242.11,3.0,41.3,9.6,,5.0,,0.0,11.3,3.0,2573.74,1565.0,Q1,1,0,0.4639,RETAIN,Medium,-0.2475,0.0601,0.201,0.038,0.4422,-0.1124,0.442,-0.054,0.0849,-0.8234,-0.0905,0.2946,-0.1007,-1.6358,-0.1133,0.3759,0.0214,0.0133,0.8817,0.1476,0.0015,-0.0026,-0.0064,-0.0089,-0.0169,0.007,-0.017,0.0023,0.0012,-0.0185,0.0032,-0.0017,0.0165,-0.0128,-0.0135,"Low Customer service calls (5.0) reduces churn risk [SHAP=-1.64, dominant driver] | Low Lifetime value (2573.74) increases churn risk [SHAP=+0.88, strong signal] | Low Days since last purchase (3.0) reduces churn risk [SHAP=-0.82, strong signal] | Low Pages browsed per session (2.7) increases churn risk [SHAP=+0.44, moderate signal] | Low Wishlist items count (0.0) increases churn risk [SHAP=+0.44, moderate signal]","Low Customer service calls (5.0) reduces churn risk [SHAP=-1.64, dominant driver]","Low Lifetime value (2573.74) increases churn risk [SHAP=+0.88, strong signal]","Low Days since last purchase (3.0) reduces churn risk [SHAP=-0.82, strong signal]","Low Pages browsed per session (2.7) increases churn risk [SHAP=+0.44, moderate signal]","Low Wishlist items count (0.0) increases churn risk [SHAP=+0.44, moderate signal]",0,0.4909289527457712,6524,retain,"Both XGBOOST and Random Forest models agree to retain the customer, driven primarily by low customer service calls (SHAP=-1.64) and recent activity (SHAP=-0.82), which outweigh the risks of low lifetime value. Although the customer's lifetime value is below the average retained benchmark, the strong negative SHAP signals from engagement and support interactions confirm a low churn risk.","Implement a targeted win-back campaign focusing on re-engagement since the customer has no logins, leveraging the high cart abandonment rate to offer a personalized discount and recover the lost momentum.",4.811502602882683,retain,"Both the XGBoost and Random Forest models predict retention with high confidence (ROC-AUC 0.927 and 0.921 respectively), supported by SHAP values highlighting low customer service calls and a low lifetime value as reducing churn risk, alongside a recent purchase. The benchmark data shows that customers with similar lifetime values and days since last purchase tend to be retained, and the customer’s behavior (5 customer service calls, 10 purchases) indicates engagement.","Proactively reach out to this customer with a personalized offer or survey to understand their recent activity and address any potential concerns, demonstrating that we value their loyalty and are attentive to their needs.",22.03753502946347
37.0,Male,UK,4.6,1.0,11.4,5.5,65.3,0.0,6.0,81.15,17.0,32.5,7.6,0.1,6.0,0.0,,9.0,1.0,548.31,281.0,Q2,1,1,0.6397,CHURN,High,-0.1678,0.0037,0.0654,0.373,0.0248,-0.5097,0.5497,0.0786,0.0201,-0.6471,-0.1864,0.0871,0.7977,0.385,0.263,-0.0075,-0.0564,-0.0537,-0.6244,0.0395,0.0168,0.0023,-0.0056,-0.0029,-0.0023,0.0113,-0.0068,-0.0048,0.0041,0.0196,0.0031,0.0008,0.0033,0.0237,-0.0201,"Low Email open rate (0.1) increases churn risk [SHAP=+0.80, strong signal] | Low Days since last purchase (17.0) reduces churn risk [SHAP=-0.65, strong signal] | High Lifetime value (548.31) reduces churn risk [SHAP=-0.62, strong signal] | Low Wishlist items count (0.0) increases churn risk [SHAP=+0.55, strong signal] | Low Cart abandonment rate (65.3) reduces churn risk [SHAP=-0.51, strong signal]","Low Email open rate (0.1) increases churn risk [SHAP=+0.80, strong signal]","Low Days since last purchase (17.0) reduces churn risk [SHAP=-0.65, strong signal]","High Lifetime value (548.31) reduces churn risk [SHAP=-0.62, strong signal]","Low Wishlist items count (0.0) increases churn risk [SHAP=+0.55, strong signal]","Low Cart abandonment rate (65.3) reduces churn risk [SHAP=-0.51, strong signal]",1,0.5587156266047969,6760,churn,"Both models agree on CHURN with XGBOOST assigning a 64% probability driven by a strong SHAP signal (+0.80) for the low email open rate, which outweighs the mitigating factors of high lifetime value and recent activity. Although the customer has a high discount usage rate, the critical failure point is the near-zero email engagement, indicating a complete disconnection from the platform.","Immediately launch a targeted re-engagement campaign focusing on email deliverability and content relevance to address the primary churn driver, rather than offering generic discounts which have already been heavily utilized.",4.836092888377607,churn,"Both the XGBoost and Random Forest models predict churn with high probabilities (64.0% and 55.9% respectively), driven by low email open rates and a long time since the last purchase. The SHAP values highlight a concerning low email engagement (0.80) and a significant gap in purchase activity (17 days), aligning with the benchmark indicating that longer days since last purchase correlate with churn.  These factors, combined with the high lifetime value, suggest a potential disengagement issue.","Immediately trigger a personalized outreach campaign focusing on re-engaging this customer with targeted offers and reminders based on their past purchases. Simultaneously, investigate why this customer isn't opening emails – segmenting and optimizing email content and delivery is crucial.",25.62978452909738
33.0,Male,Canada,0.9,6.0,14.1,5.8,60.3,1.0,3.0,72.22,13.0,66.0,6.3,0.0,6.0,1.0,,17.6,2.0,177.19,1316.0,Q1,0,0,0.4187,RETAIN,Medium,-0.148,0.0022,-0.0927,0.1184,-0.04,-0.8927,0.1055,0.6101,-0.0441,-0.7099,-0.0162,0.0104,0.6821,0.4528,0.0029,0.0635,0.0038,0.0059,-0.5708,0.0778,-0.0034,0.0026,-0.0021,-0.0025,-0.013,0.0113,-0.0068,-0.0075,0.0053,0.0057,0.013,-0.0484,-0.0093,0.0098,-0.0009,"Low Cart abandonment rate (60.3) reduces churn risk [SHAP=-0.89, strong signal] | Low Days since last purchase (13.0) reduces churn risk [SHAP=-0.71, strong signal] | Low Email open rate (0.0) increases churn risk [SHAP=+0.68, strong signal] | Low Total purchases (3.0) increases churn risk [SHAP=+0.61, strong signal] | High Lifetime value (177.19) reduces churn risk [SHAP=-0.57, strong signal]","Low Cart abandonment rate (60.3) reduces churn risk [SHAP=-0.89, strong signal]","Low Days since last purchase (13.0) reduces churn risk [SHAP=-0.71, strong signal]","Low Email open rate (0.0) increases churn risk [SHAP=+0.68, strong signal]","Low Total purchases (3.0) increases churn risk [SHAP=+0.61, strong signal]","High Lifetime value (177.19) reduces churn risk [SHAP=-0.57, strong signal]",0,0.4428122087463369,6874,retain,"Both XGBOOST and Random Forest models unanimously predict retention, with XGBOOST citing low cart abandonment (SHAP=-0.89) and low days since last purchase (SHAP=-0.71) as strong risk-reducing factors that outweigh the elevated churn risk from zero email opens. Although the customer's low purchase volume and zero email engagement place them above the retained population benchmarks, the high lifetime value and strong positive SHAP signals from the top-tier models confirm the decision to retain.","Launch a targeted email campaign offering a personalized discount to address the zero email open rate, leveraging the customer's high lifetime value to encourage a new purchase and break the 13-day gap since last order.",5.682882872410119,retain,"Both the XGBoost and Random Forest models predict retention with high confidence (ROC-AUC of 0.927 and 0.921 respectively), supported by SHAP values highlighting the customer's low cart abandonment rate, days since last purchase, and high lifetime value as mitigating factors. Despite a low email open rate, the overall profile and behavior indicate a reduced churn risk compared to average customers, as evidenced by the benchmarks.","Focus on proactive engagement through personalized product recommendations based on past purchases and a targeted welcome email campaign to boost email open rates, combined with a loyalty program offering incentives for future purchases to combat the observed low engagement.",21.51594946347177
32.0,Female,India,4.5,4.0,25.5,7.0,35.6,,12.0,51.89,,53.3,2.7,33.7,4.0,4.0,36.5,14.9,3.0,525.6,2792.0,Q1,0,0,0.0303,RETAIN,Low,-0.1772,0.0459,-0.3839,-0.0155,0.0095,-0.803,-0.065,0.031,-0.6625,0.0335,-0.2545,-0.1596,-0.3876,-0.3642,-0.0954,0.0167,-0.0469,0.022,-0.2139,-0.2522,-0.0006,-0.0061,-0.0014,-0.0029,-0.0287,0.0089,0.0006,0.2796,-0.0049,-0.012,0.0211,-0.0301,-0.0045,-0.0147,-0.0435,"Low Cart abandonment rate (35.6) reduces churn risk [SHAP=-0.80, strong signal] | Low Average order value (51.89) reduces churn risk [SHAP=-0.66, strong signal] | High Email open rate (33.7) reduces churn risk [SHAP=-0.39, moderate signal] | High Login frequency (4.0) reduces churn risk [SHAP=-0.38, moderate signal] | Low Customer service calls (4.0) reduces churn risk [SHAP=-0.36, moderate signal]","Low Cart abandonment rate (35.6) reduces churn risk [SHAP=-0.80, strong signal]","Low Average order value (51.89) reduces churn risk [SHAP=-0.66, strong signal]","High Email open rate (33.7) reduces churn risk [SHAP=-0.39, moderate signal]","High Login frequency (4.0) reduces churn risk [SHAP=-0.38, moderate signal]","Low Customer service calls (4.0) reduces churn risk [SHAP=-0.36, moderate signal]",0,0.084689310100393,7064,retain,"Both XGBOOST and Random Forest models independently predict retention, with XGBOOST assigning a low 3.0% churn probability driven by strong SHAP signals from low cart abandonment, average order value, and engagement metrics. This aligns with population benchmarks where the customer's cart abandonment rate (35.60%) is significantly lower than the average retained user (54.178), indicating high loyalty.","Maintain the current retention strategy as no intervention is needed, but consider a small personalized offer to further boost average order value given its identified negative impact on churn risk.",4.815297443419695,retain,"Both the XGBoost and Random Forest models predict retention with high confidence (ROC-AUC of 0.927 and 0.921, respectively), supported by SHAP values indicating that low cart abandonment, average order value, high email open rates, frequent logins, and low customer service calls all contribute to reducing churn risk.  The customer’s behavior aligns well with the benchmarks, particularly regarding the cart abandonment rate, which is lower than the average churner rate.",Focus on personalized product recommendations based on past purchases and browsing history to encourage repeat purchases and reduce cart abandonment. Continue to monitor customer engagement metrics and proactively address any potential issues identified through customer service interactions.,23.460469322279096
