XGBoost,Random Forest,Qwen3.5-4B,Gemma3-4B
634202.978867894,553745.1235117861,313060.03643957095,577533.4483494288
481401.6838232629,437499.97421881196,220349.62657273398,474429.26150554745
117365.66677210666,135167.5490258257,67594.57855735614,230686.0667190816
595750.9441960861,438201.14560113277,390037.73330619675,585891.1434034589
331000.56305139395,255860.0417266339,73974.38707072963,282993.8708224653
567229.4111212008,506563.182756854,321990.6685684809,543571.3583732172
620921.2722281609,611441.0042088965,380580.97872460575,617226.576637517
-83285.86419945868,-140419.0154794741,-278559.5462364739,-117612.45101079677
526863.4009773162,350271.33054769144,245199.2092974583,534754.7733199319
217150.16255515954,170621.6669399941,60917.7196797519,286521.66513899725
219616.14901628497,154601.09813539253,47573.46336035256,254898.08479818061
566214.4936881568,478506.58939821506,333436.3674040425,646046.7375848964
583705.3371250401,499755.5056854198,322217.8940746562,600147.166379329
418447.7866369521,370249.84342771047,271420.963689603,453324.5212188936
-123929.21733081387,-206347.3595583074,-276942.0487959825,-104965.66434010537
548852.1613279695,553047.3977137834,366835.3142888675,614848.0995358699
-13303.068186614197,-86727.08800632757,-188943.71795195655,-30997.46839111834
357355.71115025715,294338.99915378075,227184.53345574508,302484.1398661118
366970.64629213454,273235.8743830811,76663.09019518225,338945.26242841943
229404.12683222885,130969.52960788843,40774.155556311714,201739.03289386258
539864.4230880989,495453.16365289735,302494.88645270653,511540.8412900084
100192.68866131,37207.02403444471,-65751.65158459579,149804.05103509093
579867.0170020252,464178.25127839216,284068.59162543854,505071.3068116745
33698.56549009774,14007.605301272706,-130757.19079602574,-24451.09113658493
434815.9567639007,369210.2098039007,187900.94249494642,466487.2425149785
12231.888562214328,-85521.54354950914,-199167.5190205169,5518.0254510085215
224129.87334904075,92131.03810235253,9876.902767592343,116113.22481934458
-58581.23420508747,-132913.07251427957,-204808.41279978503,-89168.48575452645
599927.1964864568,544022.0976990247,400781.0788224165,590920.8910090907
540628.4249274371,485890.930272309,323597.933746514,563868.1523270672
110724.04290568503,21129.289920698153,-120161.03056672274,69398.17805797397
74006.59736383485,-13228.237048805924,-126658.94201760774,-12945.146292895952
-14849.202816389792,-94408.50814030075,-176487.61660120555,-1379.7081085973768
295209.489909793,238832.40572525514,135873.31078090938,229722.69848705642
435905.1497981618,286698.24089537875,267432.74509077857,436421.313832851
251430.9583284707,140337.1598286843,126230.05685179646,175741.8088866789
-53166.67361801042,-94699.86973558186,-275278.1344917665,-128506.91281984333
365743.7106612191,257107.60245519795,110381.96486972994,353797.81080246775
-127807.31965358922,-159343.51744819165,-294783.57878796046,-127368.60724847618
-74359.76889886265,-132502.35849167657,-235018.95215225645,-39372.028533263365
609001.6497057036,544233.1627461468,396180.7174939178,652225.5822031451
121358.78877238312,43589.72060427326,-43609.874159379746,152165.92910640838
-152085.939318865,-185457.46547260782,-274852.6382801457,-162194.17850602377
318865.0018522581,250938.39475529664,171270.67010573356,325694.49996842106
65930.16934291425,27369.4896924193,-109235.04426757165,60737.68716982927
-50112.330823730736,-94035.59110438841,-214547.44913878955,-56532.28529282997
-109810.21376950212,-161293.0975743006,-335429.81367705576,-79632.17928621476
605274.4281415634,499584.0679045925,274566.5413996087,531822.3886577821
112340.5766499968,114988.35838411842,-70001.40304038569,85860.2456631317
21552.20638803055,-42943.682086790795,-165291.1030019446,43141.40799365565
619338.7647343101,576529.135491113,454421.4974253307,640547.2290352075
682052.7623479576,699527.1483473643,452899.48071064695,672611.5277975346
457990.2151103243,361413.299765941,336248.7357822724,530759.6979363675
495178.36708804395,376883.6633284411,291251.0683776932,436271.9412388442
94900.46962327021,33491.67007505149,-111926.45702824136,67963.25747909886
-23273.014947586576,-69820.46138736687,-161982.30839413567,-27070.286259946646
29801.9189349215,31513.68144095037,-137275.75291067408,92223.30785325938
299078.5794207674,285527.86499049247,171146.20910592086,378557.9906676657
39837.64591383515,-45013.30658809963,-132889.29935666826,30884.654420763953
296668.96921885724,165107.69999355776,138077.29601612326,305225.6912274653
12508.711395448598,-64413.85616599891,-142985.35267150716,4850.374610069615
-26783.51987810526,-55155.79599627521,-154457.15651013108,-32260.399905343773
227723.953389638,172478.05719976628,-25132.990890030167,179682.25822962937
684618.3129284321,638254.0058140312,442432.44690361863,649337.1054108313
-75010.6096006576,-144016.94022174517,-313492.6896935732,-119571.28474925569
-71796.65997531841,-64937.25122533803,-169521.58946415404,-25831.154937478597
396650.96460320265,315761.1432359626,190164.5648472876,463410.15455847164
543871.4061470884,474389.0971605622,326611.3782129298,566609.9884005904
500601.0018654055,485179.77540294745,254938.79893345572,499355.00266314787
360065.48602630815,340181.7677796795,148574.1524705228,388652.25238636415
251648.32453520934,180883.37681921094,87824.11946396658,247093.3491859903
550977.2766870258,595508.243431893,344343.85658431286,574819.5996596394
61947.869631720474,-29005.29294801771,-95292.48613805498,13702.281872188556
-81692.62389869965,-194387.29759760218,-288028.9341526006,-177146.34360430308
558962.8934517833,456651.6535509237,330187.7396102968,573929.8167368248
-23585.637071930338,10622.580110036302,-193081.4282879581,-5182.607971738209
-41335.53286523052,-66343.1123669637,-238348.39533497946,-41937.59807840455
-104389.80937212438,-142445.34671746142,-274605.96232125553,-106554.43764586799
244058.071840278,178133.27668747143,2001.514955552062,89481.96134176967
656276.2307158094,584552.3652767718,370747.1676367655,649873.8613544318
58403.27967490221,-23770.740300018224,-131194.99761016155,83201.27759917756
-111381.81779426208,-116111.58909629239,-290461.6841661728,-128908.07585439592
-44673.04280368058,-100188.02161523723,-191335.62539777101,-51823.03536511026
-97177.3569406264,-93999.92118447594,-255977.5801083729,-39672.288033492456
735582.1170771345,728413.9373927084,630154.1462330684,745614.5232944882
506744.5829041037,435901.47688699374,301158.1055828547,552793.7881662648
238132.0542256625,224091.3372154109,169213.02850657387,278989.36638297513
386397.3383600005,376194.0059194595,206641.705521874,446753.1461850334
200674.6135560337,185949.58106029814,53710.287672088365,229130.2589467283
198721.20609434845,191194.58168190392,-55096.02696437726,177306.53840042616
412695.9405182523,409756.82334495534,247477.39007248124,404233.927716446
281407.95468200964,188953.6751878094,94629.59266799735,347039.3006935461
529291.2689406471,472980.27272848913,393832.66512518213,577106.9971126497
382610.8013459833,376128.20827069867,208147.69608774548,447767.71696850134
68150.17737585958,34276.46497877163,-168343.60780623904,29354.126730776625
341553.6385916858,256074.5059891555,133371.39311813237,316450.96059009526
-90792.76425918716,-143354.5770301576,-185404.89686083456,-59486.65912206884
511385.4897004678,462322.0661143274,328960.9027633924,555062.3388120616
586647.8569515299,456436.90897300665,350083.1590204728,556209.2342756747
-39728.38863858557,-81560.60579887993,-219041.29197777592,-61309.47200541373
336377.7135737315,247516.2436941854,127502.47076443373,284770.3562556377
565229.2829321297,378791.6008923373,288452.81334433984,517573.69132885325
435473.5331245685,286479.0496097264,161102.43129706045,415908.0964392959
-55459.89463908534,-97023.99229915498,-285588.15172208083,-33976.63543374691
514845.97653789585,393435.3270108197,297747.4665476531,471379.0424260828
541055.7799729306,421235.87656647,316446.6087573682,506526.3465993708
125521.97021717031,41441.440515371854,-110132.3332180559,73224.914804267
249345.98958299716,157417.86417323328,22223.09898220224,175454.79100317578
320350.0566929438,279839.52267887304,139812.2377266673,283095.00549289887
216504.06752572244,107511.51130483102,49454.84926324978,190877.3563936071
715684.2127753636,662688.3574740782,493112.32346856047,775730.3626559728
-3581.6793915043236,-47387.42106502567,-223066.53622001217,-21149.239219948126
-130088.9133368571,-194258.55002522218,-299684.5520366016,-135697.9332783259
298657.12299520476,175320.1235491467,15019.646817917237,283056.50335267116
628294.9430032906,494614.3479536314,409268.02532713197,596475.5177999844
599402.1123883263,511251.92181274435,393295.32906543836,596559.0286367228
-38950.91417936864,-48691.9606787861,-172993.3417739569,-20753.261816668557
-58421.51274077443,-99052.49904103857,-245651.7326635521,-27917.00666444731
38061.59590638196,-70838.76596362004,-123950.09215751663,18642.482135935978
590159.6408245049,475022.0533121957,377600.4716049058,618463.5825013181
-110958.26426910592,-196664.807576343,-311367.28881827986,-151734.20701297873
67307.11551315314,27596.348172522034,-89486.56676848955,85178.59249002265
525779.3852600235,465076.19179821433,330440.87937792356,571963.8204157355
593181.0247009648,509280.7906480476,406765.78123459604,612328.1175422103
-64160.18903223431,-116411.04841417837,-209130.34890168504,11824.853290324507
616103.7704847374,469195.25485467387,403839.8906492117,669705.2884377313
-1101.5630712147104,-59737.55632415763,-123581.16033898084,11443.859421876085
448558.9599545422,374882.3385077035,233877.20770390122,403337.16996957443
-67008.95671801822,-155416.2656934057,-251057.37166396267,-105797.72333591653
-28119.84569405229,-122548.82433081395,-276670.0747993917,-48639.41762075719
283971.80604417133,173666.83777055424,100734.86831963516,284795.78625984036
29983.33390893822,-79839.98493503476,-152103.78947507433,-40817.42167764489
360096.78474603675,291077.9538717298,127187.34084224806,305886.13218994776
7790.604518370179,-68185.82960394019,-177011.77031586028,-8932.768445062917
303215.2311465044,170904.73798170092,70225.46177763166,217873.7677239551
97491.2068960903,40645.5572236703,-97427.42391221807,138598.0196201345
443900.78032888786,366155.0289114583,245018.77646450803,453784.60796721745
302759.0307023595,286446.6405868173,95020.01294889231,434525.39307797153
222338.22314404184,144059.26392392162,-7338.9323105389485,170199.04984277778
282361.3655643177,281199.2414000608,189008.05429358745,307033.6084491211
477937.4988678463,360489.65433578775,239620.87917596835,454883.4865208538
278470.5034726297,88308.73245571856,25927.570881033316,255861.149229276
277046.5962459147,316313.7664126968,79050.99958606146,270835.04349782923
289515.02549086616,258054.31935300538,142648.51930206735,345804.13993693294
116107.30882591568,64463.83900950069,-25717.865753474645,117777.39349885122
-118817.03436714498,-126388.40135599463,-239814.8871407329,-80410.17132971808
50765.62109274336,-2502.671818186296,-42460.765701145516,65002.73940148868
469499.504895302,381715.76907277247,226176.38895537844,421950.77928805817
507323.78010094375,504336.3223234485,389051.4038181966,536090.7235628922
-25908.165881730907,-129317.30169610959,-215148.9847540278,1945.645797870413
795458.0485806151,619858.6023382293,510649.08420149435,739550.6845947984
473938.924770896,498482.6122137313,229692.1715188917,447395.1684233289
-87464.16175113246,-174879.04541442875,-316201.1861525156,-137556.9364223585
-86955.10405294347,-32668.776762268215,-198458.9631681278,8939.556612552202
405757.6203210148,305597.52311856684,189785.4222195195,419183.31163452694
170376.23419194284,74130.22755777382,8376.167905140552,212508.04997703503
480975.5966258091,420050.9793531761,302957.9615853551,401809.1994541816
17228.979464101314,-11006.680636996636,-189687.3335804891,42662.02662199701
29434.62158594292,-11912.458761319402,-149162.6733359499,31084.48054931301
297337.3169582307,160343.29929559352,37869.03049374721,310195.67582802277
607360.3022709866,474258.7915796526,388409.0260814243,527551.069635008
504717.52275702474,521211.6676160898,356119.3368387945,486574.21718210354
268495.38322750106,267144.23432505166,116000.57544471114,242041.99981378939
547370.7986834208,501363.3994992417,247465.84891579428,444027.4576376057
668213.547436333,582837.1035568696,477365.4954498153,658032.3390865233
179990.43238584884,172449.0480779329,148094.675094606,245609.14984041592
151478.04078557855,105262.90957496269,8817.398656401201,167415.57153589663
174575.12169569102,130587.44111950579,-42320.78874411876,119679.33843692741
559023.5109081196,479500.7950920592,426140.4506579238,604516.676860675
-79251.35965296603,-220869.23457305582,-243574.82302689593,-114667.14070725639
397517.46383245,298336.8340369322,114130.95087138191,352508.6495691736
517785.0742188946,433075.44861676183,269040.3640560636,520861.70605747134
802231.6915366265,670392.8948207183,479882.54324588005,708202.4400465528
486217.7199958649,439289.44389026996,322926.31556890754,470217.53108104074
396035.84056683746,338423.8259593344,271419.6133641013,379770.3329281452
516035.9927748017,393589.1338044752,244155.92881120404,475513.79358612164
-41041.03208231268,-110711.8876647224,-258216.9953874331,-4153.634084172896
730996.7915978632,619583.2952597889,546022.905899977,650727.7950962235
243527.36510604282,225326.88718344213,58862.487416707794,295453.1039069366
557102.3075918003,416462.19852197624,319813.32700735447,540438.2115326641
-146238.10539984633,-104474.32768788567,-227041.38596597582,-132051.73321426212
441911.0592394946,352478.8746107415,178183.68645472778,377772.03409314714
664669.0322951854,520418.1770242995,378419.2016150175,633506.1748554471
-4314.627347884583,-51054.67760769685,-164522.39249391854,23326.853745146655
-136635.73698636726,-209375.23403860984,-301837.65479145554,-84888.85449880705
167604.10526969493,172332.58713373658,-24326.638598810765,77719.98076802143
82035.3465345006,-17209.399421045673,-50937.21380693512,124557.72270440613
127061.2757028403,61598.4539966943,-84025.33204066264,140506.2775478795
57976.172904395266,45515.90299400233,-101120.45446388714,79927.25467092975
124736.72522452788,123553.77836032654,-66578.24478680326,122756.66010246053
795394.1909100104,683763.1575928146,547320.2777313731,812699.5229801231
296930.81311902916,263070.5385460557,125226.0686255506,298793.9154820028
374972.1022720251,377638.8627475314,190836.5547792872,380272.34530466504
-46842.74759086373,-116823.26617082336,-196664.28058592137,-4044.3351088773925
30586.306269572233,-52989.34550996893,-166551.71679430618,40820.49674182339
152464.6238092283,74115.34344465705,8425.491624306305,114250.86000167055
576821.7200504513,487623.9166471838,388509.29815050645,526481.6312830644
71307.38779258588,36772.881878949236,-66771.79779110826,46220.681810164475
308829.73376739677,263633.3514266573,209324.40975358058,346175.5922157292
156027.3221620035,75808.73699706537,-28213.375554165104,117864.91668591311
-25221.45572311175,-82445.09273628268,-178679.9238574545,-17108.204500066873
575202.1863514457,466986.64791644586,329655.3122374966,484948.9035254407
280047.84518087795,192102.7366174783,32855.03715278546,292603.3806834173
668371.8397276183,635762.2500174001,407410.3446400616,609856.508314763
283088.72255616996,250089.92380075634,158163.78384939802,310499.24962229235
305091.2044356208,217132.13924583409,150344.65385383426,353242.3750811579
574648.775760687,531774.3464411437,388781.3806934479,636893.2939109085
-78903.49108450569,-161376.59813422215,-240413.041037625,-140752.20107235288
111594.21554160467,48253.0340894633,-47803.23857864912,162592.88111229718
-71162.71672453987,-151963.46360885724,-245689.74792333512,-34366.60831504868
32151.98766208894,9361.332097295672,-109294.6996089596,108183.37533897196
-64281.12247799651,-98009.46187550249,-204895.48402574763,-30574.21492590499
257604.54115333606,182448.68819633662,35428.73236783652,226692.13513409614
537577.0732432891,339112.8531767308,317853.43161773845,577613.1278181402
155769.81650916743,83168.64123078971,-42975.83650146937,111340.57145189727
121736.13620773784,81596.72439761343,-120859.74957602296,87833.06329050579
-76926.16410841263,-132740.47943688458,-246569.51027338143,-145258.7644899941
-135336.61966739007,-142214.70844660723,-271045.5611193117,-124934.9226732594
-106679.29468663048,-181859.0791359046,-282408.6427621878,-105538.11064365786
375884.71250529855,260976.027902217,148246.00197190524,307474.82068267313
348272.2381178875,185084.50732007634,152242.52490210452,319518.42744908005
320457.27493886556,340176.6043808764,281634.08042379434,320064.19274270313
604251.9430055502,470292.5582727039,323213.3166088015,619588.4696839533
342306.2414363532,338208.34894196456,140505.6000760527,432560.09665618837
562586.415346835,477970.8041950371,340154.56524117605,571460.2050193613
37656.850580428494,-22450.3578230688,-125796.84705317608,-10326.883407252491
-71771.39303500229,-94673.15832900797,-236176.83873457194,-11272.553246373136
21735.0220493502,-79403.62393438304,-238219.7205280981,-74522.21219299699
570239.2707269446,420804.60403075174,335480.607523995,546973.9014041013
-6750.514312977786,-35998.113181589346,-161481.94511603191,-46895.54706438584
25616.720195444068,-48077.99879365042,-155794.4426280422,-27393.875861837296
-180897.6512431748,-216738.0653468317,-340861.22319167526,-184748.94168960943
-40648.67036365159,-99398.86396063009,-199478.78881181037,19843.67023582058
396853.2081222116,426368.2358486467,250507.69659728615,450336.600356268
373595.4867413234,253824.32110525062,170526.19116251392,302145.0377551764
-101258.89254342904,-203375.92836666136,-241212.79652370577,-96296.56716195017
508406.23956035404,450309.8039900095,355589.5543549466,612834.3063054371
185813.62786020467,144205.06379360228,14394.495744655607,190989.35719844524
330238.7603663141,262802.8035528825,120808.8149168148,394440.89653707435
346125.87715943414,224264.25981945277,92579.32522923185,265914.2916303332
260014.75266586966,310241.7671552688,79043.08398330491,270494.07945715834
247164.7040962777,121993.71990455978,9015.217039690935,237482.2970135758
659739.9412970569,579672.3269524961,446375.6988390583,620902.473143039
587627.3927599082,631433.160253121,391296.0726817681,621033.8052034858
521316.31253038486,348541.9094081024,213801.31678525498,380751.22093083116
443573.2209928229,426702.00006829505,240185.0149967454,512635.16494332324
361223.5428364666,321132.575570183,189438.11501216318,340067.86432836624
569571.0447899424,591029.0351883124,356755.9048125959,653967.0535208602
453974.09948804986,382994.46087239427,282450.08902120905,463051.9422021478
456616.0026843101,419816.72710647935,273486.5204677525,503754.375877155
158603.45907433145,14081.120261769509,45660.82769648358,130405.62111172732
379644.84108015266,288672.740219814,137983.27790378977,359633.8426931498
8646.628191651253,-130564.54184149537,-212977.89115244884,20050.970496501774
9251.209071637015,-58932.55854034546,-188887.55121150461,-10765.238305158913
601367.6146090366,537677.2976526879,455890.55683600495,675076.6455804107
599275.8492610545,533743.4884692221,423768.92428864434,547819.5431327301
-13042.152641010529,-5863.429167370079,-184731.68188015925,18024.03099547961
-85856.439863962,-156837.1993482606,-213562.63940113888,-137281.1439692072
468267.2990748843,308911.9229470141,290915.7847014115,470182.48211634834
160140.89849443757,16108.760505733662,-111454.71642043511,78215.54112348636
671412.1125623265,609685.9348397367,406794.65822726896,675410.2044344763
-99936.99757750967,-140080.4817070437,-263332.13622744917,-50621.429498991114
322391.72168652166,250000.57630286273,83582.44538209401,291654.62668471294
372360.9097021866,344681.5045693312,175316.615932371,337279.74245427735
-42925.811489965476,-35676.494914788054,-121735.29533450003,25835.04646908655
106015.82544592791,59416.35983710317,-26887.82922849036,75886.24639940145
432918.8309531079,408345.35076740105,234568.38042685983,520442.48651180195
-95666.58209073596,-81518.03970589204,-177446.2332283454,-19737.043570471928
38854.01280781918,30984.662209325936,-100631.85874398879,30810.999370300793
247949.08715627168,178921.57903373253,87392.63073181838,247566.2168825972
593620.5849931655,504003.8650473084,325737.8087531547,523371.96806654206
89366.10228661518,5059.510754990275,-74971.50786219875,109201.62098722754
624488.719269525,565773.8921110039,394566.49930951954,608052.1063311396
237426.22128106595,186424.47421945236,152797.01192782912,295357.78245209076
196104.2407087552,169257.19577393087,71625.68638344866,315044.75606437447
248060.73426710186,280452.698019336,64881.12770576193,219987.57382479298
354436.2401631046,234532.94793302612,124039.58062371577,283175.253876469
-36536.94907052076,-83581.67469845043,-165552.8256873276,-20369.45944272395
402066.7365774232,285069.3416725367,203153.45438175544,333626.0706706294
56432.641313202796,-98226.56840593094,-142406.5533128028,10713.763724652468
506303.23097251507,556901.307506223,381014.56807109003,509436.9463071929
217659.5624645868,80261.69610862294,-36458.29476250161,187354.22666691302
517152.44438121165,398187.8233906104,317011.42988028156,539493.6457222884
50096.14961793739,-29684.05130529974,-121308.27281184425,11533.717891435197
456538.90290946944,378136.2690531063,240106.9859632455,440673.6675788944
-190900.72833095497,-131168.70782146783,-265159.2242858539,-117368.82183237764
-30540.389178726764,-98815.00440375507,-237682.96475704218,-37704.61800366995
159963.74089685408,83837.33199599793,-113099.08799459401,159629.0764535712
327486.6502796784,345807.58886820136,231335.77096238255,373455.4026084627
141705.4036466505,189709.1713447827,20823.242100216565,129292.582516914
465976.56971300545,532597.7112311649,340489.5315539979,508987.4851287289
506825.8807038156,446719.1890630871,304401.7447324187,449047.15669909003
446011.3097708931,323771.51625469583,282220.5230410873,394399.3922274547
483952.329847184,449051.29075733945,280425.68771881517,408173.19243038585
461361.06971078506,372609.5440373756,188939.45998754667,516043.56497651804
474781.8242564221,298704.701952933,220705.6437198182,471902.01044411666
248340.19851255324,159877.4814301125,40643.69483948336,260215.48979570658
393832.68193784857,325937.1874764281,126345.27570802812,387971.4328053539
70714.38945174124,39915.33044447831,-52122.016401457135,141083.27477247408
119577.55882683012,86728.31906233227,-120787.71663201379,24378.677460271516
29222.49193430657,19147.280173979583,-99853.86746482423,89404.80482543958
558293.7782137974,526362.5868433581,401093.9494259468,668432.4444691904
438311.7048500945,350779.0933840753,245582.1244210858,471449.08204726456
336371.18327247025,293263.10177019145,213480.36222091736,387456.9141281585
249495.00938151346,65200.06605282228,78434.39959617809,211396.11665181746
590228.7601854827,479480.754353832,358361.18855746405,573066.8222292478
656756.5799619064,637424.4535355221,402127.7467527051,615528.2334417619
270469.88000751275,227374.6020527786,99927.95296636049,233580.05162651022
64306.022798315855,69036.7594789546,-96647.508028958,20147.07225393376
777517.579234512,672849.2962279378,519731.23123866983,712229.3782160608
530515.1851570485,478949.69549476553,379577.4857724515,590023.2748019309
410184.38555924594,250958.65928020445,168703.41281881474,421811.28914608085
335239.33756205405,274123.50989375624,154209.74359074258,325223.00177704124
548535.9422160247,557306.279188877,385230.88690364955,558867.8279009522
153243.3739800552,33475.88496971445,-63902.9756356657,183599.86466410884
507872.0986775127,436345.2099089321,239228.6529244826,527436.4183976029
708932.2406457302,602748.8792698067,389966.44415770355,673411.700237579
329223.61863145034,289659.5014240624,155128.00185019837,341099.3806718972
-85744.05203941697,-136216.9701874074,-247355.15544755745,-79847.07376401022
639758.9053871068,541196.5780605567,463825.4932608028,637050.1528858484
547925.4343678367,491260.39302153606,384725.7355220505,518358.41449809924
284202.2672141214,193249.4699385292,91187.00624688971,263495.01523028675
747123.0329550251,682485.7794771006,472116.2952423779,661715.2666034324
449771.82873754366,399048.9129596648,293171.0318431908,393711.66372811305
272960.86990610755,180625.62102094374,127747.46287863376,206878.1128254697
202488.70997162734,135438.67767590727,-21207.641115681967,165210.66635175224
653163.969651317,462406.54870399635,413499.59491722623,593029.1170681277
533670.3683133883,516670.7301682427,356024.6909414367,541217.1504212477
-1070.729020924191,-9067.669051468722,-169569.68369853206,10414.018041807809
301688.59694264736,255912.55991372,65913.96268845489,338039.6034660449
-117501.39527362573,-191833.66529756942,-311970.047264874,-142821.81300109287
318495.4732503983,324795.85792706907,262736.44516065787,436633.28139725456
-69773.84492467542,-47367.02709772746,-194857.46787140716,-146259.04050062713
603290.0162300305,503153.4955520313,325218.9120929865,523178.6228094188
510401.4031794014,446003.9038450223,237221.81807598297,485961.229082956
540452.9895657478,470887.36074572266,291994.8072234738,450053.2486907834
15642.916996576998,-40638.41653789574,-115608.70250038593,44062.71404072468
-86234.893843289,-157801.0143780429,-276335.9821732795,-104088.41237144341
517186.30820282537,493270.6890276121,313836.57142764644,492997.01573796873
305961.6394617262,286628.91455476126,213972.80608765816,359955.6108698067
556119.5211857562,482080.46731267846,383162.6237567982,508986.59446460404
62238.44886770705,-22106.495121469023,-146597.05975109624,28428.175576421316
447360.70271294925,458877.3393059316,312315.65433709195,469876.683083443
541641.5998029902,426004.25145130744,361542.5062082164,427985.48896192084
288485.6601813645,265551.8586636123,199851.38773809338,337060.5419913905
436248.06629785814,411233.9014103875,246948.7413587491,494775.86116496916
185965.07386882463,102543.35493699426,11211.574774338282,204738.21673256462
398955.1984217601,370420.49228715524,142504.02330927586,371381.4999264685
-118346.77986754593,-221022.90016068012,-345400.6586859554,-169386.81287467876
8018.240223850124,-36277.662045621895,-183839.44305543223,-11986.239615151426
282511.8444384574,243158.27042042417,117814.5888982506,290730.97004851256
327854.9665631652,277086.30810180854,136624.32190105377,338247.66226546885
56528.995200203266,-69001.92237150518,-100048.58217308472,17810.77616496524
19506.58796783362,-58547.91611248761,-159466.8022011426,-2959.584601751005
96081.9006436955,87803.98213831068,1309.44323260081,183317.2785087889
106597.38395544654,23475.81112515158,-89572.23556093976,102713.53333557572
596863.5407107321,576872.3582830706,375136.2477365347,641810.6209030701
-59040.82848133927,-43351.1957240366,-189970.00239295815,-14521.633390627569
534236.1157991843,489269.71079411276,354209.6788327934,526846.6048722011
718804.868172762,647776.0005771576,546673.4227316043,655172.9347446067
94562.15739902086,81344.51290499733,-33353.62481734017,71554.83024040924
101715.55747920263,-106189.69956578023,-187625.8119885631,1097.9573198118014
295050.1463199842,146384.85211557744,21160.53348944185,254642.56157889892
305030.1507483445,341438.8022648308,94414.55610545573,363652.41819143074
-54383.64278812375,-32128.406885996752,-181175.2962635327,1391.9322124288883
209448.41843577893,108571.96392246988,-32111.259846625035,133077.45842552395
422918.6322312,317461.0201429414,173322.81984582648,354707.0710321623
113307.30307403288,104701.33967065741,-21694.776787464507,177213.52565147635
272539.4454069339,186923.5053371936,69619.2013992552,227745.25280562206
203535.5062756898,44206.32166300935,-58513.12691002758,98423.28376262332
-38219.76254689193,-144030.84175955685,-221077.536675322,-45234.023995278054
357802.5102542405,223536.96161189454,166263.50492880726,249359.46407577198
477777.1791367071,440642.2422530623,324476.86926473246,524857.3857103692
-129652.91126418585,-120857.05572978617,-244188.66513159644,-133574.90474363265
733100.9231596792,565182.5962852826,459864.87293465657,638187.187509085
414193.4772734792,295227.7559540977,213903.4576944277,455318.18989513954
474428.38618278375,357641.88179376104,255260.95768729132,422314.65829135093
-146640.70478461817,-176485.018519259,-321550.51386061625,-147147.33935740072
532653.8095985054,580250.5784974545,418062.6739169365,673568.8191630032
-44288.211917147215,-88890.638413965,-126844.7068242543,6091.979655546544
275265.27950220404,232287.13486147881,153978.82157542848,350797.6532599962
74112.6456658165,22364.597513316316,-106779.40211679216,24675.36277939775
183439.7452522174,234527.91895055852,73383.91557122848,249751.7183478932
342974.96849235345,269229.19175249233,91780.24185699224,296276.2338204782
162845.024507617,200725.84637700208,90823.39103583805,212213.23122889793
552027.0580246316,424796.640980943,349705.1987251509,498851.81449083914
89877.75545428076,26235.587388449,-27841.015879755374,86892.32778032986
258785.16500544967,162069.54118342837,-1938.298060308909,243120.53631673194
417355.5293053654,378248.16753778665,216536.87871498964,443178.75221297005
227869.84013164788,164893.95490140107,68960.76707794226,211878.27570638037
41581.321179114515,-91624.55202210956,-168657.44794058753,-69160.91897897609
601506.1295768085,577387.9647649508,356843.4872383593,614714.4160283923
689843.0819764,623534.8120818734,496618.7707990176,705736.1517281337
476552.0622560426,373822.69504281087,259811.93272325746,462098.9273276207
-93639.54426449956,-142042.77832691825,-264435.9386629334,-122020.30551562126
-99157.7397774941,-126202.83616504818,-300977.83389084955,-76615.75286137668
594212.1265309656,518466.86483166646,407200.114251488,566791.8045186829
-31007.396963925625,-85881.24356738507,-187638.1652742839,-33388.8671420851
9606.257389513252,-2483.5896630120696,-118732.54431130178,-45937.98419470986
250646.31309754192,146357.64950258879,9396.04056407197,229036.74531717703
583049.7850937268,544191.1821643095,425360.21979996667,662788.4340679101
644974.9548666109,607150.8553652277,425851.9138730826,590944.8401380919
492680.54301953665,394915.4077518884,173679.5203097423,480641.44115534145
760469.4908099351,697537.9234084564,527361.4474804412,781464.4229405161
279413.5151259545,265226.2313046246,104330.17356917239,314654.3116706244
526987.2843418643,474953.37306180876,289660.02985719254,468510.48261396866
183615.96207972115,96179.20893969305,9344.846855863347,172192.68011213245
-107446.82614968653,-92028.60180266714,-261682.98218354012,-99395.4217138085
680808.5034655037,601941.8692199676,472854.8178958931,620632.1836266632
13091.601796974544,-976.8569549715612,-125797.24706005253,31040.91502219066
320894.47213010606,161471.1058206521,151130.66556201363,291888.6137259103
-129978.37265795772,-209261.54092416418,-232602.77682615444,-114468.90731358132
4899.976635559346,-11355.573049244937,-182748.02406083443,28975.850342353224
369357.49188672355,323179.98996079667,201801.2381294599,414164.6475811368
342773.90838166594,361303.23856295727,178472.9439612626,361890.985637316
-88974.58353752334,-161086.25098904484,-249484.61176982336,-67903.76215899497
620843.8126244866,563470.856257173,410553.5778481836,657527.9441794371
15321.757429520134,-53367.978018033726,-205224.69809738616,30100.16094751563
412955.8199478048,417573.2804556056,189549.20892734313,390754.97413926455
39466.020388841745,7231.6697636502795,-159106.26438433822,15069.203619209235
-81002.61285131902,-52764.43718397175,-210743.4498630975,-5038.757596572221
202216.057858031,255426.1394078785,89984.57433759945,190166.05340386322
241717.66606857884,216688.6960335942,92502.7219909624,220872.25327103108
101411.73062084022,57894.25131153874,-116280.50405639049,72956.72818759538
596798.9330749139,617404.5943900773,462061.8551401455,621914.7134252647
-94587.1685873539,-176879.3647227207,-261789.82766637538,-100400.55575962778
629635.9697321497,437663.21119759814,378318.6053840902,601916.0288633914
428905.07090450835,417430.49349701963,218960.69279661344,381620.24173581623
391642.6219752589,379517.226578909,287115.6743975808,484167.3131270928
537096.0839992798,470310.53416178084,283853.60702090466,499659.40838811034
249603.35214682797,225492.3046729382,104457.42162546143,232363.83691397903
-32536.41822898091,-70975.65702212346,-197985.11825444736,-5032.141710438416
588334.0572670898,620825.1412134944,432207.40272775816,673827.6640385839
-73433.1078206859,-87379.30111394031,-158945.0797530355,-5732.649822454259
269926.19489663886,184437.67083269928,122735.3480540762,241514.3770463427
8600.791554438474,-10047.220459841657,-179889.05688313307,30736.797684322926
57560.71174378763,-78621.48391755956,-158105.9444594303,1021.594878668664
316629.0478815554,308280.75070791924,87341.72684714559,275204.354602252
228113.59190832463,174083.10449911142,74972.9950569683,248489.73814451566
298646.58495933155,153111.69075655425,87220.85434578371,242708.6645333455
124125.90262570884,35215.50745245349,-13112.868819812196,232797.3938239374
13727.44213642471,47282.34306497965,-95348.22839848336,117694.90522169962
-8862.90580363723,-2011.28926373797,-31020.24657473236,90051.03420789016
171984.07421553961,95203.66791404912,-8516.546795960981,129427.40902680776
643803.7766739388,637121.1776838421,387375.7477600906,687037.2702055171
779690.7417825358,700840.4050945055,453095.2368060077,728375.0867025007
677965.7687097234,541170.3284382329,436124.9913346296,603389.4033644747
-145345.90405629127,-260345.94726099132,-320923.3254781255,-151065.70716855337
241729.41490349523,155174.8850923353,11899.81246692792,293937.0394586418
-42281.4073298304,-73476.96151556825,-207014.72287855612,-51282.60042850999
544835.0309693054,537923.9710870842,396943.40067345614,569929.0492649805
188868.63289633754,109894.3611748463,29336.781822598656,130499.71015355526
363974.8939518839,292216.7567182261,169251.1050664275,305636.01423049765
118873.84488079092,62528.533506208565,-27201.528734649182,131206.0743762683
-125275.03911909211,-173747.2586442639,-245589.63757979037,-63713.97276088537
421294.1579471943,332125.860337641,235217.33962287195,442401.1665574773
502903.0790614203,496492.0990487668,291254.7059823852,571773.7369176354
420834.8111498731,331594.3753214044,185282.8702171822,396297.9664189541
67123.62000307557,516.5777098259423,-105826.86613854684,67149.95993331319
193727.76869007887,205471.97226586298,24259.177727576694,235376.43805635616
514378.6450781056,444651.82127735496,355784.4516958147,524457.565017585
-190907.50042319926,-204022.91016522143,-261846.138803126,-164426.9780214472
-137543.96505190968,-139687.40581608127,-272048.0455876129,-75906.66154247976
-57953.38904035906,-79673.6332199524,-172279.06807752006,-57073.976364225266
158120.34396063816,200765.5911583081,-34645.28355938988,196257.88970525423
252987.13638684805,173248.5246800473,9633.320568316383,216099.75202382926
413313.47667230363,406056.72751995444,177253.67972139025,482952.62476355315
640607.5986014679,512213.855366413,445799.58518115233,624666.5590591077
493569.9166709678,454214.1242070404,334448.5715751122,566479.0977602501
-22553.544368071307,-4388.475328624365,-176355.5233479017,-22894.427469823044
543145.9042750833,450212.2671691084,316147.8152960974,540129.7545448692
49334.73793263314,-1602.297486316529,-98941.24432349647,76339.11817540554
556940.6685237354,522049.0482689205,372352.492671794,549060.7494774146
202385.13514428015,147274.4581820094,-7004.452393237501,251877.0196084606
358978.1654534306,302138.2565553214,175394.4008928846,359761.3046615955
527657.078133993,510078.1276148744,395437.02171340026,552970.3141725357
-133637.99352161842,-172413.26910505455,-244001.67454544024,-111778.63290178403
487285.7349479755,446101.0396232847,270126.76531029504,440186.72066816676
677022.9099862981,571831.777103225,405468.7932878827,675200.8836128004
348621.78792581207,251168.64832339005,185837.67643372982,371076.4477200187
578964.1904862472,526036.0612598159,291506.22538368835,559761.9963355756
244621.9499654792,164198.6326865696,116153.13135364873,290477.1918214238
213963.06864510535,120293.85440088995,38515.886673010304,149476.29218139558
527682.4516824384,419385.9899818016,294452.7276092628,453462.2659079514
55753.08584020252,-73895.02638831513,-167572.97334732994,-49317.33117872116
627635.3382096279,637703.1552781519,455909.3210878378,718739.9830210479
344673.97678135475,286311.1576798764,173708.2695949939,408350.43595245143
153955.34337896667,110240.37764788303,24610.68231610919,173319.69921785605
509023.4438491855,460398.1452364444,301001.2221582002,553829.0786402223
119984.43482309848,45778.854908373905,-15739.93578837358,176588.28888563032
386350.3599971974,277231.3247555831,211383.6996350591,342482.3719929975
33804.176836787025,-51514.70976977149,-143544.92342041503,31430.72642923647
270389.54828589095,208766.4914211831,70101.35348598473,314360.47925526975
-91311.31499572506,-139020.57257698686,-274083.4602626425,-166858.5365359797
-76904.22735729814,-112523.59862555651,-279761.3722036245,-126061.1555989036
488869.3842852983,416635.7075399618,321025.6573095125,475462.6642416287
281624.21014322,270345.04488924483,121030.95249102789,234442.31512393488
-139482.05109311006,-168054.58204051235,-283453.908704574,-142496.3295712066
405597.710181457,390067.9280044923,249517.86073465925,453014.3549466396
240314.57474672864,135620.97254403762,30706.00614913623,205394.86253081379
598259.7656059298,522155.3429620431,361065.5671388963,598867.6089208284
-48174.67676944373,-110440.37951337849,-151047.6422852734,-48702.191278437385
712115.9250573879,689221.2753860261,542623.2208009964,769122.8167614248
-79771.61110018741,-53357.218931515235,-250201.12848045467,-71080.39852354571
624583.5999432432,511345.0581996902,454391.23547556123,615027.2918791363
329226.8218771105,308580.33377426304,90983.24756095489,329908.7371192585
664398.4233396901,600249.6680189788,452616.6925721768,606341.518920928
214494.1011760675,131025.31280612038,122996.9018747278,244037.54611248558
-2755.7768817221513,-71128.41134693887,-139489.301630617,-34773.31030799699
32552.74428873742,-23659.84865748475,-138134.31614778197,79122.03992735303
425372.239008097,362722.40461565333,196037.11435315863,385437.75351984624
79412.84929162322,106446.58464935794,-130782.34190872754,167886.75680098764
636151.4772358381,650818.8474088185,367958.2373744224,631067.9542722432
323331.4781904487,287864.8312195344,111642.38435179787,261332.73621250468
365005.81003349286,286253.49946298695,191950.67679941806,383064.2829176398
517690.5527446001,410579.3571717214,302354.6232655884,464636.4330442054
189114.13702589448,171424.81173011626,14573.318594126496,164753.22793220624
534216.6516583568,441684.5488839967,230404.0524053208,483519.04258755315
318759.9442850221,256484.66734027874,183711.48193230433,397918.0827636109
353576.18229593,367826.235294161,219607.07599145267,400325.5448053966
280077.1391584994,276155.0421315648,112952.78617782088,297256.6398792699
334268.7279888096,223679.57705595985,61904.827685377444,273591.30869680725
284822.3127531895,229423.76272497,190130.54408822185,272378.7625752669
-42545.896642884996,-46936.81621243834,-231028.8734545692,43650.31156224571
-138754.45019172115,-226349.3047281017,-297282.287726494,-116342.2378415211
-126478.67962474865,-150709.01149467134,-256667.71934530605,-153096.6917972992
615313.510565128,554352.4590138667,452345.8226531866,588372.727520908
425849.5765917805,278828.5396019304,181055.5950223856,377773.6891894437
81996.62841671519,1859.0242524177302,-142290.43317473365,11968.86058026948
581711.4858449367,477737.8254392252,432145.5026618446,662024.6238025806
78843.60932414373,97815.40314057504,-132250.45379657001,19913.572113453993
664100.5575091725,659918.5912741679,430740.7768690487,670491.5033320419
440013.80748618545,363106.95454125816,275117.2268366632,436487.30087652674
240728.4775130672,200900.00886886904,131990.28056279977,278014.993258054
252309.16470073047,189334.69141032686,15835.915878722677,256023.7201203293
602960.3932529376,581381.0742851645,517562.1898426608,593229.9946069352
305971.1226588575,207688.34022317664,173351.7114853122,342322.5737727246
252286.171822596,157851.31304397457,73139.32126487931,152176.0615027208
158343.46663305815,68181.41569176305,-83053.2938083515,201331.5661576119
276871.8820042701,174851.7044389064,105795.29865337082,185376.71429970814
332242.76562746766,244357.64716647007,92048.18967284262,275939.19029215
331614.0806417569,305375.99184729543,205005.12355020922,342988.2914299816
-105066.53498693753,-168426.25670497905,-273680.4338613018,-125019.6955676133
7344.970042352739,-58593.222791561624,-186845.03137945535,36564.240252044634
211299.07829004992,213759.06715510925,51177.81076380389,233952.88585913402
-115103.30400473671,-120235.10160223406,-310752.7050048109,-125940.17990016495
330602.5098735193,197959.4628950298,106042.45090775832,324405.4208189746
433330.1069336978,430327.7775396642,254287.50649730663,450495.5484045625
378299.3108736359,284988.30652143806,101918.20376287366,351773.9089613003
33246.98306522542,-44884.44522143423,-108345.18463322392,74798.53051273385
453377.12137449,342762.1736143378,257801.75037426467,419359.32411091554
416129.9269925599,306466.74024559534,202164.4872657226,395481.76348320954
417796.259861246,455977.1592400586,270421.25240783533,485568.89209309884
47493.71312117169,8160.0991291699465,-116803.3528968296,63751.728261446464
205804.75243697746,217503.37522397994,37466.78039896593,209369.37636626908
639125.069314731,481956.3381904928,419629.8614335746,610796.920433972
-119585.51111446146,-190447.23393696698,-295274.43277922744,-126645.58367361611
452433.9210540693,391392.43531939574,312119.5697184178,420666.2884939271
803502.5298181463,723564.8843685647,532054.9093239681,823950.4210106516
400986.9829233055,389498.1156377685,135082.79318225593,445938.69459195575
302750.70320350595,262123.95845484617,142360.63806452393,329692.5973383457
434061.87851285376,443586.8787764718,247092.49429283396,438557.25822698197
321050.92634465545,259707.65436861583,149368.77895903855,272032.7616109215
206438.4868657575,177270.5931803208,91961.36906025326,160397.44026561372
264348.810217396,131850.19482551666,82855.71020273911,219443.20743067248
589466.8057012011,491221.65810807457,363637.06608048675,617200.8165138166
33925.90558062878,14466.84832405101,-145072.88754024502,99388.21191456518
508422.08907218673,409121.82184869586,263617.6872508045,412268.6690937941
-65496.87375756289,-205826.73321279895,-216152.31253071077,-123779.4425380209
262524.33518020564,135283.63044533285,50451.727493203245,190928.5270853612
142456.17022852087,72930.19799657981,-84675.0213532421,202587.81223914924
317560.0650104453,144358.18837502995,59528.88881786587,230278.63894355576
-29622.959104632842,-73550.8526027418,-204785.39674987108,-40517.21888708754
-11009.908964751055,-134087.3406496173,-198327.60215284367,2124.715623323398
46961.03049789369,15388.70520494401,-117182.77883529756,66790.18445196457
353416.52016531,253164.39271550556,124419.61304375983,311826.26626494573
260200.36228139384,340345.08355764975,141780.11027775856,310778.30495698564
-146846.5224754486,-219456.08502257668,-300830.5502140558,-166693.44734592084
212573.03261222364,182880.99385966337,23905.196288671694,252837.9689068878
344928.28128728154,283501.250436633,168153.07337240654,421908.864894722
170728.23698537913,130063.63483885606,-61345.1719446833,218616.58030312986
657361.7736951176,535372.556690752,386241.38470060076,592657.2530520414
459068.44515059155,493367.70273541845,277491.7919239927,498072.17974417226
732383.7115436154,633423.9249217887,417658.00354628114,688050.1564874884
179325.29768378334,145091.88648252387,10568.228528534644,236091.67763521883
632623.7032618851,581875.789938201,466556.7316668256,623310.4805675121
554990.8273302696,476470.8452933928,391355.96835065563,614084.7543306164
387590.67100213596,270810.9469911215,85355.16223279317,263237.31140454777
587164.701922436,563020.888992501,465984.13107401517,686883.3240847324
173659.81848711683,88200.98644169804,5958.568056968041,222420.11483295076
676241.2198865144,587004.561079375,517283.2922117248,778609.4323283229
251761.74594098842,155475.95521143486,80319.42841381405,194729.50028755842
226179.35044591723,147735.8334747086,-27599.087732665124,202240.31410275376
58255.7759056685,27164.49995837675,-91802.43113610952,95465.9695454191
36166.30572683702,-31165.08056364674,-150550.70029958402,78919.81675947737
40515.203921736334,-15113.67196648079,-116509.39366859663,79798.79819225322
448386.5601978268,436354.1847528473,313227.6882138903,426156.7370788242
371002.45454228495,266629.0836314043,157489.17470033723,381995.0105562764
189565.60042385873,54120.84663944715,50619.17056936037,173437.7123791423
63663.576112866635,-24246.208866963396,-123098.4095687652,21479.464738841518
500069.75109203206,423025.77956744574,313250.9252309768,460670.4306546182
526217.9857867265,427495.2029254313,339604.63815410726,484907.19502978644
-32066.25214976759,-30587.09284655488,-179066.9740057995,5616.380589748267
390369.09646305535,280205.26896839193,192589.099787127,350442.23473988404
83143.95914658892,-1275.4542070337338,-118674.9882236137,40044.691383404075
83029.98351130553,33252.54084299249,-32581.081549829105,101634.82458189246
32197.139382144785,-25109.10832382494,-184504.0411619316,33796.40079818445
198393.07036249992,94180.08532140416,-4432.456071407883,157166.43802069535
3561.575203991204,-4288.259114119224,-200329.8905412256,37651.914205822046
412536.30806040985,284494.8970063145,115126.9227510863,352885.8971547398
466107.68861766206,358980.615352722,260676.3979892414,496814.7497169776
294796.32935691846,210516.732984183,105120.45098033187,242975.73164122377
160280.1272969799,123763.10227412591,-57613.19688339101,108795.92426919495
586603.0898267075,393945.87358770694,219336.8583737776,604813.2627340266
-77471.26455214538,-149017.97650893347,-238883.85313485697,-113844.36912278517
610190.7199398894,586845.4437019136,420204.00366126245,624455.671038019
210405.25874758954,140449.18487502472,-36013.91272862989,220118.55586797989
162573.8319014333,117143.1248659424,20430.947399456403,153614.80971913575
65727.43071322585,47850.037820334896,-54857.265785165015,152702.42516306147
295753.98151843506,138791.88774392474,11491.105019364739,302898.63858872943
250481.19978901395,208157.41904719453,76270.65548234235,235416.24195328786
198889.87160874286,113594.51106029865,45903.03197732766,176129.60116701445
616376.242593549,623408.9823712304,436759.4489126293,663746.6665584624
-17559.13832113205,-29463.691562659456,-215612.13006927376,2477.3994336671894
548002.950602687,405749.4890736318,355650.84225121513,520779.3421617134
-52175.87932586885,-61665.606036337966,-250727.4297775427,36908.56015956076
-69148.67842559639,-125680.96104951354,-225705.27026181424,-109346.32856076298
230338.1995333205,246146.11843268352,86622.11463201081,298373.0459950842
-25593.12251457374,-95463.35867949243,-161228.93346135248,-68590.8015844259
131433.66311142803,17135.984551295056,-126851.22520610003,85624.83999038173
217665.7748450226,214132.64372129506,35392.50025409018,251574.74765019026
269762.67743841547,189731.15476708638,52535.52565264038,264377.473199407
647041.7799730815,620773.884021912,454327.57653281174,649460.5221990093
723884.1707659571,515038.0683691157,458625.6544673833,677180.0334841411
275208.72311170015,167343.4785402685,91153.3611700749,206934.999459269
70245.46895947971,28258.00193248666,-118647.5251278592,111568.15584589448
-175189.55735947803,-189216.54547463276,-309349.8414863312,-136519.2509078933
-29581.211470459704,-89634.96104423003,-187738.40151158487,-64902.48449062655
658362.9278053904,652551.7757339964,470780.5220766376,595909.1598277171
325244.10644866095,243731.3472981127,71269.04254672758,280315.85876173945
128038.59775897022,123473.82768595929,8363.497732227668,140856.15028636577
79516.73902178416,19035.477666933206,-67169.10302935925,57805.143648097175
102881.66600997536,92282.39469885128,-24687.437020187383,146534.1632444862
397447.41624220205,296890.07471342117,208904.68810962944,373632.20045346615
569736.073176902,606613.3795943172,520375.42527866166,736136.9666526287
510756.63373913383,380383.69804704515,193419.11504638428,440738.3972914665
-49260.664501019055,-67840.1579380628,-232124.23082853574,-68132.61840701068
251702.91019406135,210111.09379926056,123622.55362319737,350298.1872659363
454378.67256221804,349363.92849808873,297721.83067127224,397177.2733055905
601141.4492681378,520412.86243244214,469399.2909996755,686498.5463143697
34597.948700469686,-9511.901782753295,-121018.96291779564,45940.92399531184
43538.11706301861,-39640.549332612194,-156071.97091545525,-8392.719391638762
27844.705332193873,-20575.718844625866,-109264.99788183591,68014.68622028723
55827.40179981617,-2093.389943269198,-100375.34002971824,30550.70944225043
521407.9000214236,388984.933176817,230673.36118133378,414886.1922661518
-106884.4254248938,-112926.9933614005,-265181.9333946044,-91043.74420872843
-161994.25384516845,-237749.85679812997,-325121.48934587056,-167188.58979186893
312495.52692938317,168512.28244533215,90629.09272663866,300188.98443801317
108498.97714321257,45774.75903548917,-46551.14175610675,90313.03772582556
628271.1700262765,535028.6864718988,420190.9397695587,607771.3522649326
159394.5499291725,75989.01910716982,-12229.4620904841,88548.12944475166
5828.968890045886,5021.653839202481,-192313.9092722024,54862.213995969156
754515.1363437439,553369.781908442,481706.31599366234,670111.0985660232
-111534.2657276679,-155919.00115834002,-236992.05144929257,-86764.72267118859
-21310.857875438058,-35180.85945754871,-96582.28725516831,97866.44206716702
357232.31561685086,331223.22674793354,172691.23574238713,364578.02179684676
23711.356896212208,-26696.744535392965,-190315.73281691247,-16710.236655855377
215202.31891655433,135159.5361145588,46982.11329591484,203039.16603145946
-16138.522436497908,-127387.77889906848,-192439.12282879383,-1098.92632818094
462724.8199076174,417150.78488910815,196411.22115886922,427746.0078844143
530127.0279693677,448590.02994100074,336146.29794742016,542088.6601238602
485845.91304692137,483449.6634572529,291538.8253087179,573777.2652147643
207459.6815358682,147149.23245519458,14694.557419254095,239536.44566183642
666705.211724126,601376.132282434,482641.71450089465,630938.2179098229
-138641.3994535451,-105977.17451591522,-237697.16602359538,-119084.77890815306
433116.7722133824,451299.1789730579,214630.34213312564,512274.62010689254
168267.9145192064,141222.6228895901,12845.446311206091,210299.119832205
59312.78441431513,16146.66376793303,-113517.27926845988,70778.23794549226
22705.39763261692,-82167.17571316683,-145653.44997211487,-65850.67970180034
437698.95895736,359976.65561248525,216900.0864949728,429187.1661863822
-35964.95217467798,-50778.73122731829,-198645.09571854898,-41266.20717933803
626794.4866856686,555111.7108364727,463579.62303492555,647878.1511192215
-19465.753690627113,-85059.8362290687,-196987.81803698716,-76542.6974418335
-121961.80440844665,-165147.44675367908,-303964.5207867733,-95452.60394462803
105098.4184523538,129546.85417354468,-96840.42836283194,50978.58372299094
391607.52335199807,256374.5527771915,162518.71753986483,336268.0341894865
727869.6758134083,634196.5538857053,380328.92716453003,701660.2326849808
96495.43168072705,47075.22241907113,-53040.80310390098,150293.6310285813
484119.4239860622,388904.5304668669,231766.96881903568,419969.8812230213
274428.0028593218,184890.0754157959,15086.6168094225,268101.68685344676
287733.6794775919,243234.943733242,117203.88803645317,272089.3255665428
7267.775890415302,-68134.13806003629,-136931.39013232652,-64103.144096995704
660824.6529056851,539804.1192560685,380885.2176195263,576389.4108868411
388862.28668723267,355326.3200586069,208240.55186860776,329572.85649803
537813.2832130318,485425.6424100837,339128.8639391231,530393.1527747988
672054.1607496629,571603.993885926,533303.0432508796,690993.4524320054
173500.13190543267,113320.29821269924,-540.470522736432,242903.0955153153
79218.40727148054,-90957.34896192758,-132893.51576995954,40459.08667237754
279486.31845599297,288575.2308820011,176594.60512184643,340675.0545754597
329364.0198110065,337607.1606835063,168723.1031547297,299515.6355779937
478768.28611471504,336374.9400975831,201327.5542704867,433126.2067273136
362091.1127184023,311600.6615225893,207439.32785700867,357918.4486489204
321927.0732340582,218391.15543680335,143406.2203013111,290716.1936170794
378035.60215535003,215563.712150594,120879.13418349915,324540.52671235846
573112.3280780751,546749.2838820938,337596.5712980806,604259.7914354247
258207.885747634,159725.07917462103,65289.727712091524,230858.0397961283
364875.64841400355,168717.8027642907,144654.98546888435,353895.14965384314
1818.0342276701122,-54060.37264194817,-112901.92039343342,23799.131562104798
266262.0132787253,253376.15480723022,130689.80535719823,315831.7235679743
557633.0797583875,487767.12886479404,247666.8388529846,498062.73324363655
513130.4603559633,526886.6080034825,328907.19293474196,504465.95236640016
212003.2939366463,183114.00562515436,15986.554078861023,164865.11620761594
574738.6514607086,507630.00334513304,367807.4333398908,642297.4590644487
531444.7331862419,477105.6385442377,366848.1082161084,511265.7378697095
427450.0188643001,387110.11662593693,276427.9445635923,385986.0995647912
-102765.43161632062,-143906.07259393117,-298195.60824477236,-149598.2965758579
366368.4810061449,295113.00727964006,125538.21269746358,349935.6075866639
-62362.909996791976,-126807.07907797128,-243943.2642478458,16097.621295063465
592447.7302906779,439701.79907348845,348004.37711310294,584054.9900860295
41889.634615100804,-32239.4402161513,-82090.07132743043,47764.96193935594
169831.29117245297,126328.283451583,-35784.681761601125,146877.78442254942
619971.4223724434,550131.1092902836,395387.5646072717,629789.741762622
440964.7178410413,377680.41167424107,216897.82486188493,438140.9479554277
-121388.96416212647,-157443.6147135562,-284497.44595413073,-71010.78106848011
534116.3277636126,550317.1125831043,434905.0981387374,460604.61462415557
290081.8594822106,177908.22294841637,73502.20667248883,240983.0075751167
26127.96774381399,-33768.64669024665,-154216.60409416817,115119.16185088165
25577.204266370274,-33554.07206353365,-164447.065096566,38883.9946210474
280395.89156203764,240402.2464715602,91008.04959072999,237512.88507209672
115915.2845926542,41950.35529604205,17628.33017028414,81164.0884584015
76634.40997323906,19326.84179351246,-106995.15516380058,35844.706442147144
350444.8372137189,356396.50051954295,248885.20569280745,410387.1086683852
382822.94682172826,342532.25312707014,197450.97439699888,393631.2961159368
400826.0449531678,368494.5141694512,185564.52505958115,399804.69531234994
265809.0743080232,248866.63510429813,145138.99249357067,277708.63613924116
461250.09988526476,326435.0972841283,197967.5261150106,420211.95322702243
-18791.387847337348,-131450.5967822136,-164149.89860827674,-100832.09147364856
-108167.57132343395,-65363.63050526247,-236297.81700674148,-59601.813131280884
217278.80340049684,144756.2498675898,42489.41692554718,221013.93497147586
224093.2290805356,137663.0169603431,-47837.66627991258,161017.10424853174
452814.1022031555,458877.62456301367,228375.7020235631,417545.69560031116
-99054.96984523447,-127039.350993275,-215212.51356329705,32476.354468196398
667704.0120566171,648258.6000544829,454380.4932070583,624293.1103561863
526069.3804394454,471986.27959429694,341488.87269254914,518256.0686557874
395183.65206807817,219212.55641691166,178582.29841104918,290420.3772199608
627321.4908682017,550147.7722868847,386166.6897602953,650281.6837279156
574845.4777953725,406412.32249511126,337494.86518067005,490499.8243344112
513109.70755174966,523586.0178677363,388765.8037193066,590234.8088477417
723955.5434315607,660253.0626740823,477513.2756804357,711446.4633218795
374904.59466989094,275522.31186329026,145998.91149085877,369539.03367075813
126239.54223471985,77878.23396798642,-60170.9790166897,164710.77183081757
212202.0146210997,201296.48387949634,80350.49829809286,255620.08987273148
301521.5336662751,248113.4977901855,170545.02126764203,365644.3411504136
529550.1196621798,506121.64328918536,322944.1828337704,519605.7643770714
465196.2851496788,402627.31619433046,219978.8277950571,476874.9348335727
654598.863751583,582080.1741869384,376971.2325893969,601684.3694811412
505494.3279511428,353832.8860097639,316365.20210957923,418617.605730667
509498.3239529083,482513.38860965683,374556.4126854752,549492.5435785973
701888.2494377515,541088.0269038978,442072.4540556859,593520.1741150664
-9730.072456385242,-27332.44091749983,-131187.4023940424,15435.283833644702
160078.61171794008,105205.79799694335,-18702.204825985245,171928.93382439797
600892.9584433746,524793.6815400096,461964.4186506431,623616.6501270286
277630.05619546596,187510.83343148,12481.332713971264,220556.96555382072
278190.18980259204,151931.11345727777,-25026.229839200387,257987.39263714873
264432.74277970544,199967.6221470479,38895.97587998805,269469.823579106
532259.8450725815,475892.32872165926,315399.5772683548,515268.5576482146
334508.93487992324,257789.44157133263,171484.09017777233,328843.01131566556
423731.93168647133,302994.86639847024,243809.99980819912,436817.8563641922
670070.7492767104,534652.812274647,404636.02398978395,604226.543384098
712451.9650910483,613764.3095384799,502183.9799429235,643375.933416409
-103630.88764463156,-155379.12212419696,-268773.52227359975,-78619.27730260411
355877.14038780995,274388.84193390654,139024.27359171503,331237.2505128111
447744.57494484854,381817.44115933345,311595.4674588322,474127.1174542265
-46328.99791253137,-60283.80255437584,-160202.44860836468,722.7583098568139
86708.63763171411,26238.394684623927,-114237.48476432834,92376.40623925219
66958.61557344045,-48045.65736902837,-125831.87165771757,65934.90561439143
-81120.18756235985,-183253.16440847365,-274830.7344013721,-99201.4369419564
148032.71897584258,101460.41346645122,-4244.769794791588,191067.3731189213
444961.45892249607,393915.9566704418,282250.3037857851,433868.2785126873
612767.6194919755,482077.4886715269,386160.9253494261,581200.3182986374
290585.3361924314,229294.34376473294,70454.58824896417,261519.0993776617
-818.4617989361286,-59693.899212966324,-206049.30890659988,38917.06500604958
329034.7139283457,246228.92159540288,95441.89132474584,345168.845416719
472310.7081476307,453249.92036556744,311320.66306244105,500646.65995760704
95657.11578421551,-26276.533893063315,-123631.87023374328,90511.65269195044
55450.21915091213,-61937.607755774516,-140286.28683263803,63662.582268006285
-31731.516306689475,-135842.09243650344,-255099.87675375649,-50852.98065715068
476640.5731451014,417288.3364860582,285996.08268767816,493099.69515497086
407741.95588844875,359398.4456216837,190953.6976781165,401040.6343162785
-82913.29706843244,-114571.88904046302,-268806.68281281705,-97933.73688120721
489767.66094607464,396536.6068293066,193967.336750097,430765.6572335864
586766.2738144232,450418.95274570084,335748.1660937256,528086.1205054433
512663.1203055582,391168.27943018207,221349.02533963753,409067.8780076362
25984.791150178877,19500.678051366005,-112149.30157060991,30215.17053063924
39689.0017062024,-99285.23428073461,-213033.8655463509,-55362.822157223476
456737.87016301893,366321.5622545079,198539.20266124792,439936.1991560445
727188.190014451,511697.84961467795,434825.4065378726,701337.1235490493
414718.989855775,381526.03259990667,283683.6361504969,467712.46829126694
372503.12150090013,387075.04143610504,202523.18083567463,387177.21082763385
502727.5489563579,408356.9374408572,348407.4366347615,524464.6839441659
-54737.62982150784,-156579.83674746257,-257298.1497462517,-99273.84471465775
79639.9267073482,156452.85689182952,-40268.84916013095,65609.12807141023
-53017.321410418546,-61245.66854563169,-217198.4549258001,-250.46627142129
-136474.73760453728,-164800.49088356388,-241546.5598082639,-129060.91152379708
121156.51093135856,3444.82135460875,-103212.71999658737,52561.73585871828
97028.38593571098,69350.04903733835,-64751.56633280311,110901.9991781856
616600.8969836181,553208.6962176801,433905.1404399375,590491.943718639
78110.44850324106,-56690.55841815338,-138268.81148237677,-2829.8753949431702
58441.39834201697,40521.602238919586,-136615.46181160328,17884.78040760744
424184.58056951617,367011.6765927278,284157.27710164373,465904.40058684
65490.739518840564,109164.27334090578,17709.707654080237,63479.96350829897
230856.59905617195,160054.82714386506,75376.64790065447,198283.88879060652
-6155.506325001712,69620.943597259,-145337.17205775483,-30469.934795173118
454902.2666062302,424092.24547280546,250324.1528736112,447762.18429398513
197154.61513887497,135932.83552144386,50903.07605288352,272026.6016058965
688751.9169649179,649056.4101662613,435591.98570313014,676584.342062975
479724.8178018058,418084.89628598583,308935.1305718804,498788.7527191205
35732.29053988843,3257.881514041219,-62170.89245262777,108853.00914480304
-13254.449144892918,-80182.28583849873,-197871.11865763494,-22319.356807688077
-62905.6792047614,-110166.20887744572,-246847.3115874139,-60147.3729957178
-80797.6962279455,-217294.36103148735,-326007.64873030613,-139102.79792794836
103748.58674238203,19314.994721151306,-109381.93372139672,22406.69018481899
-162510.28634812997,-189975.07930885535,-264361.4001242051,-83188.88783959846
131422.5401567883,171198.35441896587,-129021.52944357222,166333.11517792265
-115414.67257695785,-164485.9586381535,-253446.28521294222,-128739.48772695311
-42583.14898103289,-65948.40596353036,-213359.53844610625,-22147.26190820482
392243.65167998825,377918.08796136675,270149.6639793366,345747.4771790359
8663.725396986469,-29606.870866372366,-170017.11536184733,74163.26459134521
204243.80745566695,83600.52143781178,36555.6658910875,195293.6769091913
248615.30173137842,130234.19981182541,90354.84862559626,181980.49875199283
-137489.7098698105,-149808.54452399904,-211501.77120932308,-57093.56419296359
15064.536980909295,-20239.238791272044,-196696.3881296935,-30253.350990837673
232296.2589197338,219754.4450507257,79415.56141944986,348433.7085418815
-66991.87938030815,-143759.1265913066,-322685.62001504324,-185745.6833988417
-187545.78041055874,-170510.45216423174,-276882.59960774565,-86433.51502754085
280462.5892024583,275332.3313530412,134431.88957775198,344736.24624556163
124968.26742504165,59081.921830126084,60178.61184278235,183791.15092038643
287284.984099183,206674.96631089866,134148.7539481119,320572.84353899956
230590.19870719686,240791.6235004149,89275.73010573408,294187.5327646156
-134948.89002467768,-175198.07507783727,-225886.66657541285,-141343.95917435293
578684.3560303021,495778.36469503504,356349.3684676456,451625.05797561107
84020.9335668172,59245.1937619606,-95771.09586982604,131823.24139893532
656590.9576925498,566917.283068435,442955.1529242218,728092.5780692489
603526.1563667739,532043.9105514803,473256.6368610164,637993.1470800354
9367.705691110052,-86472.41384395567,-139709.44082179142,-8264.516323098447
562083.2663639144,506006.0214178064,338797.07797890017,560213.9249226949
364244.1108876921,239535.05093863583,112269.39726450038,321783.68742124434
25216.88376615953,46029.921757024014,-95851.99568448577,52726.955073225545
213713.93865241332,207206.7547021826,60989.166124793934,337344.1118425904
336313.50397736777,173645.43078885088,87026.02142830554,291832.11414229276
414608.8557062724,410269.8785245684,228959.02411474695,423255.67413311475
144707.52564226848,38072.61078037147,-15111.96705270966,119626.9881676411
-125880.82608938462,-71480.48194796091,-266811.6018606975,-115037.33685224934
-36237.570031483425,-20986.04267725756,-195116.99160306196,-69523.26800459804
582180.4076723794,481572.7897598485,386895.6436926767,588853.2282773082
200649.75102063932,264835.3895091746,-4251.444150664378,253484.0372200436
658036.7964607358,616515.5402485332,410916.3845236768,597402.5105803839
64426.91603169055,30482.52528003999,-119621.5001221539,44875.86969667522
505457.8869853155,407463.9425078714,238674.8142154551,528323.5184678263
489154.5040550844,369893.530019272,300097.8218747247,460704.533730231
527493.5228098375,464645.00425293227,246272.14898742747,561067.1590721081
661301.7895499007,647297.1226973075,470510.0474723546,677421.1118950208
27491.69358310441,-34438.5105584875,-138128.2329162942,10049.555962421466
297598.654333811,302793.2932030598,94387.32553153613,377220.23021357297
53238.20345457143,-47069.30919662869,-10791.233464702033,49866.25492427917
513837.37002317724,410114.4490744289,355026.5713851671,552243.6133092328
107087.61708375718,50503.494542151224,-149603.1248884906,32310.331914203474
-187107.32765062107,-137021.28769543942,-258522.65804970195,-109875.33308928309
185913.6351887408,93946.37484608882,-73236.38938111486,162617.13700979738
530735.9968745174,426562.1318298412,278715.8651626839,522140.1829323403
359970.1969920073,284596.43168423243,222223.64829628658,460467.755587618
-91370.33222300338,-90873.15630126576,-197262.57168201997,-22989.770688208577
398965.12294991955,331903.15951388644,181047.52523912978,366991.39212288393
62936.82183361263,-12560.856689244742,-115167.5292826274,-21074.50806125335
268170.339841967,182549.78798994783,81708.67487951007,195498.87584855699
295358.96369053284,118004.49830276961,108481.61376084678,230637.8362808202
515870.3058997099,472592.5773988045,163852.31321091636,441116.2509905003
472942.30765639956,513785.35237105517,311120.59101489827,556101.8155918564
734663.8930464683,638256.5481103887,517575.9410560472,691087.523647187
32921.33202939574,14271.501733743353,-50934.97457009624,98182.98624288407
404900.4876607079,309992.818015545,203702.08380256465,420050.79773463414
61220.348454356776,-59887.16068790021,-149248.99144527572,17218.271335637255
613841.7294316471,545945.6937534409,430033.0369983191,624136.7313029922
749044.2463655728,674845.512093161,560116.1654156434,731840.2655483945
-108681.66718625068,-122495.0909407814,-260196.9940225298,-82244.77952954848
605568.7796465179,514860.0711406667,426898.37153918634,597001.8595696881
443110.09002336557,460327.48103153147,311753.1148273578,519589.02098451834
449328.5530156421,390532.7794706911,191972.35076658614,419707.82513407245
88169.91775369621,36503.72817844746,-26649.210857894737,126392.34539965657
257702.26511169865,156385.66800242162,74156.6264519589,230037.96811568912
439390.0366340865,367258.1213925076,199891.36416406522,454594.75224721397
72401.08637298353,40178.01221672655,-86070.93789224641,127501.83823318279
10353.059414441057,-75007.01757463458,-142645.83287356625,-5403.6541980775655
386695.5120593739,404708.3937556322,219771.2805275343,458619.63678233756
570150.3442680065,669701.4230308239,438084.27457843965,603477.7400488611
477207.2095034204,404732.15337285004,310027.9540194656,498355.29646194563
503133.9929790823,461081.2264911921,287315.1922357454,414712.10122325376
669998.8841494427,556874.1869144475,468068.3187128616,613723.0732725353
363887.62428841693,350472.226017519,163075.34547382873,423952.1080819068
37466.16602419515,-34729.61301107332,-131341.18683145288,22438.592042318138
86048.302705982,125258.16522535717,-5652.26706384006,141320.90046118654
-49222.79290322709,-129283.83208621654,-260782.12317839923,-46859.31618937722
92736.58267956122,83955.1241651274,-84349.20357490983,136172.28045045573
426635.4603174812,322371.742847463,316559.17439009354,446584.7953143857
-51339.03469083365,-134627.40988354915,-228932.28305431758,-76889.34466346627
709008.2387622956,588305.0700816286,457847.1376765437,658411.026360868
655435.4919162062,572587.3668152557,563326.6894750522,741602.9396945364
167718.27043474896,95366.50942562218,-40647.17371734313,171191.73851502826
554443.1944803696,550012.7862699095,481504.11039082555,616030.5934284348
-113448.67681680952,-160384.22085891984,-264189.0429809174,-191270.5947305124
563932.3626216894,475962.43148256396,334231.3226690877,548361.1664239855
-179228.50120209338,-168303.42646641104,-290749.4854054564,-174558.30172870448
413394.04260037246,404976.2831163815,216119.87038749154,417805.45212396444
-14756.562565223896,-115683.7166483677,-208411.9951588349,-14773.054204574204
789705.3800291594,578813.1638946997,547905.1100640594,769856.8060223034
228896.2016366684,210572.03963997215,-37341.46088310913,245980.22388933622
-3302.768013947003,-53701.14799353242,-213177.5377283689,-61375.12157716445
475823.569867203,379990.06449934177,331456.97226986825,516080.56478297245
438360.1517543172,412588.3113815143,360557.31152161397,473494.6373009491
127270.70266490069,77757.33344368194,-61819.32390285714,85707.00191944535
463990.18051272235,501911.1477109599,306063.94230613566,557898.3293865721
519624.5731318963,365263.5658062153,250526.5683192612,453564.9738355675
268899.95575872355,200437.97839135292,130246.78314840957,320451.033540866
-30650.805822890426,-65499.28429250943,-148223.0765644131,-37176.857519054145
554464.7231288231,518069.4986440728,429319.0905663307,664396.6155471732
547556.5780301841,586290.6421042925,386229.98878929263,613582.187396579
154823.08074188977,5114.942354521947,-40804.859813160496,78264.70317566034
492167.9892721777,468572.1726329118,346978.2568630894,544841.906772628
815154.3597496636,710371.0376845086,602310.0253576547,700019.4593794346
-80120.03030927613,-185053.1455145842,-310972.8089000201,-116696.33106111176
39823.58725043223,-7421.134728108416,-81882.06072466262,81833.67968586192
410651.12447907066,325983.0271840453,233903.44308467768,430789.9224756706
145069.53330246592,91974.10247555678,42393.4328977355,122995.16024400317
653633.8730325322,581288.4228080348,439986.7937842045,650729.4919477948
367246.7509788275,212531.80181294598,199984.05657863768,350482.73273269495
670303.468065304,522894.1359680323,386534.5210376781,674277.9743120316
198775.24084337417,96825.9440339572,-28836.027984862914,130268.17719875008
105602.43480412662,32173.906747250934,-73967.03540035838,65206.31082360854
357432.6231829098,328094.244282454,156225.57964042015,359648.01751007535
177501.67148037406,129483.7793411673,35816.78728680068,245217.6502193309
380513.4643975147,233741.98021854367,206317.67666239513,384907.89169521874
541772.1497080597,530748.5047861566,375076.9736095399,499857.1077232172
-121239.22992756218,-184122.70796429255,-284584.26511489117,-141502.88465743582
678021.3726756743,624421.0645431112,474820.95315383293,704246.1922298204
-116557.84276578075,-137590.60461527802,-287596.70851015137,-137838.58531972906
597300.9881472196,539280.23909135,447287.71800724755,709920.0950493987
437810.6539593288,400538.16072342894,230878.88332751289,429555.30404373864
-64893.932756451715,-124476.67190826451,-254518.08409269585,-65249.6805442021
-91966.72482785396,-161176.93630811747,-329738.4296246241,-83776.9515630189
375979.8970815195,325856.40404933284,248334.17349528323,347172.2328190247
509118.0938998043,422797.557009805,375552.38735259266,614608.0595888132
116842.1516212303,29633.675567154307,-69534.67593029398,131110.31234448578
160998.5824930534,78025.00453627785,-59841.72147850599,175118.8075611327
83215.41583318112,60675.05384829093,-45830.33340288128,157689.64719683828
542341.8810746074,456159.00001866836,345093.97128928616,488158.9737486603
345620.77909039205,303587.2666990517,282996.435854101,407629.16243926657
597361.4070267172,424579.4486817551,330603.2681974141,496406.5855737489
-76326.30088122957,-121589.69219307229,-264264.1216639279,-120897.74710023112
151202.15999920818,96301.90806796763,-42462.312562771374,145379.26268612966
436063.4166392494,359015.11270768335,254230.81693008612,410495.4144723235
318503.34658162785,264677.8549562746,136181.9220041777,307282.6058766078
471526.5410029064,366963.346796651,251569.68973266042,414367.42188278167
218395.10678717587,144582.2767629677,12974.790729403961,187325.35238001298
-5387.244160861068,-56857.15750259301,-187092.1814628095,63741.681973787374
-110354.06149143126,-185473.9910571106,-331588.9194902611,-175174.75554576947
96729.50126309705,55529.311626832,-38536.56568515627,156249.32038495492
348020.22174158785,369253.02674659644,172723.23250687087,438232.0365017797
682038.1746023861,589325.6437869819,350596.4833657112,629889.3562782893
-23584.157523757138,-132647.7067097008,-185828.26074910315,10603.378711496247
370336.3814727763,373518.7132854351,272257.13039641315,491873.96760461363
-122963.99669543363,-125914.54610243178,-300900.75913249387,-59741.33951472421
512152.4916405537,461204.26331573643,365809.96478909766,523428.81562094414
640848.4097553852,586764.6394803794,347388.4430045376,629747.1918340712
275121.5464935913,219518.95568799158,6244.407490745303,277661.96896968095
-31161.586553588335,-96829.55225751991,-158659.41295758972,-29569.441218095773
120897.82995637914,-9150.270072143641,-107763.76573250978,7515.008670563111
-89332.16808019584,-154797.48767272686,-243409.37072203815,-40738.76147151069
476592.0149190511,349056.51137717534,178047.3683067588,439096.7759555641
267454.6699712381,166769.6144082147,80978.95875192655,305944.19024479075
568596.155426607,482900.4278775471,412539.9559419438,656378.3064720561
736485.7726512831,732849.456145253,457185.43597502436,714665.4944518101
87234.68803636276,52273.5754216417,-8793.040710847126,162498.59629869985
323745.03689458035,290013.1292107237,134983.48461075418,382805.0532502318
140250.09075119975,82097.42027286487,-67779.9258563323,144675.2357053609
346954.18182555656,354129.9872709528,196205.22796478658,412183.70650252094
434467.7946549619,357369.69279873313,273682.90531696915,445901.8019500248
-139829.39367139008,-174375.97797137033,-324209.16139107797,-212778.91197118745
641854.4417003663,650433.422421237,582139.3185425707,684603.5986618483
193464.43808809388,244908.18819083204,40798.70684779785,213496.26931444264
473528.35551696364,372240.2083952731,262750.92967436137,506075.47579695005
146158.0743102784,81881.09055760992,-43362.45481208817,147557.15856979077
141614.1778441011,141333.2677660752,46884.521955349366,229177.51470609463
281794.49744572595,276400.24870789726,148932.10852285463,273636.97369756177
798676.7962723251,565079.8743259213,535841.2801377563,764192.2558688344
423480.8013077823,379913.62716465,222775.36028968496,466202.3805381197
532674.0738928523,448930.3554880717,252082.6479030922,493259.379095907
78247.30209238268,-11645.110177664203,-156484.6268030078,6827.697804695985
620073.2797332683,426144.87838894373,322230.52518781857,498728.6455087303
488963.09158179327,491330.0741607235,362311.6888529748,557570.8184192162
592844.4496370039,510882.2852205103,386265.4051956177,595467.1350529154
-97946.67025603395,-211641.45228474168,-256563.87183284404,-166966.7959492292
353813.9062192276,180148.2243688549,85347.78123746708,307506.1666986742
146954.28653196292,99871.06126647675,-34334.19590090879,93101.1540555302
736660.2395958276,774922.2173781982,499020.0933202499,796312.5395183153
404095.05455778795,395239.3513996792,244248.2341753851,376782.7088698732
338698.857069682,293577.7660921514,102740.38985531416,371951.15911286767
221969.72796089307,93624.29062586883,-16231.149318539305,98881.44864830468
-27712.571600397,-30435.450173275836,-191733.5149266632,-52315.26364773599
-121872.52971268154,-149108.86369813362,-186535.01070338156,-165054.76722472417
511323.17888677225,347164.91957772826,307106.4481737566,410161.1938093372
343327.74530938186,330310.55021113134,179702.2016524243,365638.36484262336
331582.1651446669,216757.19653672632,111873.13079622539,357692.5331350707
98021.88538928935,110696.16748903238,-62405.48150764976,131439.1550209931
-54544.63296374801,-76367.33810856455,-241425.36060350278,-325.7799795221654
328442.13402685965,305589.24964287574,156872.15244450117,361674.8867038286
536356.1890409319,442673.1832009874,277473.3618642533,557002.3816230211
426357.8672001908,376563.1627158376,227785.51049230073,401438.71139650745
608134.2460854249,564627.4494634264,479839.31772820593,642656.6311650134
612923.7717985702,519089.84473650623,347247.9426765364,522422.1376456745
136655.6412505221,42929.37709242897,-78447.45897559274,129906.92219405703
56691.75513755402,-494.02989261050243,-72539.40957382717,92061.06970560248
547125.9953656713,435015.5065119063,376904.41603099066,517061.9927727481
-103512.38702054071,-144413.9645956274,-203336.9529243597,-60415.8844731499
501016.3371478154,409939.04575939453,239189.4489799596,489063.36041186284
201077.74741149228,150318.1347610423,57357.16684598825,219407.76355232962
536167.1062373177,483183.26062865613,351981.90306578984,538026.4414473064
-39871.50135778723,-103062.41604425554,-207194.04127447144,-33409.796931540186
710225.1981608889,683185.7859288673,521477.0223146385,607476.1086811004
170519.18615673727,78345.93309802015,-115179.58468305483,95131.88030160638
622073.2553754442,531924.425633199,406135.9851291388,556894.4560727987
32898.394326710026,-37098.900156578864,-109850.36119528394,70075.1226460844
167560.43535620323,112223.6676676831,3602.8337041947525,133629.204432255
416850.7151952735,221488.44507410028,111277.57300477102,398324.72222899145
125017.91532708087,33401.528775502346,-76990.9432728967,86148.03583624994
92539.44332672341,78211.07679184142,-35256.02629480499,120954.32955756923
351088.5181662156,296823.8495967984,184006.0901682455,343502.9619859691
418730.2699033079,324198.0902148421,267287.4056092743,447568.47784774157
286735.9585366633,304863.06054903637,142222.41741975246,287662.6495162684
-101443.62993020425,-143590.62062599347,-198874.38095565938,-125226.61451242631
336801.0401313758,232909.9725350954,104961.42269336083,318793.4743079203
550945.1847417853,386449.7259392089,332481.1585018514,484307.37709536345
164344.8222450863,164637.36216370843,33388.85715688905,141995.97701581835
526029.856247478,500366.7289647348,383668.15545517474,513934.55510305136
-17855.89153811417,-37366.5319282288,-36876.15913975844,15822.591646148707
-6789.621896477998,5983.358685121988,-202166.22505391052,-47260.53113362647
30824.785098717897,23470.537883259123,-172693.11187423638,-33204.544952767086
489274.50915661,419758.39336355403,354501.84583720576,457737.59085087385
-12267.532918229816,-70446.15221858083,-221707.43896431784,-5992.112515625893
144196.85334274045,64942.7163663212,-22773.778367701685,138406.34332622204
509588.9144860271,424992.58323367836,318543.39191254973,445341.14489941066
369431.5314735725,301978.59600882314,138966.33263161895,392754.5680705685
19043.491145425884,-18294.365587816923,-144322.4269021239,42301.539362790645
-39178.76465491805,-72938.98179332184,-143727.45573607454,3627.283752909221
373043.48681784456,363539.89110940334,192536.53887973598,442688.98861898226
274647.8771953861,305711.47857127804,177103.90886093315,255065.23807331314
199650.52544115263,142969.76305652666,13310.393571163411,197167.2871185952
-158117.38147978415,-126794.72213485005,-306911.681187748,-140188.63582615752
381609.8725732119,283025.990993968,116660.04746638564,362401.91563473723
-42918.064576739795,-102412.70454336196,-200912.0907250669,-5067.453146943473
436556.7745211341,398832.7138484487,246940.1150577016,458041.35897384235
761518.4114018776,691936.5393662956,524200.47851890826,761307.6711961208
510346.6091403259,488672.44201031886,349224.1638220219,542386.7686737934
282386.00007838896,188822.5282206604,78840.97461237456,323449.7415780736
249609.3264969302,153122.54101497587,87820.50581452064,238720.18059933966
693516.517016205,685734.8146399693,535015.1504471946,771732.4552046806
757174.8252071056,618812.0972409097,523194.9615166547,711694.4300550695
383565.50133557094,292297.0260907861,202496.48324531515,279235.39188113576
492929.97751501785,347466.905504553,187127.83354381018,446590.0181537032
75190.43269503047,-45270.41765936336,-147311.0837510149,35523.66517937172
-91815.18481929408,-187546.87560803007,-248239.8443117875,-98889.18952745653
526762.8744385738,483058.0422467147,346131.8030779037,558920.1079298118
228044.95413301722,200821.4392010948,83788.2563632367,282208.17624947336
229145.83774379978,205374.4216539138,60859.10821247846,328107.10664076137
599557.4992629797,551271.5478379852,394478.718942857,613772.5605317182
184567.5711580296,60524.01658912003,-13824.148905548034,202907.76729677652
433215.58671097003,370789.824980772,262167.6440371969,476970.3087858275
401484.30991096236,377024.49753971805,211434.46440758952,409958.7898750182
545572.6415639785,455394.67996613006,307982.56180785527,493384.60344541445
309601.3261911841,264929.2608037995,49668.2841370136,365617.7999977013
635934.0852279542,532190.543520842,536222.2623431081,714250.7982957608
599424.2865470899,567294.9067531517,390938.3341795263,576912.4150120395
680520.628813073,720615.3350829321,491078.4294571938,725056.8240954967
482283.3561767794,324808.2903883605,184063.8428207325,392024.15901611396
-16903.083363471902,-68653.48795040953,-192013.1785748324,-25281.842636876623
421300.973285525,335893.92097558256,150871.93967296556,370753.05135861516
-135971.35291597666,-162260.00868516322,-265357.49311725225,-145610.58290321403
15828.026488165895,-43272.30988989072,-192366.7898933887,17795.25485966762
414207.555783291,321329.1520907782,201859.22894287866,383784.9716036866
393099.74610439036,343920.4624803219,220921.12215323315,392414.95132524427
205056.91839135182,158362.45210240246,35428.56037065224,165554.33463083277
151756.8513403145,42550.87772734044,-32838.01276504586,98970.6069041834
403208.7051855491,381049.2098316712,242393.79630848777,428553.1489108575
415696.15264920983,381107.8938556741,267016.5955732475,423850.9931129484
576294.6009022759,560064.6882854407,385800.0539869119,585589.6225469161
341480.52361665934,326676.3081964258,209880.16573584836,384074.2830096511
262760.76006149827,146105.26756123418,-5079.980291210231,249908.61831388308
556765.1259097522,439312.1644247989,273317.3975548283,530918.3847304294
475787.8621448644,391629.08017105237,256425.57800768036,428298.86375626305
329520.2618147435,280657.4210939199,178377.13393747935,298015.37214864185
43395.42870663828,31393.339101263788,-75713.37840498588,93511.73309520958
25939.570975171402,112058.05102949694,-7585.999791696551,155583.12728123518
561886.8199615537,462658.49489042687,305220.017823834,549725.2325123593
-59486.781413652585,-163135.08503377013,-226813.91826253984,-85304.17255411472
122931.37505844852,132755.42684721982,-39694.094331762404,172839.87871753168
274293.2287978822,286112.5151831843,118789.84857031889,325415.7074200059
147386.79537510092,62219.79836017871,-67888.76199655223,166353.4711705523
-104332.98184152809,-92200.57900890906,-202619.33903142298,-74684.54844177503
641690.5820179414,540986.3598459819,392237.92221972626,580806.7920787255
452110.2629808162,387864.8508558081,314697.95601382386,509986.38786275266
657238.0017891394,631683.0695972014,472782.478985265,643215.1662187946
659535.77705877,544024.3395109384,352009.98983200686,614224.521677142
365542.5508007826,303548.6532014874,207696.29816288152,361707.08880764875
755498.7308292938,556571.0643935155,482765.9752012758,641616.0192145789
-18652.46696301084,-15747.393536209012,-186074.5317120907,393.89099577913294
524897.4351327957,479741.50103890337,313819.38341232506,521634.3096770925
407797.904427391,419706.5254990242,201784.2502901568,401720.71605066396
357977.731295262,338913.1461755481,185128.00093176076,322504.94761314616
614882.7666294593,617507.8297925452,390073.06857143296,564956.0645786861
93563.36267888069,99759.64444111113,-54545.714414660004,101572.84333985427
190547.45764916576,220387.53257229028,18602.339762652293,213177.66022862017
177105.24605631153,116066.64347191749,-28452.51543855027,201362.52546672197
307736.2122932086,269367.2883357698,61071.595385868335,291014.681334093
554157.0627419027,580318.8840471655,445053.3632283887,594504.5889481285
-104940.7798531095,-111356.8459977769,-232620.0767195166,-98495.9202716446
159732.48673546675,144880.81763623527,-65447.62300880917,124200.4074859143
-90199.51395992562,-151863.46194976533,-254766.9296752893,-100055.61142793437
291523.453423323,307810.7142573092,199567.32006127085,353794.12132979
-35666.061105169065,-150758.821743233,-198180.86215345853,-40424.789797785284
271922.41338120145,124553.05896071438,-23210.552113455138,207147.04454940464
-85580.3851887972,-109931.99001366051,-250334.72648535646,-68215.0072135186
726570.7057438137,626764.9118959191,549535.5965899475,720996.5707071489
-60718.719786155154,-133525.86004924716,-235082.59386016184,-43036.89776943013
145310.79453835823,26539.375348067726,-42795.365606230334,114599.445816366
207842.67211415851,110420.04014474829,38059.902708750335,146385.24616896536
-24410.452112055384,-84535.66758776887,-145462.76416404627,17416.300013882865
-42632.975603830186,-22309.324579976324,-199733.07321223157,38574.661858421634
232611.24706559372,197154.51982682175,42342.59805717494,242875.86918569042
318362.46792973136,271298.8740357142,122196.49693124753,379091.1494023086
-87567.72037453117,-115219.76356100588,-229877.59871944832,-79490.62526177481
750655.0763940322,675043.1579494369,554324.9211763461,706652.1823065754
-48271.28957222693,-100472.13795117661,-215219.85387201537,-95155.27517870412
-50879.87165132124,-89214.13248586789,-232188.71084335097,-31848.479786520882
-26864.995740646613,-115390.25522303005,-134071.14273361943,23270.18879342312
43042.30346439523,42690.68841782992,-87762.61383967905,59068.09653423843
241289.5758819048,228203.31580372993,65810.84870514413,273504.6085144421
15243.37041900563,52754.858007549075,-82078.70512974274,148266.49549442658
-82379.76000629424,-120714.85218078387,-225387.8574760991,-119778.21169259981
260734.5980460496,182692.900822644,17778.151854055002,224143.37625730375
77991.96817082539,-53303.386701522395,-35801.8651957683,-385.5591906599584
562966.2461005638,463934.06419709977,328521.6129486901,521708.73807533097
468044.90680033877,400327.5538019695,274905.1874184237,442689.07469794084
188678.00672469335,164129.60856458626,-28883.219252181705,180500.08542395243
-46770.74109382514,-97795.5403922238,-238508.79557293095,-99937.71323255851
198161.66544481018,129852.33610256156,15617.513264136389,196248.98115955875
484895.94663266756,457224.014051841,226135.26262588345,576140.1187428827
85083.02895791689,48940.99539572268,-131386.11790086475,84319.71544366458
181193.40249852883,84299.82814090909,-18060.90980786318,161839.64810102235
299812.49507745064,231940.5937056929,50379.86423676647,392403.1257760518
551914.9574676882,472322.6760243169,299055.902675521,606173.1986208616
543212.5797769153,504281.07858202164,377266.73388811434,597652.9418194199
-54714.109617566515,-51489.713990543445,-201517.3072068873,47876.45125781221
102619.40101405291,18850.477454850334,-94392.01259972248,76042.46395724092
11467.973996133544,-67370.9991831429,-139046.22994422808,232.3893916880479
3005.110980193247,-78676.61954712472,-194725.65524314437,24277.23113918735
404708.43578363664,307026.8034787397,140885.4663907783,351725.70432536956
149402.84867703775,91701.24770608742,46618.97926171718,167638.96686050284
147350.08480718464,21008.358371541253,-53574.118095684564,136040.5823847294
392656.39095443673,410964.07830809604,199628.15087122424,343542.9386230514
-69561.31031374424,-111415.60921547835,-228191.56874748477,-87010.21466040489
-17627.951181592885,-3162.4445694105234,-171326.2860296475,45779.744151847204
378197.3544152515,298463.27001142723,248535.47802173684,370775.7099272215
445513.0062942626,363672.57516791986,202402.76057831664,428878.8889728624
565358.7514325094,643557.1488680835,374439.02042346506,552170.3154627825
615917.6819903867,578290.9045038924,424814.41282479756,676681.5783205924
551109.9447242366,445086.65016473515,359546.3100147707,478143.71329106635
62358.20035983948,-48882.318603040825,-28153.8267531374,71987.44520457205
55688.85024718568,121967.71194585355,-16630.971615759423,130433.1338730331
759928.1606813236,604434.8260390258,468581.50223346136,681552.2175797878
-38012.8923792016,-106255.100520699,-159367.60467709275,-22822.816015815944
629571.456468106,524449.9792165819,410563.3428478079,660221.5162243373
204308.64195011265,227000.44385239272,22464.093726257677,216198.38075058046
236515.1302922524,157907.20162629522,146790.63486765733,252324.79363875824
575217.0406525058,523803.0613101362,327433.4550208836,562278.6368810991
125545.32493183448,87224.16173999954,-16557.83920518856,151409.28002989898
-153249.418044805,-183604.28736731026,-276900.4785770243,-137483.55023202964
2733.167926329479,12246.88451880007,-163183.83434292884,74117.24173600366
214759.65334850282,135449.24246587965,34392.45880343788,299859.6767180726
-21827.815822237695,-86557.235612466,-203200.29728180403,-50786.04107412434
279734.25528132275,220912.7784884465,23188.327188951313,266267.4131766892
323788.25294969964,241721.78696615272,228558.05124509544,302980.8101002332
191115.6190195165,202502.92446140037,-10541.082538179122,183528.01742499485
504199.9946920009,371816.9386795119,254678.87206036213,535411.728156877
530202.6851243102,368354.91674671334,267590.6296775722,496878.2435613489
446685.50039391033,417268.565385601,303200.98645847815,459549.7617919424
3514.5721008509863,-70130.95725113491,-238508.4165298693,34316.99090017704
540132.0135041302,441194.29092357133,397833.6289761764,598774.6428656313
-74215.40583392506,-151306.84512555285,-218995.62950014742,-93661.62187120336
304377.368806732,226120.26797716995,109788.14915888302,269677.3868793984
339895.41394949635,221506.80373823782,106184.57670382212,283793.3837504635
-54108.712263122434,-199634.85078332148,-260402.2555506701,-74988.16987638903
-13512.398904793663,-78692.0292034637,-180163.2183321811,-29939.020749295887
74434.53836423042,-66446.19839354727,-107454.70979343646,16927.295099506387
12839.73345462844,-53212.014854762005,-162811.39848989405,39221.07767604967
-50809.299829633324,-115549.36895123712,-184590.60449076665,3722.5991800639895
404751.1519892516,330823.2206259486,253384.0433324629,384900.60803449317
48623.560833333875,22315.051707044826,-187477.41522180475,71603.7743573559
-9231.64559463138,-56766.92205028731,-184247.44285078975,-62859.23853797547
29905.963984250557,-24822.57094180805,-137843.55309741275,27188.923942900612
704678.8070040594,635123.2196722331,463989.25763344124,677273.6388034825
-121240.19328885654,-74909.96078473184,-261134.13856663124,-50487.57246496831
577927.2374358671,473936.79070559016,314479.7766433951,646009.1354039551
666022.6697567084,527453.7461740291,382569.60202342784,603899.4876322467
468748.26643551246,359616.038345214,249583.15407877997,406185.9013895638
-14559.518007398641,-91073.8440658591,-184285.14978712692,-12620.446182678803
-2413.8330527205835,-116089.67649251648,-248135.8700271133,18440.457150925824
-96614.06319790526,-106583.26663850638,-242325.21703088644,-37972.21148450306
685467.3676888498,594154.2327430283,439423.54493808316,733685.8212121241
206008.28963446128,72031.03544483939,-30085.058173430036,103606.14889820863
330201.4009718804,280959.5058638018,171623.4919800494,275704.0359119708
436514.1166536835,414320.5546484669,408241.68749829836,643810.1325252717
599383.1169860642,450709.1493687306,418904.5142623525,516780.0298920864
181393.18705033883,135919.47141618712,-33485.66409497999,181239.169480938
442861.39992336533,304436.9100757929,230720.3011471876,408136.5381491623
-16723.74870015768,-131610.81932741695,-148941.7398628391,-53227.66451711062
650721.6838351432,581933.0620718338,402935.35836021986,579161.7003178268
-72670.17827436083,-155989.48335838492,-224538.70105803135,-35149.21861345752
315369.9717942523,298443.79652917257,113502.83723555913,313971.51595152076
380474.33904559293,358199.4889897305,138726.77253351873,409346.6772576296
234991.94839420228,242640.85797865235,17227.293162375106,244274.052747417
-160938.01792755607,-216831.22335912223,-317920.94858273224,-151333.10086047126
180479.3438851178,102982.46517682564,64521.87876636523,123904.41024517885
545919.6015962212,440264.7798126086,329818.4284888371,480691.4883523551
-107141.49650664523,-173067.09770781937,-340680.0484697292,-160525.70287160092
665485.4553123582,548879.5955630422,438238.9090600939,637357.133215731
345934.5563128453,298886.30578111776,82481.30186041316,399563.58399681945
330227.18276133295,202787.02068374644,141205.96574674128,399428.0702334369
546164.7610716866,445532.9865142091,329639.0462028481,562250.7291211837
-78558.05451294704,-108104.09339464933,-242897.5042525847,-58296.54631404817
-77797.31079529517,-48010.51648613223,-241062.68281506444,-69531.43709891406
510250.1318354695,423412.4094453906,292690.61765981046,573352.1297205014
264571.47710247023,292596.53795274906,85829.95209590346,383796.50195839396
506259.12914665113,448205.5387427565,364558.22529324447,666600.5639951411
662204.4473427455,571334.6634105803,414684.66036011756,533348.6288161998
-110799.16716319247,-145043.8105385594,-252386.4396614118,-105908.68012150377
717130.8886252216,569019.2290221511,533333.913983445,664455.7169723278
100395.38740579225,-17717.951086303452,-150357.88580834155,130454.28613978613
690443.5472448913,687549.1445576944,487338.80364103557,724639.8550334654
347582.0773639772,227685.96935098572,138228.23554311774,291112.46123582695
99416.8747219895,64748.51010627893,-64753.550357512315,129754.08374395268
320304.8227283766,255010.74085026735,82114.70603015309,330082.2771759152
-1612.9788806411088,2587.3209489972796,-164560.51548824355,59503.59268541343
150338.4889708754,140238.93012012285,-30484.457552118693,127531.20712905854
521176.4339158088,519526.7238726157,314024.3301089378,602643.0736426483
377795.3684646834,452976.1013013504,165454.51148960146,417251.9796953058
416350.0218157555,312734.93859397527,275146.09869523277,498184.12749035156
286570.638949989,142831.7207478506,78433.90398296225,184218.89244304446
38438.75473778625,-48036.39023887116,-252069.27446395537,-12324.538572237012
-87975.55239684053,-148989.63264842983,-259853.7006262096,-66693.53627864306
294794.0516360713,217926.73478644155,131004.26715602574,311399.00266179594
38734.78883968352,-40379.421491802146,-182919.93048598024,-22903.168568290013
381876.2322627886,396828.40446015354,253323.6880136989,477891.18018275674
302844.9906659236,342193.07352686,105419.61008886376,325700.34371726797
230115.47114923724,281684.535028444,48028.77295240073,256119.01325088541
100584.97206155444,29215.516484099673,-67143.98469105305,60235.159741615644
4578.0283089965815,-17394.76948627783,-164723.3472436677,27781.69157663721
127103.02958774078,36953.72967967589,-37384.01143593283,71749.78951971722
188736.2781439107,123385.32044535584,-29156.381970816874,255916.62823332404
74291.89611226832,24185.551940129837,-109849.34433460096,95563.12854655238
-130192.71867218846,-143007.4525569697,-272269.3942241279,-77922.94780003373
-14529.746614909847,-53338.466356448305,-200999.19970848778,-42839.42200096871
215260.81526657403,182418.04893316363,123376.03036537138,322440.46373231604
646792.4097848283,570811.5607682192,458418.6666698797,611107.7489453291
325919.84374943096,252305.69650566694,174945.891006266,387561.5233255293
-104604.95167860837,-153222.37456723797,-236099.88899554138,-57442.299426818674
185641.22009547835,142277.9855912017,41082.51033509837,210444.42072129203
-25802.288963032188,-85877.9343802773,-262309.1032299563,-8673.81385228911
641349.0968504404,602067.499074087,361298.21049613936,583492.2555164085
370735.33857430017,441605.1831437452,194034.45501768717,392044.64885059674
315298.3687112252,335083.81066993147,228792.4196071613,422554.46605945774
651503.2950465102,646959.605264294,468083.9977448116,659348.6599201162
533326.161421333,462405.4802217204,385679.0809650123,515789.6992205689
530557.5242537652,423171.4189163429,396316.4309457246,515692.89712829224
245620.1776454344,250828.9531522974,93725.86455798591,257997.80270110886
-34159.31332989456,-101398.14815119677,-234738.4497802296,20009.28133872425
258233.73462488106,192952.24125684437,74769.79089133989,310803.45592442434
-70203.44959096878,-234220.1860313079,-314673.1522705605,-157017.95293555356
262350.22695864853,181726.07812021335,91953.6882732585,267130.51490646217
-27619.60686889582,-22537.415777995775,-204435.80242573557,27845.563400123152
354804.052262865,313349.13014751975,151905.5410800887,345070.854926351
-110812.93230950367,-107761.25863135688,-179684.48153129825,-76496.41272442159
58049.74455076165,86488.63334723923,-110389.78296695312,56620.78807642392
211822.30222921714,95475.45657767903,21249.647097244626,218392.85536066326
578596.9976154254,527035.9662577363,275834.8740112857,538461.8944890287
47934.022516297875,-38111.52198995778,-61538.108680272824,37138.331633964204
117540.23699370073,137800.10858189687,-26136.671841617674,177593.28715290944
-122080.48346646043,-122157.90430675115,-204975.27119024209,3794.820103811915
-36863.50543996651,-35324.01596197649,-180488.37820628227,-62373.36511156929
628866.2213890092,542769.6661627274,394866.8082670899,719812.2506363706
90578.6053378703,24658.842138026026,-99542.94643758633,66308.75232755684
110328.38340000669,54480.12940438604,-4851.618469372392,109947.71648924774
-59033.52895480575,-124978.64009044314,-289336.3781634442,-135657.66401842865
499106.7885790323,442328.2549975811,391045.61957294086,471730.69471141836
465640.4115807009,336666.38284380187,208609.16007183224,389201.09592750994
507918.9728599213,427381.43636903295,340476.447685246,436010.4635418032
581499.6832468107,440331.0181646666,246986.94687241165,499846.6020969867
110767.30906469945,111845.07070230099,-84676.92506976973,144975.22674848745
154487.88906223862,138029.0299338156,-35867.70058528602,156441.99391513504
-49492.74028900906,-117342.90235695534,-282506.1879623468,-99495.72433637816
365713.6101380497,342342.85706175584,209317.27592284628,384105.76287336217
470957.8549125858,449318.9561417019,313458.482349689,505258.7029390957
649727.5860401962,578057.9082866006,386014.2634690404,699056.8208789027
246187.37604171457,125695.26255002583,118750.81031096063,286762.8635200382
34104.00611799082,-27766.88196395745,-126611.59453905892,28903.204278010293
129042.54277035617,73055.56170476251,-44383.39182228304,122800.43175905419
577588.0204964278,517271.0417527666,377505.98339321837,731706.8385947798
89804.78625087766,78281.83868180984,-84207.85130382923,114363.41355865006
-140620.32970258605,-141050.21994698804,-208241.50306041935,-85793.74709801713
426284.2312320949,364846.5538139298,226405.00514840952,414792.73904380365
54403.58436215168,16633.022276791162,-103392.51091816823,51882.70320304204
265667.5544350834,281050.00864455034,105478.57734808791,204172.10423605342
372297.75026272435,389420.41912848,195269.5884152815,328428.20908832643
532430.7769355433,515512.1077475983,383968.08339264896,584416.668459649
61700.88239223254,7889.768878070638,-58893.64151659503,64153.10242198163
56557.31217768893,19181.590526195127,-82248.43249380868,40446.48177980713
144913.67062569584,46590.48067791527,-51197.953876221436,135475.97351880767
72954.93312757555,-9865.45032970258,-105221.04794662457,52912.03002840129
-61950.0330933893,-176061.60420872853,-272724.63208537915,-109963.67442491004
19137.722768601903,12389.6910607873,-122523.6343231136,39266.69164313411
556102.6576060026,482097.7850376081,375774.522496862,589053.665273522
248131.48654362804,163110.97665596392,-143.07748261012603,138829.42235015228
-29476.283446887275,-80885.1889885898,-277073.75438388414,-31485.775131429313
641766.7692589809,520230.27569558425,413316.00718522293,628548.0418389237
293498.0706021171,281912.5324553092,123941.62186229264,344211.6514562449
624480.8262797175,539333.4268750842,415502.91672245844,581672.8685444593
105011.09770487808,125304.39778049651,-153434.11477573402,77885.35230127326
-39872.21038007189,-49225.14052086981,-151348.99289866618,-24759.710711121385
-86211.0587513895,-150493.06771186728,-214600.38708100945,-75133.98677714448
487353.45749609557,396927.02570118825,261933.600805689,393344.30653145676
257385.22853643808,134528.40211909963,-17275.942435138742,136180.7876433665
514340.62995269685,446362.6605492671,301238.49036613014,536921.2315543529
406319.1175028621,361023.63097362,196634.0309870618,454049.0271415699
169333.25990578684,64237.99100852758,-27425.301606179564,209775.23317200213
545760.6002550273,475894.257849379,289925.25516234443,536446.1935820249
154187.14828823018,112325.93067529995,-28594.81173959712,166924.83532469906
-36304.11524392385,-90416.03072867997,-255259.6154215607,-49876.999499267375
430309.1256735922,403853.0935948057,345019.6398131609,498830.8411336056
588905.6098903061,501181.9674117409,453344.5348032381,557888.6254028024
358646.6715870516,313128.11982160865,127841.32569614798,352223.9578575264
173903.2101040819,183280.6233048687,73129.70063951204,230700.01126564166
-17261.518040380208,-115890.98809109174,-280097.61014298495,-79598.04769041733
112195.89208109968,-42764.84426513541,-104929.44547827158,56009.2654890758
562461.6755733571,554663.470503323,388658.41133722605,616735.5610355723
557206.5768033031,503939.8768170392,365775.49095069466,541222.2819402562
-6782.1957362887915,-96331.12808771536,-210090.96236420964,-5334.936200582364
-2865.5219258771394,-17383.56117377279,-127428.42134975246,-34081.30313009559
-72531.61975079315,-154759.35067406256,-268643.5221385431,-114717.07696779369
518562.43225126376,551162.8953728986,386261.6430424992,616041.7558584868
147909.1195835229,131587.71907437593,20881.649321803823,162354.80627627042
310159.15069283824,210887.8499577978,176905.36177637323,340510.50630888075
538113.7963598516,550346.1288776437,325536.6597211254,645305.7466442862
664647.994411157,529526.7680775344,433786.1616287719,631971.8734070039
348111.8298770385,419494.01268326014,133604.43653306214,388027.259038361
426568.17489912163,431389.39217394544,224109.6950145245,458193.7511267426
230506.7563010048,120940.24747604446,5925.334390149917,267216.7605334638
185351.47375182481,205266.87932104117,17418.757969093393,223156.6258635983
113708.65342657745,68826.33003890736,-52722.79657016543,81145.09787396167
362200.1043497581,359715.0616411412,256370.70872234541,347134.0945842959
534183.674905681,471587.3874279184,310239.1739571617,469219.92946490785
208252.22144670878,158361.02416233474,96096.79309145827,357670.3031245612
119419.18620010733,87291.92805180198,-11716.899404098745,132594.04770026484
193334.7863006245,212143.8183511527,56442.00807464961,193892.59037052433
15898.920626020408,-42521.68726215855,-83471.62882358802,-48319.04533060151
568625.4904901097,441793.0144267961,302192.47962038545,534299.1564397836
204448.2453043554,160510.36099343037,16715.79895582248,218186.47115196649
363225.2888724407,370260.2995289649,211276.08531134448,455725.58377885935
-133436.6577209006,-227024.36471308838,-309304.56105136644,-160656.09435027704
302693.81793051574,206054.3937427717,93686.03670944856,314875.41227869876
406434.56026695366,327718.8613816339,237402.13625367812,399746.79556951125
162706.33550372615,167943.18993714545,76689.275839702,180470.428121196
647874.2892074855,535054.1534349774,460307.79278330214,625807.8947580163
414313.79248295573,440508.1166664233,233911.4428710806,437840.01234606793
-92400.68133900984,-127570.78374579619,-214046.8786915965,-84007.4165187187
7161.100107804406,-116463.33888088015,-170365.65222015663,-3326.339945814747
205971.89869047212,159522.0041233853,13965.454944577301,196488.42746118456
-44490.591993052745,-76041.94064163172,-165101.2627660635,-56816.46838208457
46099.376296586124,-431.25670844502747,-143984.62689280894,71440.60413309792
-30714.82743651129,-47459.60450035881,-184093.75238794315,-30249.644535130647
382062.41624982795,300213.63441477227,196577.27106175188,419598.26901943795
275198.4641460908,209721.8054305138,68909.67538912722,194756.05995704152
388716.8109963946,403014.3402216203,256464.58845320693,467665.92941927386
114553.03210469463,11716.792467511143,-108845.25571654341,35697.33655389212
129204.00245942164,-2354.155867194757,-112006.86822805984,45529.349017154076
336022.6692599738,208521.34398648213,113219.92788999167,290757.86545609124
204678.474164412,158299.05665915564,6299.255298582604,205472.9127429783
276054.5610287625,293656.1980272444,175696.78358376643,323475.2615553471
654491.912702586,460568.5094106556,331729.5584018907,605455.2118835633
190318.53885158,122294.59227823757,46315.93021212483,215608.9923576021
208530.57456964895,201875.3562267865,26299.59067010705,255933.34595971438
283171.36237277987,220144.36621400365,92632.3027293745,263129.18050957215
523581.2268024157,483079.34221411904,399648.065423207,602277.5452482994
-32205.38945111871,-80127.08600496117,-167769.54326862947,-11786.800577803282
572619.6011280252,550271.5406389453,451625.9818081312,586891.654016525
3463.421741445607,-5166.520691956161,-147765.88120590453,32481.133625565446
626403.6576104655,510866.09617532045,467857.04963342624,658051.0960818531
475837.8910311727,479976.03337491106,335011.4027369374,545485.2058795216
161963.79191768658,105689.02462955937,16742.703448163345,213320.89962241484
584260.0735249773,451897.37484847254,366526.456097338,617447.979402286
309178.24752496416,127377.9773837782,45904.02687834727,215554.07120417582
514675.3894692332,436560.5213933983,287777.156784783,459167.1203413806
377457.76584969717,327352.76493225584,162121.83805506083,360297.0256646412
453967.6327173234,392689.5960035325,227322.9828979884,450438.1810578315
-91138.96339083061,-162214.6157008314,-240753.6215646732,-27027.318007865688
322671.8721523351,263833.0952006682,163041.6098941347,351174.67474034894
440700.67044110957,368702.2913381194,284030.8816094226,444737.48664414266
456672.34338680934,365006.8016707731,295442.6989848941,490317.14216503676
109984.24080683268,-56982.169763696205,-184593.23564114573,38107.79773377592
180374.29559078277,102888.99955671676,-83424.14190475736,172346.68180137977
217912.75217358954,198967.73940323666,27129.51278727711,280288.1480745998
-139078.42227602273,-210184.0404454706,-271885.5922468404,-117399.2664550728
373800.3523299319,298032.6053488961,207258.1305351731,405907.76593292935
169144.70847027306,48130.55430362467,-77862.37092614803,107902.8876932679
273021.2958653973,204129.86359224445,95256.44702876452,214641.04174657376
648139.547597623,555552.1055887202,463034.24258926103,603631.1781512406
-398.5125464510638,-59863.52507793327,-229662.82994160644,21601.17475296033
383010.9967995614,312887.4737071658,160524.2495564212,402233.38216507656
-148786.52121440315,-250356.08275580074,-343413.3960404595,-157326.72794981883
157196.6623667155,124129.01092369715,-90489.5719395735,162481.32105620322
248492.3242780997,154082.92171888414,21119.716798555106,251920.49354190344
16178.062553360709,29176.582050316967,-70214.38073592167,84076.26201521
-96272.60866056994,-213750.20389217196,-283953.04473207094,-104024.00846247573
364922.30409830867,428248.3051176317,190471.892200946,428330.8644818764
303053.7204152945,183029.00705710496,147692.45084656146,263180.51432894496
-31233.73491204146,-538.4787260564044,-151073.75110854738,39604.47575425997
376064.9009472559,357157.55820592435,199877.334333834,343373.6721665906
589741.0538088861,521000.361650096,419330.662164634,613633.1316606796
397952.42441925616,332875.4249058296,218828.173798832,409318.77567097906
381973.0341044541,338325.1985902969,189567.22004929325,346056.9972887238
-62022.29213996563,-126342.23789278604,-268734.92661371484,-83060.80642966414
-22191.26299451571,-21118.478290944127,-62462.52829499694,13924.687219827552
495609.91220702766,458509.9905402572,280091.99948391283,524566.9586352886
34644.781444821274,61275.79933135875,-68774.38122571737,153372.23422529048
70208.69630492164,23080.319730814896,-114363.30333030655,27680.1222620107
669435.8768862106,617886.6110578096,403607.5905342285,697894.3684170414
4616.7610943205655,-40714.52084103861,-230218.65669322642,-63277.632331429224
344549.98652498994,176304.36422018753,173693.7029937486,316310.00494271144
19364.407737020054,-74142.76817791734,-136176.46666541026,55612.94221886748
-60962.02156757825,-105248.42247455235,-183187.57554608502,385.0017141387798
181657.35573654133,83249.13342092768,-95486.28388165683,164132.67654564895
104316.45810706692,59903.59262852906,13695.07625466492,131867.66477267246
661810.0507944005,604026.74015004,411741.36146271194,634996.4309116306
-17400.777884648705,-18460.101948279655,-160916.55498977285,-17245.84836726886
339782.23391666776,278497.5223240863,89056.24966022104,353201.31030939636
574302.9747162533,559768.457885165,417617.0861316124,527049.1418393245
693848.3320190103,509951.741477787,485183.9605662209,654483.607356492
496808.77508732106,429186.8966720712,262336.13330873894,365709.4890993077
340113.5294357847,218675.26290078333,189155.03535794467,321701.9956128114
599186.1197310439,505364.7623038613,314672.7200075459,620373.6418070102
-146787.0006326121,-149855.65483649517,-276172.32455973,-156208.06956630008
278930.74233655294,195268.70262947062,64932.32056650729,194979.83907675592
530118.405180474,544807.8856756038,303329.4473533585,506821.2969782095
511782.0882612732,425171.04227947816,257184.27629667695,462761.1639459997
390876.8405554793,327080.41878110403,212690.70505424787,405029.9262049624
298665.0307739887,210112.73722125532,-21580.58884243935,220530.27845920937
387739.59039936017,263362.54119955306,137901.19831244776,317083.58943571534
248209.16448139423,163590.78649862506,30047.34227377514,173657.82228107145
141853.66495453776,81501.93425522593,5595.017078802572,203828.27714875236
229451.1134258879,165589.49956697947,115204.49399078591,258988.3695453027
-149494.41285201017,-150458.79433817108,-250854.1024533707,-98446.27607733046
413802.7675154706,387536.9723004941,124378.54596411996,435516.92317732784
150335.29725702992,159558.00578673347,5014.103213423165,145995.75884037372
220663.8115326548,229078.7447138495,56809.687152033555,298563.2794555705
-17547.95475572144,-90849.37115745916,-233201.88275736605,-115971.16960176901
-164151.19084923685,-182342.82183409738,-279016.00513425353,-123781.54964201292
267724.7106054721,183671.04231815226,74976.30788933928,258500.78814436437
673337.656575033,641093.7770585755,411455.36212105246,660785.012396489
524126.33364056796,403466.0417192591,292971.0844898713,529809.3837372379
-77892.88617058011,-52282.98073549796,-169696.81578062655,-61112.22677808115
585886.8158668939,510052.90104563674,417763.23055134213,628811.9990466915
-108327.88778582879,-155416.8557650759,-308716.0924090323,-76731.83059566125
309896.75433326827,246279.87254888448,68086.6401724437,310106.5784102995
-173727.78197097534,-215817.71555007435,-336179.09910752054,-157281.02079186222
-96666.21874862182,-129190.3020149286,-269252.8726755479,-53103.19532266137
371450.880342211,342200.29176229856,223505.81134321098,335575.9307578447
398631.6940949033,338826.8907397201,260234.71132954198,437547.05282123224
274546.8634170309,287698.86073434446,79834.4689159107,263534.8352488966
37796.18307716632,34047.37066692882,-125067.22953455197,160831.80466589658
170965.94790006336,183817.75285449752,101279.91771312186,303120.9004937211
627521.7987325247,521598.93822946167,452364.7114783445,583102.7812199655
264093.0321727466,203257.24618183437,79035.1295409099,242701.7963807811
290485.66288641,190806.2993266211,46036.68039809447,190443.33057064912
-56345.0264903768,-168919.176278801,-288070.47155104706,-110705.45302280126
314482.9655994553,289939.4624440841,26561.21116248169,328569.6578443174
245080.20087368635,178203.85750020482,74411.8255368548,270067.61481067224
70731.02702378866,-39975.63061099994,-169966.8833491698,45445.30748356704
656451.8012769104,595438.4533532474,448258.96158187406,672378.0997970956
406294.80807307595,347168.3735712115,180095.50241677195,398260.36799486575
215040.78933052626,182234.60928821855,11318.262941157329,285670.29767489457
74933.5088405204,48006.49926582526,-68396.48536475468,104847.65202126536
377485.0540315788,342182.6217733446,234915.28945047292,407798.9285028543
483176.51286265196,426307.3256950348,316912.8073227954,502538.1860334581
74313.00804626779,21264.7904601997,-180320.751195991,60270.0467578246
417842.41083059506,401916.160531649,233053.91035138082,500185.6557504911
-13982.574844125193,-15368.594830502407,-138629.77936069114,36819.38481055782
553654.1583236463,503532.9615382445,327705.46694591676,525027.6502070361
172183.17343655543,95457.13289048895,-23120.19746087189,63914.58454458858
763205.7692718685,577208.6222785308,415496.0928016893,754381.0189279853
661784.002610438,602257.0772398468,429948.78562847164,639271.8664991872
499344.5334151358,438049.6571822413,293124.77145880193,465533.50146215176
630041.6767413216,570681.4752569029,455212.30537279986,722457.3714818563
70228.48372122645,-82921.39880608657,-126370.08069810708,20621.79522358498
328430.77093540237,252165.11658058397,141489.25073860458,284724.18107426155
266575.92333007324,109425.95851941663,19469.241013523424,251775.6759653982
574201.9709188626,400648.00659896026,427606.6148513431,583362.5481551562
31914.348385392805,55900.43830434547,-3794.4629684861284,104238.69554393995
436533.1545188825,283702.7087517099,229015.6292182085,349571.70219015155
327172.4909503019,223950.98334232834,224726.10823951557,341450.90773743275
125.15658082731534,-41682.5410124709,-136648.87918662542,-26170.96061431151
120964.2759860832,122634.58481487341,-14490.683796516969,113219.63224947546
158215.46710204124,147403.1094374681,13222.95334936597,189785.16521545022
156182.52719500067,70001.32853079762,7981.61989426834,99770.71921529504
508883.1466916539,522221.407541594,327426.84906469495,556983.1392202547
381849.5189435943,327807.86567424424,137284.18841507414,354503.8034524935
151322.60960072337,18523.27224503865,-17188.746568142786,129780.04464027123
28276.83732401498,-64205.483512068226,-160196.207449731,-60595.6887287891
448430.2298537084,376652.20637157443,286488.496609978,442746.7399555659
113478.52824499004,142761.3107037258,-45789.9023436791,99892.70346344088
308667.22880005254,247237.0547197885,115130.2879463376,328915.9517300612
484884.3672499027,458304.65658496844,243423.07135897828,498071.7273908291
608850.3019643372,604103.658221521,401446.83022697933,550602.600897199
650902.8382815903,605453.8581418123,376224.9624539381,669026.3300917072
213711.87222596467,132010.84256684245,-7798.68316520669,251271.83962808643
-91764.14248361549,-113983.12612432241,-220076.60416151636,-51961.530436244444
647436.1109549969,527235.5429511529,390709.14425289957,608847.6129343892
499120.5566373874,515904.09157403116,416030.9352413836,700407.9782609807
622584.3299459601,654398.5675416566,411436.668873177,682469.9989870396
406964.6454015488,344682.43035493826,210582.33752059704,421609.60760536
96082.63233277993,46236.89813006914,-87112.60901688202,52328.057824358344
475651.2636616196,393151.81031183794,305012.54157942673,455369.6867205845
415043.56542433344,368529.2974821732,295625.7751992423,486877.4275329594
688869.5568854515,538450.1776123969,516052.2848509272,588943.594441958
726771.5179138561,707284.1870552253,495767.1209221928,611695.9216678431
87843.78663052048,87408.13216504769,-86797.48539866856,132613.94394738658
-110707.31815175881,-164832.8004836109,-294374.98407922726,-67874.5239632855
-52934.13463821559,-40425.062187961244,-158795.88022201846,-26568.808346490783
232498.04979149974,97888.78271263803,-3627.862716829288,140056.57682023803
99284.9798040851,47759.01800564106,-152033.86329504364,123558.5784872711
14886.822061880957,-48175.7614007403,-203286.7478125668,68598.33794528956
618273.6195541336,571735.1740311706,476015.7543547546,603141.0421624212
207920.27162345988,91743.91000788996,-27303.12896639353,241269.5453435491
633557.800006131,513478.2494240585,360465.1174330604,627076.6053685399
636333.2741298794,539944.3657122466,391693.3449842443,544750.4931342292
210394.32916811144,147542.21587371593,-30818.775950525305,251783.47872046474
454187.20245083084,438635.04489237163,215801.57665787847,528401.4489970327
618413.1636202838,567347.5734655189,433011.93004938273,615833.8364115362
544821.5217289907,389361.8876158644,293044.99279120006,466912.5760878663
163647.5712525486,61930.33642560919,-137092.6993392032,94734.88139977469
321849.0191641847,209293.5257703819,192897.7271727639,293981.1769283564
431266.95809292444,396717.16261592554,297940.39268064743,510391.1540616476
349684.4823104023,272256.6982848459,96187.52943552996,275576.52016107494
-86497.93687587732,-214633.52173148026,-273152.9935902005,-131404.6012478185
-61302.54315377952,-64991.03172947554,-194792.6389513244,-34900.31585021585
534933.3983101934,424207.7120305925,363087.67913196096,500153.6230118193
-62531.21292324399,-130839.99736501393,-214129.9805951527,-69061.3271920202
23482.570701177,4078.1768420831067,-104759.61918366281,72696.08568464452
22382.074109784095,-88968.39988741942,-130573.09308314486,54797.6671255792
-148879.73727341054,-150560.3447484146,-292325.74604403385,-61498.04919040593
152629.585599422,101942.62818949146,10785.532441208023,147594.36585386714
-2444.801548248739,-67530.83356705296,-139593.9933033263,40602.039378774934
113225.80835316831,83672.1395413439,-93798.89849269553,168467.10299643292
586316.4686182814,459215.7571993873,293320.53395767976,500856.2379496695
146756.5915935993,123046.10715414851,-58300.0212596457,82614.39691414475
243362.0392724846,205510.32695222797,106362.0059563485,217830.48260826722
566704.0808237337,551834.9221814529,357715.6868771947,596612.6220480329
565172.6995565172,463292.9268713251,273361.320809413,468079.45903000026
298304.3586029742,252906.81152092293,147435.65113739006,336766.4205244229
584113.2600729093,622618.1451307894,512615.87982348015,708074.3453997886
-75868.91955552489,-87526.41356657888,-162684.5765426107,-33457.94203007169
195949.34509097738,146540.49253158667,-11736.20747590845,234663.14183762332
563478.12946059,548024.3530020125,350489.7376202268,585243.2382868857
575519.0213324565,481563.8830066138,374851.7271397122,568235.6401825917
371626.84909723967,260735.67540394794,116026.80753560807,288312.8951307441
139521.6625229919,53290.4975472393,-102789.47939968936,143316.70502645837
-102954.5658642088,-216230.73650225624,-318524.5849517542,-206563.43128158117
420690.7370523475,321473.9497153987,175546.18280628347,458603.2805183757
658105.4506945123,601409.8340868489,496120.94479683216,654073.5765882938
38852.42179061752,27580.12281344179,-52051.85110656521,100061.58432050748
87955.10321755579,-14617.261351766298,-196079.5518068027,6458.457464976178
160662.91326287796,22076.9445889754,-76466.02806055173,169690.48176545138
601568.1051907816,544901.836787458,378090.4818120231,557240.576870169
561191.291727016,547301.1775033146,415003.65064794396,534792.3919610007
-17163.1157504344,-8746.053227545926,-159696.32950732316,-43584.56110700703
-175160.76713365788,-169720.96295537235,-327567.3410254443,-142351.4862599406
145379.03896173334,127453.69749021763,-7890.191521592904,114851.25431939343
600929.3353257072,511293.2652330736,408390.27116139384,635031.4126289715
238905.28649083397,117478.41471844702,26851.082500448916,162371.31804264826
676148.1167139644,626591.8026301814,546388.4960432445,672508.1058618715
234600.6523287727,195604.68307554768,31275.735394874937,215942.1312123955
364533.53808332933,315373.7822813479,244905.9129682209,317123.5086985844
392422.0389514549,384777.8946541019,264418.02743404824,396798.05126074504
216734.1086085526,158919.2814214658,99444.65303870279,282367.26485629275
599869.5950673241,461905.4144476749,377477.61458427564,646445.8116884779
-112482.07961248432,-127460.1277063542,-291971.65474973136,-125459.84608929558
417935.7841171089,405489.87833452877,216411.23410042562,489300.8986123045
362311.43563699734,323234.7843235746,178672.494881485,399579.9401770249
200478.81718246872,115437.97606489866,99517.3592901947,134754.5336572344
198886.82523820782,115112.10299964936,16731.164817423443,200822.27153609088
409625.97181849426,375733.98366869625,148211.47988887446,439514.9321108543
478968.5641020193,371599.2462617671,369795.30738450924,518669.25872980384
136886.71028231794,134000.0148374054,77100.76815568504,126242.60718244128
-24035.56499231147,-105274.6183122812,-192683.74713019858,-14274.812931065215
361380.5003766443,406149.28249823244,261798.37343446328,430653.21928285866
581410.7737009341,514693.68022662913,313375.0365623821,511138.04726543254
378095.15993460943,282667.3225751029,204060.72897178866,432522.2098349129
197360.99390327174,113928.36330304272,11113.350355815957,191460.70185540302
203623.89158608927,208633.94756165612,123304.32922799385,163063.11607034178
53354.276869148016,-9353.421485965606,-112291.56565959333,44017.47282310249
68728.03479729826,-106869.5760169822,-157396.11232725804,-14654.245066582283
203591.13718800922,272153.4577415334,34579.80107828602,303806.65952671994
372546.32894688984,348174.4407226301,216800.08908355318,436289.6246828061
574519.0098102731,545287.2538204417,380558.0774594118,670640.4558635026
157872.2364540085,103253.61491736234,22497.69009369926,169431.8192067463
-43547.428102953185,-39405.27963585587,-136108.83331719378,17048.69161306502
199146.24238748965,152219.84297544067,1277.0297562082997,121765.7208436873
385844.58080898225,248278.64249399747,109217.87968593207,313337.6337077867
-118201.31408653187,-159356.3003216021,-318076.09551225975,-71839.73773567547
358753.53657070233,278995.1489411661,155089.69232565246,268448.8779187908
502235.8334588704,482431.29616878787,298178.563644183,552552.4241878786
602949.8521153615,514636.8028850106,341056.3504637623,522206.3493303695
531111.7624102975,469466.66357217846,363429.1657923806,481861.4773781055
252470.72097076778,220725.27765995753,89505.90662703908,293884.23237048683
634839.9250091466,574056.6757057635,371909.91512938903,536956.3591022631
286200.43237457296,236930.22631555086,212895.43465515203,377442.6139228259
-39608.18643361295,-90076.69950258138,-246587.1409325665,-27510.01674391789
-63704.68960768037,-143221.72046829155,-187383.77358914353,7284.364672134514
-55815.389160301245,-131673.08991850977,-251980.00764033606,-118899.67018495977
687614.1184424723,660882.7048152876,386155.36129028467,716855.7014275757
625485.3852449283,614832.6535541392,383019.1073029395,609705.3129725733
481068.7039972737,413258.96164347045,263790.55237207003,492152.24641878856
633630.5066089157,620941.4719444504,394961.6259924143,608310.3881726735
244058.95825173624,83985.5907023428,-6125.459233670612,202336.49025654164
494635.6934795553,464093.2107498854,333361.19820234075,557162.0531617566
-31785.172078139905,-125805.95379126666,-178362.56678622618,-31613.66181845829
750995.8230633589,660897.2650484957,582203.2700454559,860666.4620756211
510765.2213366763,423176.3195918754,256108.55233733333,474711.34340191167
-42050.4215407935,-109459.00498628902,-198539.94358504214,-29104.68373521499
-78141.68673766096,-141297.6387619645,-256404.8075198544,-45655.589857543004
719694.5316771246,665862.4640498052,517743.1459837662,738603.1356502064
346787.50760953827,236675.15841922094,122861.3105933317,369218.93409449584
572901.8162371034,508183.68573975493,377675.069730734,562423.2423441845
69568.44958721031,-29607.056961259572,-98914.0979560474,69995.15473682561
295963.927647223,296158.2960702629,115257.49665933917,334530.43139877415
675210.847855547,719315.2275540789,468155.82788412774,693489.614635013
34475.72549324599,14396.41985456401,-124334.22467441915,77964.91844926798
659693.5922768498,495655.6672476989,380668.92695917387,597941.1432952916
429741.0070667984,351835.15623728186,290307.7446219238,451429.1068124545
311722.8547512379,321421.66474467295,202214.4904313843,417900.8527485193
511118.75452663074,311938.55150314246,253325.47749384074,457393.30035630113
479064.12065378134,466404.1306695825,275995.98622073175,537087.3555401439
501189.35030957556,417758.8086438002,283920.76225357724,437633.43030176486
442131.42927720386,387181.7483443583,316410.2484818036,416780.84488461446
415273.51084964664,350091.0545879123,196274.6951336834,430625.74702953093
144195.0784670161,77114.50484445482,-120218.91064107243,92837.61945248768
214257.5803504435,194650.7628960833,-15481.22559331439,154910.88528382988
59705.352183578536,-44423.606732692104,-54491.27940000745,41295.620062817936
356728.9179618122,331968.88048944576,207008.10150058882,450083.4759340279
478057.35774663545,340562.369737681,272908.7902521341,452543.941109573
354956.42349497206,356767.2824338594,173642.69569300953,392245.3653491199
266520.79446218093,244502.82927175867,151123.88270793715,226451.13972216868
176479.3930614784,62903.452061379794,-43926.032226590905,192834.3192404937
244810.62297486654,197824.5609164969,120607.37112486362,207284.94920039526
73954.17157373717,54661.21844513272,-119255.35181946272,39933.58569113421
647274.2676536231,634647.0970159925,528852.5579543571,679150.7330693761
-94060.7734256342,-141870.08141669678,-271529.32776712056,-96658.15358267294
343049.01498294156,272087.9765913406,42874.20862112846,390167.0207593973
-167758.23493904475,-151140.85911786166,-214725.2334179883,-103712.71517297003
128417.45143903722,103112.39591092989,-5534.430300849141,86764.63143270672
-48761.446036307316,-4736.580096364603,-187129.03415181162,-17488.408988526673
-22792.331265685963,-89657.16928458976,-276019.2659441986,-14737.359424311551
258508.86230486888,206171.8279889035,72810.16010697896,284671.8470693021
47742.7576588057,59074.82882507576,-73561.63847734104,75376.63699800929
443769.0146568095,472594.06928479485,269640.47471921856,479395.8215872956
70852.21999561496,15979.041438112152,-100099.04128874303,42291.833240852575
-22303.974612636026,-71753.78085278749,-219177.0863987567,-3283.41096800135
601361.6741524986,487963.6443242888,362353.94754642365,582074.9306479055
-90900.28804836265,-39833.484860366094,-249484.07275512978,-17633.998599125363
607487.6087829757,461402.61472827324,387802.01032230584,477754.2823510128
477488.4653276121,403422.10974010604,323616.4776750691,475081.9675565121
380181.6625602887,352731.97659460024,244972.10653651273,442546.2433768392
669233.1251610857,521521.42221597047,394179.5736741744,663085.3692489772
36971.7341953814,3844.1352058493067,-114973.44812199497,83888.67591661983
535207.8771300975,463454.61620955286,359741.4792301204,513606.2036648232
-130139.68025385082,-193522.93484280078,-307747.44656613533,-141580.55249491986
349377.78776878933,355170.3585753114,129682.93404315459,294825.95453790645
684352.4351759106,553322.6961210226,360160.79004959983,608771.3308773933
98070.32767584978,-3695.678477846668,-101981.04362403671,60550.918805768015
302562.3131943607,287324.3220887213,160975.28928614187,293562.59713215905
360889.7861578263,378410.83302421984,161685.2009466648,518853.3784514195
-39515.13375146809,-72061.33071355254,-171138.26780990453,-15449.473243080487
49319.08093917102,16619.242401216878,-118475.8867183259,22976.08677597769
375639.918251988,373539.8004373866,178341.36297706258,357497.69627933565
278544.76310659794,208079.56100533926,101919.79591600795,204054.34826298908
357214.2662121211,261881.68135643587,89552.05357865104,329850.0092923655
114213.86271735921,73707.06050180539,-72806.91245429835,118775.3173147547
86178.26008023857,11379.377652697382,-93038.80476477137,140407.16745054303
496580.68014538765,477493.5119777677,321088.5209706265,430461.7836038262
198173.37533549115,149579.80733555218,-2386.817590796738,163750.82693850016
675739.6565182589,511929.9966946135,401167.03977837646,665221.6017539168
184504.03891689866,92669.00999117584,-47193.70075103687,156500.404637318
290971.15630635596,189564.16732711426,76826.11093919422,226201.29230075527
415553.7643392114,345539.1855787588,252090.27203497442,308729.7906563593
127395.22680742492,55141.62767835916,-47337.05981771287,176483.7801277486
480423.77999458543,362091.11484729056,210193.1014778571,434142.03560009017
449639.958629064,308613.04874362843,209610.91514746472,368388.95037616254
587225.3900286886,620876.9553639633,436136.5347139196,547084.1266149656
21845.469816495897,-124450.57099859777,-215116.68002497102,-67148.04511611903
222317.32187763834,203106.09250725503,2686.714068734902,288602.8261413098
516021.89842402923,577526.2656597246,304300.7308455631,540554.2457191588
-173356.98522947187,-213047.9409489974,-286802.69264651334,-181013.43146265694
-127383.60654471663,-172564.96459813043,-235552.11726112757,-171901.93858435098
727115.709136196,702500.9988044265,551745.6458020901,728634.7691308237
8837.955569478625,-17571.292636536178,-199316.72501988627,-48357.25041204982
-6593.37010177609,-84381.74386649439,-170923.2587211202,-15693.217573405593
8626.61304637458,-35214.59015773737,-141491.94790882757,30183.884512376506
-144180.33346781245,-168155.3491770354,-322940.68615070044,-112220.38269569667
763823.1702721873,672377.9663037464,541326.961746367,754885.9306881109
296269.3089722054,197555.80491710012,60852.63979728834,265493.4230224162
671452.2442706327,586316.5068390707,414267.5380664192,665434.9651925382
-98116.76689817081,-109489.19061540283,-271071.6176707657,-64735.18943981809
238407.02374862705,192839.08662725182,8453.125094929826,195098.51077694935
-137696.12117296184,-187867.5577872949,-330819.14945971826,-235428.49733846606
283248.1400660847,257411.26834501058,85270.37598408281,324002.1762188249
239902.88713977195,206527.5080612934,9967.468976254575,215153.04282182653
113985.05271182803,148734.456336224,-39873.69024703209,95275.35531285021
25422.529767420026,12540.258063947898,-27928.997032882064,92716.65873753827
-59087.12259988021,-141764.04261549911,-247644.6001883332,-123766.63556842855
338134.1418713067,274694.514518069,101291.56323894404,325747.722347948
-36349.97755257564,-141095.73604273022,-277347.6460470973,-133350.8302285138
341522.4032314721,340945.68396811315,223191.96819661255,360861.27314720245
496616.1524041343,470351.964522206,272667.3674441817,525329.533530467
406454.992953375,366423.2843325905,344176.5361905787,451654.2188100538
340217.9209807437,292636.93331346347,185971.68372050126,315840.3604531926
-148897.5819833108,-145713.3359240627,-248875.22195953864,-96529.95773037779
-24615.381340172607,-84023.1914166318,-168046.38063600392,4765.262781376659
588873.8874125818,563073.9289968552,339021.24444009294,594690.3072026281
743899.0001698628,684000.4540789095,469768.46415536304,751483.3351069179
-105809.31475204398,-145316.31926125212,-263035.57539489545,-87314.60964959441
705745.1008351666,514721.6367406999,437535.66768579127,704854.2759545562
-63120.85424960684,-166470.1264917286,-190908.544171002,-75941.82690013177
-136257.74944545422,-166299.93187377573,-272566.55036232615,-180599.4002646223
-73795.42874363932,-135873.5602936907,-285878.12415248534,-130924.74586372328
-83728.36363096355,-211175.24228052085,-218178.70591031294,-154041.62504909956
358304.3286375132,308778.1130059776,217889.79853500437,324701.624179484
149773.74106871255,111590.51535616803,-83003.44741866365,117466.76337316236
69629.57011088857,-106479.00451209082,-162140.47055029566,-95127.19360734883
-11750.03917588282,-96900.04019755853,-190560.28410041722,6676.608772718813
380414.6308910254,370288.3418904358,162955.6422980501,429192.5969925467
640120.2452896282,619355.0553024434,354953.3677615713,629048.8378273682
222909.466790132,134586.98190444952,-1736.9183329708176,248542.2015286513
-58685.330483123835,-107565.20200765325,-260632.6838172102,-44167.8789801278
530572.0098541036,537494.9993501084,449961.2783836756,619553.9409313069
122999.02301748178,-2040.7753207653295,5117.881800434669,87538.98062040913
407033.0275527763,352386.7298720671,297955.10128225666,403299.4710848705
467678.5461583503,349205.697573798,235026.24415575573,384314.85468297766
212657.98339021113,179878.71870389266,-3164.51290707523,231798.08871730452
483019.59128733,378668.22457682015,304805.406998646,415779.20484032365
-103934.2992982206,-112983.51755444391,-218637.02620245307,-138349.16757158708
413184.211903744,401271.57715232007,200397.68649801204,368711.38976072345
104992.12001071277,-26611.416535953234,-18175.433215572266,79469.53359914524
589269.352249169,597067.0512294201,410216.90357236273,609268.3928420381
-87939.37129878206,-137565.06878367206,-254683.59571080183,-48070.66453841922
-16617.917015012354,-65909.30926332093,-194234.4646778105,15822.945818628184
281780.60578966816,245563.80627663177,110626.25980308733,277223.40245865774
-69290.50885672844,-145576.68136552186,-231435.46047283965,1303.8854273278266
-132072.6130768431,-130580.6931358499,-310230.3135250315,-110839.43867102859
434748.5208796456,400771.80105656676,234259.45293808158,464995.6372893184
-52399.80928176746,-40836.83556800621,-198828.88849710242,-28445.681529518333
34581.680190402316,-83994.73545643571,-124148.43164133182,80186.08175508608
272497.67115931585,250607.22399494075,101673.02928050316,229627.9501524889
16188.573551798705,-69983.67781729676,-194962.17892108468,-26329.21681726718
200427.20770981442,154513.6370857571,10388.096418062807,230151.81047121156
553592.2490081682,495762.8980074894,411561.29806590953,610797.2597106798
144447.36205821147,137248.70486305025,-11359.188077811617,208950.71054651588
399493.54443003796,236631.92002971936,160185.18637922255,428873.3253878134
523538.6952630186,409137.88813595066,278867.2096331838,473935.494750098
636005.1605513052,586736.5261313235,424204.4186921689,609144.591044384
666931.8050917746,501306.2546220212,370631.0223182461,529626.9228569596
185187.65540282743,43003.065243216,-22149.684027642594,145788.5872846566
-21075.655479651585,-151544.10172078636,-214143.03373801312,-56699.06851304835
597964.0124067641,503783.5598133991,399540.4405177508,567573.3295159668
340701.4846421989,181042.11453675746,79659.9293244083,246369.1909795109
445480.36151497206,496065.2187298308,264711.25122685684,514512.0148763226
46995.61495707894,-83037.74349534686,-160474.06805488456,54735.67269199726
-90561.731085242,-175951.87600468274,-295879.34563233,-96319.98440572096
413956.5824273358,414025.2624175524,291570.7369671491,466918.9303827104
93507.0615272806,78951.9601741758,-152985.79836438352,111827.96286471654
349675.4907830516,239436.73648351082,168762.75643813878,313266.0342163914
121965.52031144837,79430.96449941245,4881.4538073971635,210778.55967641796
638199.0253469571,572263.3985895384,494813.7271449856,628956.5128302793
541111.7864954151,464467.8460897524,315048.12608754484,475123.484407339
607377.4424014373,615228.1138731476,404518.2836776116,719381.0940270224
329285.85681536305,230442.0727132865,149218.23658197897,223405.99174003932
465660.69033750135,355039.19928499183,202381.9844139435,379980.8661493679
418059.6619324364,391714.0678858311,242886.56549698033,464770.98087273946
38164.714471116895,-57317.88079319359,-218292.43910478102,-8327.158102442627
260968.26698213478,267510.23462176905,135189.05454430415,339569.75267398614
75238.82285196742,-49442.35731738666,-166299.9558607514,97562.73101760191
-39500.91073828592,-29666.582226607774,-212670.63522612327,-68212.8409705555
444012.25818930066,286183.1574003829,198812.52653743606,434323.966679206
195915.1106687741,99148.59826209338,-1119.258393694996,152306.9872622129
507776.95522263413,405914.1892812791,331409.3358011291,456457.0891562996
191931.36472352466,81181.11857298436,-15118.848883773666,160163.3083088639
751960.084089217,583693.8146582155,536846.4606892763,679538.8397357871
124931.47605117178,87791.93003778439,-101854.41466928029,83071.99162937293
282597.5181039885,281948.94417525583,222241.9829871495,334054.37474730005
625669.7049518265,589169.6579829804,457004.0448337862,652333.6125536577
321702.5139495522,151608.66452045157,103414.2205266743,224737.44165670907
321103.8389265201,235040.09286431875,123498.19608061446,315984.9607132401
292847.53390976903,201246.62710035406,119318.19329105306,357949.58748843917
169010.1297213505,106890.73921888694,-18300.939756474574,193313.67631015787
434722.31919584714,346336.254486604,298875.5791249246,427668.2014667097
646636.2405122339,547427.2383144642,413011.81050631555,642268.7519084222
95678.24071132706,51098.096732495,-89881.56876420195,136742.9013454531
276292.4643169652,156801.75078923604,111274.5069999285,242460.22041238227
526605.6559432804,497881.92413587647,259329.96906764153,484612.87201403815
86921.66547141375,36184.39585306018,-75288.33607128798,98118.19291043573
-43069.96300540253,-96473.84269268718,-213976.84546806169,-19349.11291960161
-17375.46239256102,-131818.94935229776,-243116.9239962601,-55545.1918031855
-8353.84751786763,-71238.56353798992,-141272.0052406523,-4917.1354521829635
54434.78023215069,-48206.40818492364,-112139.9625873369,-15485.993079342297
11198.612295218569,-31321.391021964024,-172355.050012114,-2428.597931263037
96341.15627666225,-34353.88642593776,-160725.56595480075,17005.067397907493
425918.9140342267,381808.93740881654,223309.35734832974,482237.88663688616
303677.71418441937,271447.32493429596,147266.6754219418,346623.47690168535
551173.6514359049,517689.37155916356,378007.44079646294,531835.3553119173
293897.2048845318,257553.54977424792,147933.86665324087,288891.40021582646
-163684.455957041,-219836.8087845418,-321231.4593416023,-189820.1085079703
232721.86261153175,256314.27940804488,51814.10534798517,238554.2076231083
-65946.94969018182,-65561.85123126564,-209772.63158027251,-63102.06718431576
221038.1533890922,152210.70457259496,67337.24627096369,131069.51140781306
393633.4766360441,230624.08686796087,190610.8585810362,330898.6471649923
627356.534800383,554102.5836668969,373143.6675670068,607044.4235197846
329826.7193232442,281806.07323364273,271459.1117420583,404870.00498473365
519299.9774709977,413849.7672617419,316090.94428670325,468477.64218196797
64561.470392500865,33179.911555949715,-95791.21105666365,76734.31897872174
226859.5616196954,265756.95414520625,72916.2167919369,322215.4964929719
50358.52274911234,-42990.69521355879,-114273.87150687189,41489.61656213086
66980.92654169176,35208.532227296615,-104260.33771349979,155091.03689476603
523665.54351849586,389745.5744705817,228495.49080757832,429979.8456049063
261161.35670352064,193760.2158161488,44995.04921504657,287611.7167591634
-114320.56578154798,-38587.026486033166,-169892.2852582375,-5829.763060017605
198373.86016585294,136573.47932836274,79552.36925883254,179696.468213493
266273.3407091383,155039.38586805807,85469.57192242169,236836.86051155662
725698.1648988712,649554.3643425624,466448.26236903586,782751.9793291832
-156732.24428698292,-137359.9022577862,-302682.946340076,-135432.79278942564
457143.48590765335,280855.94845802744,205565.33111400984,409281.1330108732
-116901.54755876464,-156985.47186458972,-320407.6715831104,-89622.34828711569
221473.17401124164,147791.91811642633,8888.875038938946,197709.70510166825
349963.3468814809,275751.23533581605,122594.03237048246,335026.90047743684
-125409.87335888232,-126294.53076491976,-288660.6206030002,-130664.64498723089
344364.12315893336,313281.49133078044,110458.43681641191,338704.5232572437
-33012.90129947115,-34309.194506948115,-161282.27340208704,-21706.451638675993
478604.4390902382,372465.3279124276,300547.6372000765,450698.2189574139
179352.35749813216,69994.26020751789,-62361.20973643905,110569.30594533344
-29422.941925218096,-77304.4502111689,-107285.30024602835,52819.754835743806
103171.33258499135,123945.96724715666,-47640.11800432834,115239.7681556805
60522.56560371106,-20755.150698916754,-77238.28557856393,83392.82686643128
-95141.42547936301,-79937.28933216777,-211047.61661585,-145333.75121239992
391389.8887648778,243549.8098724729,157892.46778344084,321561.4703279019
732366.353421607,617456.4156367444,422948.014557507,638455.6245649308
91188.44113730616,-18586.238717993256,-71408.7981437603,122799.1736818921
331348.3187083594,225743.39303006162,75292.70242162992,223307.43942153698
79813.91539322969,59462.82665364188,-32918.98178413906,65688.12427860138
-29402.060100015427,-112092.94385329937,-135159.00899287185,-46561.778955304355
616044.272478302,502713.9562709038,438033.637544555,643996.138977217
138923.27933419764,168886.20840127033,-1328.4375265000854,138077.5553573385
447296.6970290062,406878.4626544927,253088.93843409035,438100.8859354722
455513.0281276632,263696.8189407269,220291.5660581455,426855.6821138329
372234.4773465586,388244.2933605078,188880.80731678254,384640.4972203893
413358.33427334216,411695.95512215665,162830.44350569905,366749.2989063924
721472.7827515635,715833.0309792822,559047.6569822397,792525.4108680843
545747.7236557073,446889.7776482757,270578.8771904238,511589.05526528764
-151428.79569330742,-226083.72621222574,-300104.3288434286,-142605.25365407072
421700.05379639124,256611.24994676455,155797.18870486214,364404.79002193525
543669.1123581193,529495.4666640065,400152.79434043297,594651.8948541654
-3424.915471721615,-75192.15963053046,-139503.44854631438,102809.55061179749
-101800.59198554332,-197377.07201238954,-285627.563534869,-125573.97100044315
-69885.37095889542,-54230.67894698854,-186935.22391993436,-34621.28780285659
47185.55325821682,5485.507369709667,-139643.9284122077,48162.44390185166
376871.65359395114,320055.10087643703,276386.0084251922,443074.93016065354
685567.2588812073,546897.5903851376,484043.51066402986,680763.0053765001
550664.7873264023,496008.2308464686,317023.9351109505,502465.0928884399
68404.40290457755,25076.58914022334,-78754.93752872606,132661.4742172329
-98657.45823588839,-131533.93032218138,-282092.03503522946,-133225.16074801708
59177.40429735975,-39553.768224767,-174633.14914837125,11649.096221389482
-54873.14337959245,-137420.95490005345,-220154.08914657024,-45618.57101981522
41524.74294778891,7387.166808134178,-84626.27020633407,136104.49830803764
494678.83240539965,502075.27425305697,310782.75513053546,521810.30017428193
3403.6052359785535,-16445.801745829987,-143169.57509611506,-23921.830486107036
-45939.32879114052,-113153.48222655384,-236150.88471946947,-9154.81788475148
107340.29328971799,45899.230561473756,-30676.985614509205,156254.02432334202
530035.424925108,440311.32149879064,270427.39662743744,527466.1597280961
439823.47167326394,287734.97486190405,149298.77117168868,358191.45116286085
222995.02167428646,204077.81851923547,27141.62644399423,225445.41875660408
494714.276186257,478231.0924925996,408699.39750177425,515396.7635248881
517456.38542913494,436853.5128481082,365739.01349082054,557127.9388190829
186271.42843966768,90647.85879258474,-42792.515670631896,230403.9517030113
178125.41686310084,167068.89331524097,5755.4318725973135,249365.77780079085
581525.414693669,495793.0705627522,362559.4049453024,556136.2078882512
411738.7777975652,345779.93888896797,180445.55693142547,308225.7907052181
-14689.713522095233,5065.498531082529,-94446.96976852173,33434.14570974698
649251.9592833326,610885.2251880257,406115.3865041939,655585.8345952714
-115885.2103402047,-174188.5919847277,-219649.18332476023,-101090.78145924659
231776.6429110139,178847.03595671884,69476.31776675966,253947.80047516292
467270.38151603343,319046.68948384747,266129.63943175564,509311.76668039174
395110.34332582355,325814.38149064675,188356.4151936646,385513.93430373096
248827.45670468092,246721.06263060158,87524.1320342439,269481.3800407613
373141.9025509169,218695.5155509262,156913.0964300913,439173.2657396232
131803.48293887347,84674.7477016279,-18599.564724019496,150400.58711503213
560717.9460326473,499899.0966339323,465519.7792524077,587324.3770924651
213702.98768200574,166103.37433135835,82212.14132861735,270949.0285815792
179271.25200849352,105824.02769855806,2600.9972820761614,153499.1975425491
-124424.50313058979,-128237.03913954081,-236433.03215814277,-124336.64557378448
326835.9810546199,257356.77990545426,201710.95420656563,367417.1808440571
589834.404021505,482134.88063281926,399555.75783312717,570883.0865202507
-111005.93385229021,-172951.77184549684,-239860.6511505862,-104385.97904872627
379970.4873809366,294555.701946615,133755.43700014218,345697.5610384684
-130408.95352026477,-176090.59767543856,-293059.4336157536,-191951.82409171405
282556.3385904853,237609.6527682928,131983.65133430855,313706.85951618466
-106090.90699668735,-118263.06260413933,-293551.7230279988,-133606.80245108978
286174.97656066297,224888.86572324554,120138.9557577538,235046.3505471046
607682.8715160035,611658.8967321317,358925.301624106,569593.3632312748
333977.9626152462,284570.72717188916,148606.04352426063,337710.83638513775
113230.09666177817,70846.0144391288,-44985.26047488826,142514.36815730855
617426.2004441323,471631.2917186809,316407.81307336525,581519.8192420609
326657.58537890564,273836.83406965365,148303.73097853863,413652.1607864817
81885.93840866745,111954.60346242506,3061.576590695069,149125.04747925035
167993.9175024213,104704.34553407377,-4584.044489288819,142753.12131239742
377918.51649430615,305287.1925656834,181760.05138318602,362628.65863018914
347825.36902760854,229470.14918257867,15527.924014115357,298809.36648355075
588227.2563549823,575988.1777709969,454725.6699350694,669160.5424381238
502733.5706588987,387034.8832449779,258908.12402075808,447406.40674686735
498081.6662395323,445902.6902250984,288602.6547117934,554103.7888927727
-77890.49307742732,-113302.11427423469,-189983.79014132154,-29175.667300991772
160821.2245615163,169648.82242486195,-60661.440863637836,236712.45689214242
314329.9874490453,285311.11808917345,181225.7187391345,298538.42680027115
-27782.287615009118,-53804.476981482,-169875.58155799052,-5829.17519415688
-75861.48239231948,-75287.59970071039,-254821.59956872294,-16722.291641164105
-19561.880951323954,-43985.366833202715,-137658.46512548625,30499.100755110383
468413.7636089361,369777.1689583303,221357.17704245448,404438.69835304026
318668.28585710947,289736.46127695835,149274.2982766945,311286.93381039065
565785.3019465709,448774.6014583033,353413.9900928865,501915.89769906085
433779.7725793808,303481.2843123599,198607.84867815604,414974.6096026603
145355.82745351398,180173.3741733206,50378.060921934666,249123.53047026962
658698.412374211,556369.4504827352,398877.25519187714,621274.0325033502
728906.0529527324,713169.5616391085,544578.9826096477,721516.404357603
-70617.58550511347,-153072.42826537834,-252342.08001732745,-20458.47067726642
34049.07334319467,11952.608471221873,-124366.74955933809,59286.83396268322
488464.2217072898,466229.018195288,282011.9355455147,466054.9280952165
115154.01977654384,49679.90355107642,-70023.54721250129,141675.20323045796
-40372.79661302647,-92110.30331011058,-191586.18466397794,-79479.26675863401
-36042.37952231703,-114271.9040277793,-255774.172394316,-69045.90140182903
233138.42647008237,209522.95023495576,74408.18388296268,278944.88946334634
281548.11628625216,279434.6803927205,108351.90135778824,322429.58627149067
155488.73509927012,128250.8023307441,-12114.811148559209,171765.93088053702
-123703.85799322854,-117793.94628340297,-284686.44157698716,-81944.5346115036
-103192.79415912984,-149260.67944997898,-289487.8369441479,-63471.736170382006
600038.1073601781,491098.7733500592,327484.01632485376,589955.4008981071
102843.07128835702,-30793.010050655226,-112261.77596391912,19702.559378935373
404164.05135553866,337960.1467281834,253699.60771921265,374319.73610574903
20808.041550408117,-98759.47860440798,-231694.20999084535,-69206.7040931338
-130239.99345413595,-157807.69604105328,-326547.16469119425,-117315.73478191334
247278.09040996514,307610.3332144497,143706.33514409617,341526.8164570184
187679.9810552725,142896.77759406948,96129.77286353067,203916.67540139274
721415.5014361807,697742.7710477491,519323.14094549057,702357.8855514836
434202.5980085031,330494.07428144256,196815.0737141536,425888.7038251633
608464.6911539745,550432.190386673,401729.72026948794,618608.5061159476
85942.0169062335,29998.224799819756,-51905.78991329647,138359.4752794404
255499.56919028098,198337.1008331912,53866.432064972585,198851.98308718344
-58643.640062182676,-73602.1040397847,-147499.20297153865,-23581.221179676068
671615.9246952459,659230.142703061,463901.33118822996,657721.610589833
432731.9270779978,225423.2503988376,116987.08745574474,377158.1647929675
623079.6575385595,619211.6250971046,472514.7109071199,646775.5515330576
84491.99933081027,5981.346697822213,-121990.87602403213,76587.3853875784
329880.2264376286,314990.2655092891,186471.95905899047,355875.05416405166
500364.8202476498,417363.75619593426,268443.50997539307,594494.4494400732
304641.2293851902,359937.0256620967,220290.4955446443,404446.2278044621
387241.92381236807,299782.3281983213,245230.57985054795,362940.74302010017
363433.1464419046,278581.7030231543,83769.59050722048,337521.73699817155
153092.48727652815,181686.0741950936,-78967.73385641736,181306.1117868846
-84716.97315051634,-113946.86039415753,-227329.08991250838,-48405.489547692414
94212.35923710675,-59869.58425632183,-126910.68380444386,14928.47664384055
151324.4397054466,93371.55967877479,13547.787908920087,166780.69396558928
368235.76209082536,324877.34666071914,163852.52739282022,361956.9507492123
466245.02841121494,450283.3571057939,289314.54784266267,467670.0384760393
733743.4069866294,718226.1996496294,543808.8347887745,766486.3291221124
312945.2962667595,287264.48851255875,198195.34797946864,370687.66311717965
-142391.2039137609,-191635.77573480736,-369094.41512679256,-178410.77995827526
604487.8908782066,464925.6267913899,399025.73756128526,597235.617522754
597426.8512220758,488774.78965711384,322358.69922323315,509872.4271884648
448483.23976490786,465921.5723636105,205089.27833825583,612709.4461770942
452812.5251357105,383800.12928830483,252738.14425323263,368523.4326716217
615429.9146426297,544660.6606377736,341161.68854380655,478149.870732035
289921.7397418022,203484.8371363735,83094.0404960519,242372.82334645535
412991.76922282006,364251.5830469879,274629.8222249759,407777.7488441033
260317.38781220838,170132.81271010928,16984.48763479793,220712.2269861888
617223.2255245817,565828.9000750163,412246.1382997668,665400.1797350633
289766.1378217811,179372.18329535774,46383.70888212754,149712.52973587182
45654.52875163255,-2236.714939132449,-115873.42943569587,84330.70046982961
-107215.7358206932,-205642.2651056361,-265418.24359562143,-151259.53570445743
-9512.945463270182,-83179.47905035462,-184869.337141176,27681.433294688468
469291.41823195736,384637.92288012477,264911.5157274784,468426.0553679337
56637.74126973923,-29663.408984853362,-144714.981719553,69171.30330710765
629090.2866943697,557767.1102521804,499060.3285965525,620398.1835589982
303605.2262399596,219313.68292637926,56571.40075397317,341799.7186697561
5826.9862464080215,17391.477477377397,-60601.92545339593,54810.38646987965
227604.6571292316,66696.78749203461,-15043.053192903986,210671.49331657833
314022.3116644658,241963.87135655293,55331.41960899939,299988.80191704584
51694.14997093915,83435.26134929492,-94840.5077150414,74834.9422545603
540765.6422827418,429852.929901068,336360.43121115793,512247.5843287277
458233.09488847444,377310.766724895,294533.6723910819,462201.2849860771
98737.17191480286,60917.6048599357,-67093.12167863105,147766.01248018886
36644.712674977374,-21770.819211916416,-123487.59310354595,71007.09887040814
592167.5316932166,647981.8147581341,381974.22271903453,645367.9938358667
77048.4989317836,51748.90975322528,-145592.29006557993,71294.43632585916
474789.6781925231,400016.528933543,351611.7628982528,463510.6844807336
291577.5469191823,166208.69991599326,23345.83917534852,263011.9732468531
522241.0394642928,472506.03901381243,339721.0990623437,562386.5380319201
110108.38666031964,64471.91224558954,-87048.11104437639,120660.3256568875
167267.99959172762,89898.36490719602,-16064.013616961776,93541.98414693389
98233.7561710038,12462.836564506404,-102415.8688624755,81800.68797084561
373451.4376469975,279614.9842171951,127860.95314314321,333239.77124013705
304764.18557926256,276508.0884863493,195460.83411217504,392377.8797132891
557477.4353274354,531679.950078947,339209.33850203233,546667.461347535
129268.94889314147,-32643.423897298402,-116627.95886051957,111873.47541751713
-136394.12880129856,-190070.83407996682,-287840.54558474384,-183967.0912946578
662306.0242865134,581642.6946504798,476202.77675702434,650581.8927528949
564427.8227560215,430819.067173928,283350.40779773437,562418.4260954193
-51273.14642103354,-74489.40158026293,-149977.9590088869,-86910.60434692394
404580.790049008,316492.00920116436,211095.77849043696,459097.77553486044
18119.462112905923,-95644.89091048006,-166560.54541377997,24213.51507624972
479969.1109596997,413391.40211061435,302703.4110076722,586537.1674863317
162432.0687352845,88460.68506083335,-75213.62299669115,162806.47680525947
437004.4593518117,350292.3794904244,223251.55785896617,391059.63770239707
351765.86354346364,378963.20247831324,165828.9704056013,390312.13210277644
700204.601420077,545552.4342644224,457382.6189988543,665241.5691241277
359919.57390902995,245378.2184720426,213376.2832551516,308573.77146113757
507839.9655584425,496980.94313871115,383321.3958292749,531071.576031646
-10911.919849529804,51733.57943795016,-126635.7766016639,52209.04885612428
267998.4353099931,204053.88811332523,99664.57749810291,312622.9642258921
103434.19785508909,89461.21109216975,-25671.2587929765,181190.99146585073
628511.032188595,575525.8778501616,427563.4837279414,608214.722353539
165175.45379273023,165132.06088777503,18131.313230498345,188255.06856574048
-110120.07330339006,-150306.11430267536,-260411.94837117824,-59500.06847480452
-13621.414853038616,-112590.77162603661,-170216.04433961527,1485.9197291042656
76128.07944189722,29350.505159103428,-88901.38338771346,78206.58306125097
676302.4925107395,648133.2666882195,448882.0028989875,774082.2844079814
455136.4312400019,389486.0188955901,301375.21125051565,472279.3984147711
-152765.47816485813,-218490.02440024004,-296524.2988536598,-114062.87326103734
185424.48281001672,138792.90288045525,66529.05453949096,223358.0846348512
332582.6581915447,300965.0537790026,181651.34046616266,320068.7515331856
439401.1535094654,335496.32045540493,240444.53805062023,459342.92033159675
391927.19603641075,381799.5639188144,205457.21407753217,420727.17493599816
-20239.826829989324,-12594.554463339504,-173701.36267903727,2674.365835054952
11900.762349930417,-69771.07301381073,-202808.03297975194,10164.488382930751
-120733.93260941643,-184051.16905920673,-311681.63460580644,-114277.50665584038
101076.22860832792,78084.15090490086,-33508.927925232565,108258.16273718071
176171.3457459443,134958.93945845996,-36784.68489235779,212258.54961780703
384932.3659303377,381560.42093685945,213669.49318513146,383044.3053943899
381340.1322264229,279251.0618631437,169927.77437304135,404083.06466659927
245359.631019647,182994.87200736557,88482.6421026981,285851.8329297983
2031.5789805401582,4938.09800316859,-139123.73944015556,102403.29977169388
330254.8423164141,214995.3890789589,73951.79760337796,350875.0615138797
292394.9556694572,302041.5849983905,96658.5210540716,318624.89585018123
435835.548932643,366933.88623205817,263593.40428994515,507447.6741999729
539052.2163936219,392699.8388110659,335341.9576751648,546809.4982113098
-57937.42945025291,-131372.44438804267,-224547.00065897946,-61967.935125673306
618646.7507867848,566546.7046409314,359822.5826714813,672931.9259428806
-105787.09218413202,-186300.930163397,-254298.77904629853,-142246.86947733903
401876.48899680097,418206.20033013634,268714.76066161494,474899.49349899055
488941.7337371266,451714.83094860497,212311.99064219545,458440.940695361
-14528.520845534105,-54708.25872675824,-241484.13096765033,-14301.775744576007
656509.59240498,579075.7456951197,343947.91033094726,659566.4288088838
22770.170415561355,-28098.86829897412,-122849.87357336079,18560.519092321512
-21980.175237956864,-78320.09250560595,-189654.69602429547,12570.744686794991
466004.01524952834,450337.3262761184,268494.08802939777,443412.6099606247
242527.447750184,234183.01928257954,80917.71864064061,312934.6180876312
349732.3804545313,223907.98512358614,188911.07485737454,231591.07466083672
492887.3205020244,404046.0751435887,246365.06649749272,547171.3506845816
158595.41734472406,90277.40229152632,28157.010443047388,237714.11804369313
90260.9288192835,79830.68075091566,-44342.423843969475,86274.86767914041
659174.3553310861,683268.3879015478,484256.5723294121,703571.4984723586
-129910.1114463933,-166663.74596730102,-288147.39008176187,-83084.26247729891
559124.6333997434,439369.5884552578,357660.42944636394,446313.979372974
137933.40705475735,-3679.7923142629443,-69703.7964123995,102333.41414655582
599003.4765517758,529407.8936887451,381102.9891401802,593061.1805884512
609367.8147964077,565258.3090514923,458144.8737924461,596729.6434321811
-32141.05945698556,-119847.61509816861,-270703.1552696463,-52820.11652135418
653601.6151410141,516195.64779853076,350561.83220609324,569516.0801103725
293536.4776107521,283239.00577489333,65036.59333651501,307468.5801817485
-46591.56731762708,-48362.96395455266,-163682.6284432856,-86675.07687774312
524607.2790061266,530142.1066354949,411055.45197372034,630101.6276800868
390763.67388089374,346491.9035845717,265656.80241004727,465915.93359997997
454324.406925675,311090.15495852276,210477.7004228616,350425.0125713942
619255.8321580112,622519.6556483991,439069.4637428854,651851.9627798311
17463.36294369161,-52530.08720739593,-198872.0679321196,4109.272438899148
101705.8435567891,106137.10678669438,-21673.4162357772,60575.39107324253
524437.1259053362,546895.4834495934,400787.7696743149,611097.2648555653
628984.1875716383,488754.40088637185,386735.20837434335,582244.2165339733
160280.1750385312,65974.84953918506,390.51855925819837,146767.11458630185
-111260.9856525361,-121503.38850010163,-228724.70260555914,-89095.50773573131
8149.704940460157,-114409.33057247236,-194622.1003392586,-58995.86795221595
-108597.93994604942,-139366.67065052234,-272511.10365344555,-152319.63425321004
509543.1337367359,539056.874258589,387919.6686945703,590389.5122690615
734729.8090865747,632424.9899071306,483125.2642626044,724772.6198174111
83593.56421205075,-5413.621188027784,-59430.846921812976,95644.54967507487
-136645.41739167634,-204643.9197024246,-319553.48637297214,-92271.77751530078
376814.3705154334,328081.91246309446,213546.8643981053,365151.28818364337
-13278.726227884821,-78757.85734831286,-215809.46651850175,12524.513237708365
575931.8630223931,495957.4708585873,458357.70510512043,630094.60760979
-49167.83271117858,-107007.90778052522,-223263.6969554419,-76450.05502290453
157486.43521418993,48501.038644358865,-110043.27842265577,70973.43579408887
692257.2170965124,641197.2453544075,484275.8446687291,733505.2909902493
600136.6608529051,548338.3548218398,432092.76272891427,618476.9161976536
-9814.40460172994,-54193.92057988641,-254893.01041866664,-50726.845574813546
-50245.0024949839,-110131.17510959256,-227367.31529601797,-79578.85683952423
586262.817181437,512022.1922039876,339114.48664791835,608832.7280915172
77237.33459452144,-58035.39269382798,-101884.29210767639,29420.867631106637
130165.98609362822,95527.05149856454,7954.2491183205275,133419.06527240225
66278.24917792575,5635.906952794641,-117456.85152965109,68250.56609625847
670372.2657884064,608017.6546926135,548856.2479558921,743118.230459813
509141.42526137235,489344.67083219544,371257.8612895021,513681.43781739357
377059.3824639702,295713.5646569532,152744.7926215052,293582.8245109883
670082.8105033098,614719.8118117088,490952.68109388894,651727.4328619188
507668.24114715727,528422.0565284705,285584.45866491063,471824.73585581535
493703.61313541257,460165.2007462662,313067.25902025506,425038.6071709099
308208.9069624584,225590.87818785093,131126.44086902775,272939.0800855749
233829.99155580148,232994.27194200584,55619.6353385105,172106.7928510562
323012.0912604822,330208.12183283654,212958.1771801476,300567.06195017765
494044.1423274202,508180.78281379445,267997.8138360712,529042.1625459362
-100860.5963129878,-153704.83002904948,-266353.39063722023,-138019.28963405825
598404.2561116386,520648.7498465709,366634.13073389383,571087.6790121908
169704.62068865635,92073.51784892741,-48222.426316163386,196409.8166366804
-66297.45395172981,-185621.36076972063,-293635.8000777429,-127420.39462190121
207794.0231243628,150810.97917311278,41165.48427846935,186462.0698610989
735748.978459856,602794.8096911618,463804.4527190906,723533.3446653932
438449.5538186721,291190.77326082566,130018.69338159019,433015.61087143526
423800.8061145117,373325.741020298,174256.51541114599,376144.9243030428
470425.7914137428,394234.33704525756,212324.0859747415,428934.37744571804
-88539.5817055577,-140435.89825298637,-251668.4151838094,-157579.31681091932
3756.811633998994,-41235.34657307778,-110533.659602597,-39334.32603618398
613027.804952998,463838.75765299133,289656.64663073956,487994.0071212873
-125419.82930177206,-108017.95960637665,-292244.18163062347,-66781.0007261677
70481.1534580976,66464.80678247847,-72148.89328453096,129107.63559295563
38635.580158565426,-43511.08355730225,-312689.37664678384,23723.509133306216
173553.0686527983,155788.83394150622,-30747.64741650049,169191.6972022194
164746.22594010993,32192.78229368897,-79186.01838426059,106488.07565544394
-60693.753785806824,-164670.57134522178,-241999.00808589673,-22876.78412878036
67280.5831621309,35697.794801164884,-43456.34985311725,98733.54070054018
678293.5913571222,614146.7536059034,417356.27381776425,585845.1169475247
624791.4185827596,575395.5965012647,407719.97474413936,572338.5741328723
-58123.13981738314,-107529.58131045545,-234904.25280781835,-35130.68309658015
-53959.47099281859,-153868.64156567794,-219568.88903096685,-86117.49211146956
694874.7732367027,684567.036133708,527641.4102499917,780688.7547243137
101866.82637337816,119490.11173874536,-92434.19172324706,122594.0795294951
616298.0628434985,500963.8027394656,421262.5341214241,640017.3581671624
74276.29672732553,12784.945497611072,-95865.44689332426,35523.19908875192
496573.3795713512,451913.6314962986,290498.3671069888,576958.2049595504
665497.438792268,584401.9676002807,369629.0321690042,669203.500187549
140695.35865291418,134961.72810727358,-35378.78238847107,218964.6979055734
428469.2291398207,349022.1443656442,296497.3180687076,360546.7624075366
481672.65662712173,428164.4489199866,296733.33680048585,406776.82660204964
742386.6183650235,734599.0486600623,536613.7498942752,748874.8833039755
671933.6125325556,565717.6019386568,443468.54860978306,613158.2021227111
86280.06512952247,43315.71272345004,-66806.55952433974,81395.7497306451
577044.6784222671,431192.405577158,377010.26434468525,557525.6509158977
556603.4700395649,435581.5934313984,293002.16405824234,503168.5245357035
442490.89449257904,431048.0601929934,247361.99454668758,465457.7209355924
-37876.02044216165,-99599.97349703033,-240543.18660557992,-60746.73803318973
-117679.7368691839,-158692.02034635545,-268441.765857233,-123347.12973714247
484294.2002279096,459434.6182622034,304885.5116697487,554578.8095274733
600464.0202928556,534426.0175740388,385494.5860014666,633726.0375612879
244960.8798749632,179719.00605700363,29017.668124139658,251034.26871017343
203470.89908908866,154414.88158739195,-45845.63902050664,245359.0556232091
421968.29939069715,353726.93664775393,271096.6625325127,442356.0665009462
-111582.56788119988,-121526.32610970095,-254942.23447743233,-57339.045910981135
601410.4003934348,437352.0335719498,435984.9806456958,567833.5694312209
-74883.1654846571,-134610.40076907864,-272931.75919966545,-149020.0061372114
478644.9603035437,463162.0571038468,341101.79078229924,588421.3105355422
275042.1458517263,225995.99167515698,55120.47681952547,232539.79232426628
8551.941348376044,-55676.62861678493,-166306.02193292457,-105411.34742568585
224275.27417837316,128532.59705154307,-44286.59888654121,204540.55868183414
-34494.04774001852,-16968.447947184555,-132163.24679119344,81308.06636548357
237330.54791908548,220743.40834229696,93496.2729461157,294915.3404376613
650607.8568365413,581581.7287961044,428435.0397703677,645113.4489232865
559059.3132704811,507978.61491443054,346313.73812603287,444867.97197900154
545955.9852373862,479658.6595627604,328252.7731269597,509378.17267664254
214958.4917012956,128592.47206112684,-35359.617760046734,178661.60551857133
167931.34052463097,120429.6206071414,31525.671153928386,168606.49488355394
345432.76059826487,275059.8757937413,145446.19720650092,343814.2334292901
344957.1046478094,241399.261507318,73971.39808846114,392377.66292712383
336902.5922478379,288234.99222757865,174761.23782102333,365627.64816088194
-46521.616227474995,-12974.571201734594,-101597.0655090647,54086.13076900458
416820.96478750394,351883.729335085,145669.05939338927,434545.78039644926
94327.64992700005,-53688.13934987533,-116438.30682333035,41338.47504597553
312044.42933973705,205544.31789536634,72566.36743587966,276122.7236241158
26421.12733827927,-52742.85338644753,-189738.02151337446,28984.62376295228
158206.44516489003,86046.6918528286,-86438.55765731214,133081.64254418283
122242.5856841032,10006.744290383067,-113708.85112875619,74168.8242633557
362835.678858089,376009.279750485,195345.15017712058,372673.85680036934
471013.6625333938,468769.9472292251,333693.0715861992,495074.0333927198
209993.69382982573,208482.35880958894,26585.418245215667,177286.24738830596
246899.04828532448,124128.5560448661,74214.56678667571,229278.93129812565
595300.6114630278,539121.4316746115,395704.4340402583,598422.0991489606
84894.27772159199,17795.175292184693,-47824.22102728102,139505.28101927473
150718.8645955826,51354.35913804837,-66271.67360870645,84573.29629166971
633272.329749048,657715.0786157779,485183.3688676789,703089.5573485829
130418.35005461948,57821.772444717935,38185.44374709728,155903.1060483785
70630.79246219806,-12521.121861467604,-2494.0957223095465,123140.94258119992
-145594.60938643035,-218591.01348448975,-264108.584475428,-117318.30986309802
483895.2875152279,445075.35694075585,329712.0874776214,495943.8319965574
-71342.73616604652,-78713.24699397391,-244520.63374578726,-49010.36714368872
48589.20284861629,16193.231832848163,-156515.63543966913,2019.0065084297094
458586.32382025954,363592.31129017996,270065.47872111655,412921.9695816053
62254.88554281008,-23429.720087474212,-145171.9319576437,71213.64130448026
418285.1652531562,424399.62443602784,217680.42567366664,462955.87010693876
464798.3624996946,335631.646643574,222591.12266289245,392615.7284182486
223909.5124970196,140501.60251121747,-93.17217714642175,118554.19319450727
589450.471151703,455136.086420572,386700.55752034637,573556.4753928164
-52597.993883373914,-15453.649386571022,-160015.57003661525,22866.66102282342
53371.28738410934,-7826.500413115835,-88179.56628873851,11494.764173706062
156728.27321747283,124880.52765529719,53492.04080053989,122885.05953931808
308628.4739550523,294637.3082560289,164765.13689693017,271851.6027505755
255970.45155730192,301105.18825446814,144093.76908592577,319031.27003620716
699270.6322446493,694827.2655878367,486010.9988023896,649012.829121721
357263.8202783078,329453.98791770067,139731.10588411707,349639.0567769832
43361.845547623816,33146.68317125819,-88459.02175636776,60344.77028224617
491484.13126539055,525076.0996229728,324381.80377146124,510513.0658124911
-50260.49292818381,-136086.41393862548,-247259.45873862994,-84297.57853818219
140556.75342720398,131993.70334585942,-7340.450175060774,145119.77242698974
133544.68015804852,148653.5232640904,-17395.35827966698,150103.78711716458
-127755.2356843279,-178199.63844414527,-313729.7599164571,-164717.22323001135
313748.79979881307,199228.0176637601,117256.52315440052,293661.34850716
494432.57357031456,391860.20282294333,216705.38887301867,474868.31573555095
262206.7327765705,165215.49618938356,28450.395494014723,350670.66822965513
75555.2450207913,-1871.5601509442786,-151077.1524636349,-1520.8298884369433
387206.95882440405,310959.2425621867,259992.51006567315,443069.50568828825
231787.006332975,165531.78270648583,-4448.103291769628,257035.37085403013
-15241.857983783586,-125358.35773155995,-155343.78014055832,-20335.782681029115
-121994.40378414717,-187429.50715918792,-282364.6894914368,-94672.4753974381
304994.49198940466,295370.85721210914,51696.71535352024,304013.1461937163
470752.6810599116,495952.445768622,282487.47796559846,533617.8007929047
-147071.32332806208,-185242.82745669596,-290819.3037671511,-120313.90882076923
-119444.49766968808,-128986.48604029039,-269706.4473280614,-84990.31362426595
447611.48254209827,374022.0847335976,217435.6812620206,407495.640511296
606866.4017277195,502323.6026769966,404550.561641425,559429.8796516585
432602.83829308965,363802.19564635365,182198.86960989353,428516.68614104355
660349.659652323,562384.2373324491,431828.8816250403,623306.7891993907
644745.4095557437,580853.2244900765,360505.47975772806,580068.4331584736
33807.4080736083,-12386.377511200495,-161231.8319401961,-1631.520826652879
155222.93703367375,110122.59967297106,-37972.10436108138,173904.53152490838
235309.05875659047,65069.27658006456,-3531.9257298852317,205046.6608916422
646779.8918658341,625505.9044669545,520892.7582491593,665231.3996738996
190382.70343493065,144888.2686011229,41870.99113994057,240235.8265015895
385667.543751376,327802.5182547242,230251.69124177296,366016.5639306407
-49747.27238926734,-44237.20780584385,-195915.88813908142,-5527.836470882641
162964.73601062596,36465.67424104572,-20482.50255259208,113230.6711599459
-23606.96690493246,-64585.474073301186,-165677.97388331516,-59527.93934861757
3435.2631870789337,-545.940723065054,-77942.93222083081,79691.90960614441
24616.31715191074,-60770.703122225124,-155983.5172085737,900.2795174614876
359695.6451932896,276692.8589621391,214538.12861098594,366216.1566609787
288709.617821028,164852.48275265587,-37164.39157436974,232903.34614543524
449768.91014138947,383282.56195661507,218627.3574027546,389641.5075555997
480802.58554191,491540.8463071481,336398.80774208053,514356.34911123745
-39695.01651112194,-107472.42154082382,-224346.58096619876,-107574.87885963696
1368.1845620477106,17159.66691356257,-80606.64305295318,51916.966244258336
505455.7800551931,484596.16969044914,347801.7568080219,548027.2513997697
-54917.293656277936,-104374.90242153138,-197629.3954835679,-56738.05641121755
279546.236306746,229105.4811203431,87647.23302676517,321824.1977753665
576567.0047826574,570329.6054775722,376639.7553116003,641954.6716164765
276030.8769475005,266984.4544325317,134876.37151104095,328381.0774600409
658312.9251053908,555684.4770144764,441460.83994070033,669336.2854662475
667680.1002126543,611773.6634279187,358554.8212832813,627688.0663918224
706752.4899462203,496971.21491189115,437886.85012050753,672942.841986411
582924.8310176134,498401.8831277862,353462.6240629413,573438.3049731273
-54200.43625831703,-85223.02848793555,-223700.0184056483,15258.170158683206
344215.35258163826,285964.40638729616,208559.7727424642,352425.6968850603
-148734.4137778518,-140021.7825541001,-319361.1340836887,-147402.79455866333
611021.4471214144,445591.9891351033,355645.725430807,534997.4631430091
762273.078900869,709356.0567122293,469421.6003533924,725001.1757899027
-167813.7443363532,-229274.69602779148,-322178.2209871104,-123930.03129052569
462035.6721377814,448822.8786704239,252085.83045054623,429010.7730555467
95634.07524701592,-14543.015102611505,-79307.9491516687,43983.86251510214
66454.39414302749,12863.046852666768,-32078.888362779748,123073.55375023396
651361.4684584623,589422.0019764015,479132.6600635537,641156.8028969653
146347.97196988587,137182.6048073289,3964.935654304223,192532.5230421906
455355.101088897,461805.38889248844,328511.13960299187,508572.54635802563
-107571.0200009598,-86487.6470732952,-209321.62457443262,-99953.97110316344
574145.9936089537,472508.33819511905,376494.83846998354,575962.4940271191
44370.5299384488,-37595.51153594989,-125633.41672993795,86693.27293107868
519266.10127810785,399118.9755267103,250634.38609576598,464166.14705130586
609847.270832201,584472.4341338535,373250.5736718293,702197.7377299885
411267.2865211186,277482.1871678259,170640.6556421694,366776.85671906034
644410.7474871732,435468.6587117105,448958.8655409302,631803.9659935036
520910.07036333473,399724.728804076,250688.52771678346,473019.47910161363
-13464.049231576035,-146516.42272537947,-275733.985081947,-74143.46689218888
146636.54241458152,131879.49997611984,105257.93401629571,170764.21895666327
215533.44645990746,182842.55831412994,66338.42484221689,233490.10882428417
-8632.426933528157,-68937.27713835548,-155818.78214843973,32025.791701357113
18754.763565902715,-20882.539957214147,-117806.68894948426,85185.84163263452
-27611.297133185843,-35206.396973413124,-173598.89871231036,-23521.074250162812
93473.48629845842,-114199.74808421248,-167344.88449337694,41081.548737326986
-66287.08813862485,-136550.4929457546,-240237.6139284892,-87462.33287659654
-70184.03079827118,-139143.25268812303,-268542.99814846634,-47109.83856127557
218118.0894849744,230026.07281355746,71373.5234268636,229270.0289294559
-40386.18614546448,-59407.83903707098,-182521.5127751163,-18178.268031267857
-124075.98122453148,-161251.5772925038,-260432.64631615573,-101778.1353628115
389637.29057212465,307403.1947516538,221466.2715813819,302175.35302213207
730701.4237959816,522686.7304241881,371700.00799008226,701533.5336642095
604701.0699755666,595710.1051825769,374579.66937044123,593185.8461026964
472669.1584505985,408397.7600417073,285206.63550947944,519958.2124659857
503873.1389551074,393354.4546625896,310861.43618908816,474947.11515243223
205169.59178485523,138065.6406137551,33470.77021616686,164970.59348865622
191207.30138252908,143803.62686003733,34185.9886398596,203989.60324664344
652935.1252828788,554741.7584251142,359654.5704588484,665340.4775626925
265063.93866169755,219043.06211540534,125079.2146871431,286261.0777970004
153383.07762140536,14694.663502016221,-176300.69014786935,34960.66939325188
127232.80603809282,86467.40299223829,-8577.012438061298,136372.03626582236
-637.3364358503604,-24120.342922220123,-160515.2542267184,-31978.02157651668
273118.4070685762,209764.06171932607,15531.641822871636,277111.960690876
364348.5114775761,321177.8104543012,267189.5372016169,397384.20873022184
45457.003550636815,-66553.99960024765,-139964.36346155743,109126.30995571043
245896.66851488804,249915.7373718737,169288.43448682711,326782.16869233665
183467.9631649612,83341.14271020924,55501.534454273875,210959.66101022076
77005.35726348055,-19590.852267714567,-79263.27529837785,52004.07628937275
479363.6342641843,407512.1141481049,236893.40254319063,557538.1259871356
569278.233224106,474362.1492870436,327093.19320973183,569098.1577604383
285692.28131212736,266321.9623906878,108089.17461545835,315689.8700462978
252517.5498399922,296939.83659170475,82144.90578681708,273506.4878826032
640819.0907520733,554836.0838979075,394886.29351911065,608956.6763726498
446394.89960297395,470952.58113562793,363949.6759406716,557348.9587427052
-57931.99448747374,-76518.18945205776,-213633.14747028938,-23918.205108295893
403464.9560619262,321296.7734728325,189557.97966797254,345535.7303564444
90111.94077095401,-14276.24495325517,-147505.01534550788,44739.13521079533
347577.7632902146,315904.4978764886,245975.04444191186,377077.3414203377
176107.79021792277,72027.69303995324,-36706.12819697498,144899.57459823065
265356.31492132903,180843.14740259538,86389.31307482382,239284.05627841502
375729.9431452252,400717.11970222346,207482.5960255065,447597.16938771773
320094.7944360671,300644.18935656955,143844.20536945225,328798.0045398829
143084.22960574715,120180.57075383491,-54422.29819953255,129401.71080827864
109449.14041996142,39905.39831820829,-133936.60869312542,172494.40549766354
62112.014722403954,-71225.352633501,-149747.73137026757,-50773.69520685874
53620.34581952181,-41991.64232066891,-108972.99204513221,-5007.483383923187
695485.3614848503,596898.8654403922,475484.1548913481,679422.1204673322
459364.0868975553,313160.1828507682,326991.7706407056,430730.0447196049
617342.1035986948,623633.4869626865,356327.8743628961,601936.7575810961
3905.0650056287413,-75994.96312087227,-129849.77144515893,24962.02092835505
256606.6806059596,72654.90199254698,11365.393063584808,158340.22306957177
501794.22309716966,363670.2437271642,212488.15423735045,496652.4289608997
1303.9164262166014,-69066.90588419302,-177140.37101860775,71554.12712162745
371186.05559048685,288884.1811130075,132323.7387477248,348602.1796575679
520911.3655474859,422480.9895088058,326394.0007207616,556668.6736321219
632580.9628564788,599145.2673632146,597475.9582072509,722741.0175418011
129573.3502980707,134744.2069153334,-52517.3273660898,136636.1841801979
456680.66076594975,370908.1892346279,194951.33084802958,475274.28439353814
190174.28864506714,158897.77339770866,-8400.927598484093,178407.81982987665
274020.54115858476,178388.9181755646,66896.78044778842,155280.20182072406
292425.2314694108,240409.71054499794,98469.83281062206,230118.32101601828
527457.0323140693,493355.74656517373,393824.87523732905,669727.7839709418
476050.7674651921,444516.4057940437,315180.35149693885,460827.930177873
458564.7177875589,355208.43770112726,189461.30314323714,385778.3308423362
123965.37372801034,33803.190827144776,-46759.28532132611,75168.24930599437
197478.86223907617,155722.07928663236,5479.049165025353,202564.20110424538
410038.282921938,376369.2844455454,271744.7248379674,452120.2650595936
212219.0270303674,75657.60765409283,6069.338969626115,232072.3918571066
147100.64670501836,80812.45561603014,-36445.83071985503,244210.92056985362
246902.98475043662,248808.64552874968,100376.66117430455,335560.1645064823
155487.7316406488,73883.47602580162,-46433.00441466528,164677.0208900444
-57126.80150057608,-122828.2391071613,-232106.4315668454,-63206.27186604467
84689.2555845346,-21163.595114795375,-96170.99272989947,47996.584534362424
222477.17657521367,175296.75107749924,40898.524624866666,274076.6673648647
-41980.38644014188,-123730.5163733078,-229904.95621209306,-49274.56255878444
590083.3129819448,507542.48749469896,337809.07065491134,602724.4041186641
495025.8443724164,430970.81201098487,248958.25678168575,428377.06656731525
174159.31380148313,96443.86409148388,-57224.73334518063,108592.73585588718
400988.5945257625,316934.50948115357,172254.97965717327,378820.65224816476
537702.0347663235,471257.96334902453,352022.0657443602,602340.7651776553
62088.24597443326,-10604.769377075485,-111389.7015212205,71326.01529898157
-47713.43822587386,-130017.39278781728,-158251.78347455262,-41452.12561576499
-33441.263292270596,-99269.63289744768,-161671.27706003736,2559.2242436201195
319973.98035610677,352383.26911219466,48166.6915341554,330870.0205005356
409316.5132173443,449713.52684181195,264871.7282103773,423153.5210494669
242711.60216774838,240931.75914314005,90068.87557628436,278871.21044200496
363750.5021972554,299171.4699798955,229649.09218848695,347473.2187540815
297494.12568822515,161332.84156883333,44756.89125427301,250515.5444340353
394838.89751956775,294663.36768695,148869.0265675201,431708.8165401493
148359.86444787984,142193.31577511085,-1356.6855021739611,190045.30800511083
201793.1656949463,155378.8350959454,33256.20688172954,232260.69340301608
239788.3534599999,217399.73602026468,84774.83725043526,266028.3820701059
285248.1284056362,192124.02344095754,57114.33676696452,299030.7784401558
610769.2469593501,508779.46996754594,333445.80451533804,632611.4876426146
334995.0780566591,233403.43423211924,107413.32844834123,359000.80135433143
2573.2079735261505,-43938.354923208535,-78375.44468838954,25729.61593119672
473075.7304083778,399674.87273898453,265041.2003301085,550010.0696418553
70448.62403032521,75324.14840350731,-27018.755441929447,117396.62594030774
636858.0261797246,604791.1064763102,474328.1421657667,678131.028250383
124783.13808686845,84738.39629124478,-112843.99519649416,101688.180423941
780776.5264402363,646064.2662595743,521783.62654402,709872.8894890992
102567.1281681991,31414.26356066577,-65360.47255358624,-13125.646325415
-74156.0050062259,-145798.32370833727,-268210.61506142764,-106358.93243497761
475036.52556005644,447637.1302544859,341944.5382848779,540607.4559040071
469775.8824079486,506150.4993154113,358265.3006637024,519102.5372917878
121399.48692920129,70547.7093907037,-42741.29924085562,119381.77360938082
572252.7088125963,550142.8066156211,359417.35026432644,571517.7839023243
-72311.70022073633,-124636.23889632896,-244899.39345296886,-58170.73359577265
-45845.82496907911,-108120.3392138512,-205129.09791767393,-61304.20675223274
-77272.45672810252,-104914.85307107348,-223888.77995614707,-152817.0772639666
532931.3245025298,419727.05088114925,257702.16640064737,446756.9108284656
403624.70698596083,397436.4844740004,231167.04509711312,495324.41066741396
359618.48318077857,210868.12839592237,154269.63107087382,268177.3376467166
191498.58083840855,94242.38128921611,-12674.756955706514,136448.27380734042
257325.48377252545,206894.47701792303,-28723.142643768573,239712.10861811752
515660.77027622773,454890.8617548011,276543.4788701519,479974.87157935847
560626.0305177041,408704.0260066729,306918.6651689776,600497.8070354718
333608.0619316655,286307.8589031253,175393.886489311,328640.17694878054
759181.8731285678,642863.4192175388,441020.2102332626,776912.9275873287
46076.176171498606,-20361.55153934844,-167004.7796024962,111991.70161285857
562274.282006976,616633.9045148778,434390.27443802764,614661.2615554498
573382.6646317004,436083.30526881304,410047.32523555367,622218.6437230262
-106132.9624647359,-192269.72590582003,-301423.986986376,-139142.90463061823
453890.9992852446,341824.7311135554,146933.84201039467,436829.35210307525
69265.93894037313,-318.7339876287151,-131021.90395443427,46341.52805507823
306752.28665280854,255101.72112491634,60438.43976556545,316497.2228227786
216213.98145223642,179000.5861946037,63392.27441908105,191456.10133456474
300471.8916848814,209111.3195890002,139427.96956449095,346180.0386296995
172577.04680299584,141072.7335143882,-15138.926596814417,147882.54034873866
512144.74291008734,399614.1428916473,299284.776204403,516384.4753845044
472936.12337277795,508600.58791400027,330804.9020474942,581213.8951487443
16123.392642889638,-62091.864709698246,-254755.47090036533,35315.93467347487
61849.623450633604,28955.919849861064,-122205.41486528667,64118.46496020828
68662.18025860842,28481.240046360414,-126709.94244036754,82514.36570048972
133645.27100620535,2958.47606410156,-61252.53153085476,97042.75664971268
467114.95163544605,519363.3925652921,302446.43437121075,493203.779103164
393774.02678641933,403870.69937881373,257691.25860913785,437779.44716831075
483463.2298123159,423254.2363350196,323301.3247701279,458911.7633430925
319932.8525437153,310471.2545536307,208470.32587862015,412041.29853751743
171083.4054878098,43879.77227874799,-82144.65430729429,72041.36175540078
44684.30850998475,3359.5742141269147,-82062.91924011579,97724.5457008062
276901.9257428341,243405.27223013982,47616.46124759794,254192.28808187763
435289.9444835058,421894.3406046275,253690.72064258798,414102.3670972163
694032.458288186,585379.5788849071,473773.27728564746,587474.6874507412
97017.61471481097,7814.059096590849,-93990.90366541082,119013.59132318036
126804.57832055923,124366.06220796751,-7825.473248186521,195499.00800536177
566445.9902842264,493646.6652940959,287415.1509548179,509972.6901615759
238873.88232211792,214150.6143172162,38350.11035055586,260997.31791060872
-108127.35163184104,-210031.1307142988,-297991.64326842094,-72951.22001295548
505817.91123149917,342779.23782694247,299705.32131083333,476653.27799706894
200343.02584942966,222745.42748821958,48632.93587109726,296851.6344644793
64562.62759492919,50519.564233877696,-85915.01287600596,113396.07370971539
220932.91956863226,133729.02411912451,97316.93575084023,208894.86567400745
-10905.501596044167,-93505.47635448258,-206375.69117274234,-24629.536591774784
413209.68733248825,361780.65828076995,150980.94484420412,413911.82109961705
323462.36665361864,388069.81587307143,167446.50603973435,320649.58344761946
471816.81856469077,441393.38596346986,208150.38061518106,381295.57562798145
434472.29514123965,368127.47368488426,186651.59306883707,372389.51524599874
122067.45238902408,79883.43753951287,-148599.45745124528,118679.35124672076
326664.8574466577,281701.2843706559,77757.30786454701,290478.95918667386
391164.09915111284,288466.6419316509,129228.71911151987,406535.73267287924
172434.40852890012,156128.8617904737,-37507.8090867626,185488.00029536686
84727.09526028845,20840.661199238617,-89603.33475037909,30287.020176042803
135135.75095353578,65487.30785307672,-46770.821605928475,113484.28359720192
56747.97427065368,16967.837669787696,-92366.65691312857,49572.843285597395
660728.4168267082,631738.3338766592,451697.2581527106,625574.8833311258
93504.3129206656,143851.89152266493,-22461.94812099065,101524.15356510703
347066.6010435667,263465.24100359064,123628.56683670392,350832.3139146175
79104.73254366592,960.2679910390871,-138244.14134426555,58633.470823031384
413614.650960607,287993.3365485979,183614.4104068037,389198.3579123906
380425.7884787811,318628.57600547536,152159.25154856197,377618.2894855727
611112.7419518821,582476.8758500908,468786.61852598016,693933.5471777448
392706.4701851732,373896.93465896556,279479.47867480956,442691.54406945023
439170.5867954504,487062.97533139866,241485.89735477022,519001.34025213425
528603.2060712384,419286.09806120093,291444.9563603912,509247.46425923833
509299.7990362351,465935.53356321936,318089.843359033,512759.0703572277
464066.3583557686,397774.1189884221,311359.6723330916,554265.6912859879
-124934.87081991666,-143680.61912806553,-313329.1513771337,-76458.64740124298
25296.046432074974,-89557.9707549286,-174660.51031279308,10522.931462287204
16432.88066935743,67517.37536490231,-69717.76138988137,65758.4385922749
185286.20865465398,92237.43728742853,-51589.49709282932,117916.5118713358
-121506.59281125339,-171435.45522856025,-258616.88661972067,-179926.619943352
487354.8713742045,360861.812108236,245773.41951820336,417378.45060876233
-104851.02960457245,-125181.98130719765,-326626.5071260572,-110183.95655291434
-110874.67892925517,-122473.83111161896,-246375.48627319664,-119783.82534808881
314436.9737872286,226388.34094815573,49897.9660644423,339156.90529464453
273490.33710016694,244210.7299990122,127400.5666308105,326559.3270282182
-90517.98512644437,-56189.13416516798,-237800.29205215233,-14826.19110538112
260646.12514273217,239615.99429149018,104986.00291812874,251475.33517400315
98022.01441960351,43540.41380102781,-49935.03263005731,104014.5022308923
559739.2709148217,380649.12208634464,251131.552743142,554827.9360244677
-6888.61543772521,-40383.83628748788,-140702.596193931,-11858.99986892566
212222.05534649163,239587.8119960106,-10414.28512610693,164499.09954005922
397761.6604429337,267602.0594637329,141152.54504626803,297643.53688533546
514445.94539481355,532240.8773788908,335162.57510540495,553330.0398686898
84871.03150994692,34300.5865908626,-62293.37616277067,7490.5363191023935
24446.01452950202,-8511.097826418933,-137241.8037984291,701.8459356920794
325620.52207329904,348986.2768049189,180309.79899246665,383483.8418208186
498687.9387566381,419438.09334641916,353313.80926342204,533750.4847174067
-78364.75331416918,-108931.78057544248,-264008.8666548382,-70450.12935422425
557479.6483781999,512781.84192604455,408398.46431780804,557290.6081404043
511286.3303036181,408550.6985923541,291528.65158566483,543000.5195161522
288072.99475301756,254496.48581266846,138811.43266431207,321963.5568384185
481734.1194392884,452386.91570604197,195765.12618433742,480112.65646656463
376323.50463291456,331400.6959112941,136948.7282008893,429108.0933269637
581558.973540613,598029.296919611,474334.4546952086,653315.8611553246
337451.1429596171,235038.97881708888,172805.64852074278,293873.76646829967
-48599.13643033424,-130411.63897792279,-244019.62674063275,-50639.08236015827
101326.0154861554,81339.3072738254,-84166.36038850143,75859.68785729608
263681.6916268385,195609.4912197336,178202.44083066995,220508.63777233416
661728.2788222416,572890.9555093402,411350.6960699473,620953.5648612545
377808.3753898394,329882.3724024369,291233.9903994362,403427.11371302546
173890.2077387045,80535.09754776477,-2844.337266927003,159591.10331799893
747207.5075640713,633838.1972508442,413929.8723115629,673280.0062927001
377101.5755866673,296957.2311115719,189755.66855288984,427384.439812856
538926.5028896295,492226.79670497123,329985.78887763,529902.4627336402
603870.5551645304,543393.7736759544,402436.98641120316,550756.1174204431
299331.0650282643,202858.0542039579,148929.86706381198,346957.1539518866
400778.85528870486,261395.66117470735,167661.54948578903,413160.45160019444
-30903.79461066122,-49533.851386825554,-202878.71930271992,19190.07198594045
324402.89437247254,287194.04717752605,177384.1800602997,357124.67238390306
423447.92922986404,376551.2290929479,151673.40258872497,393294.1844201598
194077.55785921274,240356.20357789332,-21234.135765307466,256885.46813619474
277891.6914644437,241101.8191013357,114748.75840910198,288541.80883024714
648665.2141129768,556913.3703115257,538805.9151369986,667386.835383714
138444.20497700945,120131.6255445506,-17385.897079982795,173556.1363340984
-122678.16919328645,-116581.83416831685,-225006.2674279554,-113567.49640870746
152844.86507962435,134094.23932892247,-45871.514029702754,212869.9600788789
588267.805718539,563233.043985167,377439.0915170399,654772.3427735316
53445.79978859518,-14112.077247465495,-127712.04842564295,150898.37861307606
-37758.52942334581,-61065.04517968296,-181484.35766495153,-28116.50498279382
468455.3388509095,383754.5214254535,234445.4403510692,360358.8494828992
-59754.212041912135,-102515.33503676648,-186268.20594750973,-13031.284781043825
-145393.6537172405,-139244.02110829117,-257129.9730106821,-54473.57224724424
472011.37275305914,468961.1372617744,318310.07737311034,526540.6285907145
74131.09105236246,18007.29326056468,-97858.76822095376,16702.81262874941
26987.357228928362,-64195.788821647875,-191825.61194816965,-36418.91087886662
230314.11987687869,142000.02661609696,-785.2317444293294,183535.89953237306
199037.3436153417,112465.75386432384,39096.32923389436,213517.05973797466
207880.21640604187,133837.99777052528,13616.681660393137,102036.58214968583
239387.10311864468,152215.85121323494,41261.36293318099,187648.0775313821
4364.71451243246,-8673.91595583863,-132519.30770698196,48276.10205716314
215387.77920237847,212804.32385332172,32812.17578323861,273604.22603441053
238568.38273010752,131441.0341039626,35855.40477721591,155921.3115814589
672697.4258935684,639926.5625268652,473566.479518355,610819.2673322363
88302.67444704869,64089.63462933514,-45208.1770320232,68050.81854804093
597464.9618168832,454982.4545759179,313839.47278257296,580585.835828912
226767.90722241427,141326.04959600093,32145.565545131336,236777.90512458258
-111845.69752938213,-97860.25545556971,-276065.81660343235,-45417.54053768591
558990.5351487475,320030.98256299715,257660.72984833654,415158.43648478354
234737.66299845453,191262.8727400106,149966.10724723502,293976.2581628084
97605.31762721366,61716.118325344054,-36106.24042634037,111189.10361384286
121739.15363208682,121122.43177735596,24669.850187620497,178209.02252077323
289961.9287614203,273201.60210796085,176161.46154349972,316349.67717268085
442569.99728333694,398290.17204893124,293459.9783410216,461336.77550884197
254919.32483056642,160731.05933277158,37988.494446458644,308025.05224271654
245810.32170539547,252866.97102783597,144679.25077242916,335684.4115657796
-81577.41323000123,-118319.59409510973,-192153.82331351074,-23741.797087736428
-147534.17470650148,-189560.8568799307,-285328.291197934,-67402.64020356786
371510.4345214454,268074.78739102965,138885.72025499574,291721.0806603518
572950.8386011154,497992.5149197185,326888.24036722246,581400.3117381071
575526.854391485,685886.2167710441,407808.2875449065,674886.7356202933
586565.3276923071,500652.55058612395,366024.97538564133,569014.1732096532
264358.3062643835,158353.54176804074,51071.59331580519,181062.28373021958
319492.73611863155,221701.31383749365,37583.158200555365,273960.4416491261
62970.04906144424,55105.46360853547,-114299.92232996237,64562.13181808835
-187362.55997230177,-206275.91960920556,-268504.5558068028,-178161.74134981137
390978.0277521452,389868.02898463083,243684.11963317508,423470.21933601017
456267.94747803104,341884.08004289796,178840.48695708183,343274.1254242604
609421.6641205957,486835.58385599277,372380.5977042797,566257.9001033828
439021.1554815674,435341.2380436575,258968.01072256197,441980.49072911986
662166.6710386164,590122.5046392179,490101.4324923408,718492.894534711
340612.80213714205,258328.8932823179,201248.9973160685,258714.52038640704
-120973.17888254626,-153288.35833824822,-247449.21874931012,-66441.22812807013
158140.18032653816,156243.9908999364,4240.9389700555475,144299.48147800483
586849.3926660055,540374.8694830171,458454.3171142681,636107.2344805177
-125224.31275977968,-111350.71131019725,-225711.91866952518,-132999.88542486908
451372.59647576115,389842.33705449593,192584.53673839162,339264.01110716583
93675.54967066913,4723.451031463803,-138420.8193453587,73156.00489810202
-60178.69558778813,-165156.7739614871,-244858.7619355633,-102399.51181892911
552165.4794931991,464734.12092653615,367952.52332975203,547973.1472974736
761491.0880855606,693450.5818198328,501039.4475527444,784029.0124270688
534076.4673343475,484804.4749363344,403136.6821491275,557448.665252215
57909.8661731421,-98623.25091868272,-167845.02617960516,20578.35303191509
344481.4241501087,293574.89795334823,102797.08569175052,298623.0004420448
184650.9149660603,102671.6783050613,-50421.56632371654,130015.44605538843
527298.078620262,372167.21732274303,329628.1028334092,489438.95892113296
-73120.6734019129,-172180.22132261703,-259747.08681289206,-112156.87418205303
174507.86502928997,136187.86879251234,-26039.70589788491,139018.39098575898
-51790.14880760532,-142900.20394751674,-220955.46731997485,-12540.137732100207
321150.2959028182,240316.91329152463,187521.66940913617,322252.65135001263
-18244.73215494887,-76372.81609274994,-214803.56392578804,-11338.82179389242
261000.94434311928,262029.18133844738,163178.60761337262,298589.0402639373
664968.4277020518,671606.3335082303,526688.2677596259,687870.1742180071
181376.8516046101,240580.98938204884,129315.9449363777,193370.28043990652
80399.6297158685,-64372.01907489565,-117800.2665645323,70012.45723582653
169135.78688490065,113778.76044343831,2447.8618387710303,192474.12164879905
251129.55194091762,188416.22797754675,86523.15669815172,169853.692905057
-12349.132493319747,-29111.29093238263,-183560.51406274294,2177.891952052596
429943.81404002954,350695.8975186683,174362.0703839924,387629.7843721161
193659.19423793966,170093.31374469795,80884.04201991961,227018.03878348402
329671.24129142263,315409.14736431,215781.6983869028,355064.38327083003
-41639.90453468426,-161961.2851798719,-243180.1427500259,-69223.5605932959
-114649.8652301149,-149595.58583965845,-281025.9966886463,-91161.53484582604
354203.5746490181,290058.7129644487,232534.51268618694,393707.8220290905
621520.7135250983,567887.8437698369,359713.07539602416,636592.0349894783
-106310.08724881953,-158003.73097012402,-297068.1703695654,-139448.40963510214
185203.64664482034,102486.85163784341,20509.507857366232,140836.35076524795
130549.61744884227,103390.63391219173,-32799.27006005158,193402.7302350799
610561.9019051993,558221.4094814204,381768.83243881946,691728.052847248
67377.65414949041,-20402.3206425939,-179523.95039381826,55388.06940780149
455721.5460338009,311361.1449368276,272583.8563914177,493373.0578881132
235394.15632843948,160893.63069983944,34527.60884242074,180494.53368805523
98267.65494185418,58252.623489460326,-86907.47190644534,105642.41951364011
-141353.58610865986,-173605.04511048098,-259888.51282975997,-131838.69717155356
252026.34049720166,192290.22637748567,125013.58324162068,348662.8659252076
-114597.03094840329,-141916.34281878418,-284800.0049441095,-95024.88879905437
638996.364494181,613683.0707252123,508508.3202291728,607773.0462036142
556209.0785761068,516915.1919977458,335191.04853360215,506362.50969929725
270822.0176888802,155315.9551517939,61299.18268529,334208.3484186644
75125.28065285261,43950.52083621919,-105634.81535898021,63660.39800777123
92244.48387726292,49721.64893811883,-64137.459775568685,71794.23813209799
-45470.41701803822,-30453.1682341072,-170483.70912918233,54139.58842096629
-72358.00360953587,-228377.42239166307,-259762.59206713265,-41683.530187767
242947.7684781314,112580.64242007607,7317.615700600087,231358.7325297459
255355.60324054153,148640.48867781437,68162.94533756957,242845.35737778805
-113758.10137576406,-155835.9541504985,-325034.1257555277,-157333.1712972389
569403.1788058507,483947.9299343735,408106.81034422235,697605.7787343191
148552.4141538142,156876.93036219745,-74235.96109392447,135083.36025723838
600285.8716680589,448773.54269119794,315180.65223590937,546365.9848361945
494343.52552069863,514752.79871038906,342195.02625133714,633702.7289935674
355695.6750902942,313322.30793449935,229590.00358183193,366519.7963603238
62173.97838904511,26620.987030756893,-118948.65575428272,96577.28398143675
599788.4926393954,618964.0770075107,426816.2367251379,636281.2125615787
-65843.56160729541,-119743.41405684361,-256393.20344815758,-150729.35566289438
270274.2165174723,185288.66385892965,64782.666050251224,308818.457735248
562074.0961237494,566889.4118818827,362712.14810587536,651135.2802766522
513851.641342283,430192.1237413031,324498.16523526015,442107.5833388895
355760.5286720664,259007.51593321224,108032.4304187313,310703.4298525
684785.0890884036,643052.2128119378,406040.83863110526,708152.3388215986
532960.6248455734,486333.91432229686,358036.1767060604,604526.2634129699
629127.4165300005,543186.0550627012,372611.1667309059,596119.2243757118
-106388.567851389,-119804.50493437127,-220992.43525229313,-71091.89640696254
304913.8802351933,298596.3823656987,209268.10203688464,401627.3970905739
-52761.216396118514,-167394.68292277434,-230585.9509814105,-119235.80011855019
790386.4148447944,689882.0035333375,601050.9146979529,752640.389397809
223654.86644720368,169337.40224599768,65443.1997433817,241812.33101059892
222128.8629049767,127964.46944791812,50800.32325493323,221559.4573034572
588356.8168643569,500069.8162804663,355227.2381502595,557944.732317135
194166.42332535947,96657.24747748952,53168.87062729569,196902.4904221614
426162.3976084173,320530.90683410247,237155.3914889797,418982.47941425466
32273.52570956899,51684.82612987643,-91859.4903886345,100952.10236282577
215060.4331886773,242879.61731365253,66953.63964090368,255692.27796903043
439731.64256691665,320249.134804165,179918.42375360464,357247.6121090553
71660.60559690965,28353.66551237635,-107472.78162237315,18218.348674923705
586159.6977774599,524293.5422515927,398185.7253497462,591780.1917548501
-52453.16167562595,-113178.05825007474,-181726.9659493668,-25117.535983400245
415083.03456604783,317738.9011881994,311189.58210126613,381374.49199255754
335902.0210604542,227386.79894749506,82793.7782101531,288371.81397632055
312105.6451149341,252121.14396778494,179346.76965938124,298503.89313872915
384893.6568377287,366360.2255675283,195109.57890691783,315337.8961044663
348684.93191285804,279097.1112201478,219355.26857443491,352371.6394140547
-99904.00096555386,-169712.99902666814,-235941.54534144612,-122110.07553672709
387185.8548355455,336030.8695494854,178501.88561676198,332331.7518294492
528684.770725941,546437.4167016298,350563.0725307651,528201.0249532757
303527.6960472289,231624.60706493375,145313.30510308628,291817.3918159392
437365.63611070137,313231.517175601,303743.7377192519,437507.746444018
436601.29864305793,437066.751750753,152300.01196741557,352731.4433137756
221241.76332431484,102964.7097036948,52729.57259213331,218457.21260722424
72445.76562195737,48717.860558126704,-103214.26900327171,111102.60173803777
549559.052209782,544286.3943692478,420437.8102727715,538152.1044018792
409562.0209470906,379796.377143931,214094.7354395996,446506.8141544751
25720.971479716478,-23600.723411087063,-144442.69473232533,93598.95306825754
-10243.824333695811,-38081.26126443723,-201813.21188581584,10768.524790091324
281222.53891851474,163880.67390179285,110489.58738119714,353433.29284781695
570932.6560171484,539728.6405482758,360412.576605889,604128.4265464507
-151566.70183923142,-197947.0814048308,-321613.3942498972,-185758.7808520078
31730.201502038166,-27612.32109126239,-110029.93946921127,50728.46194547834
341617.4353333721,256358.04029599275,180024.28223711438,301996.6573225567
410220.69337141863,384508.75963811553,250609.10197395482,446490.4965493124
229203.7549078291,232081.93250502273,58612.23322607635,263951.6361625559
-23990.647075893998,-135383.27591908543,-213987.33048112254,-40513.64477209718
104329.87596059474,125428.11732152815,-58981.76877608395,186177.24265349854
653376.1385291268,442678.55579815817,480000.1194476237,577584.7337394119
392693.908292052,317879.3561789789,237250.14400771633,455738.43383422284
-148071.77633815008,-208125.9636973074,-311131.2807984136,-111348.22123287746
322681.4830542895,289136.62202316104,152319.9548451464,345226.83769173943
374323.43442124,441014.11729534424,220874.19824733795,448152.51251235255
79839.43124618917,-7781.685853989329,-185076.40874443896,-10310.115441687696
295656.47925260686,231097.4715239955,172641.1353537127,275187.6450260647
317721.02461451234,206335.215281197,157485.17069845216,365550.92328064376
513573.7074848475,418372.95332099777,339267.08643436234,505483.52429738035
131169.78303467156,6415.217188676121,-20089.026885855943,92370.26884705038
132272.7915082845,130193.83185615402,-90094.68946096965,151140.35731110314
532353.9585912216,443665.86165570945,355836.82226135803,523545.834400569
29582.630521722604,-49110.17723946029,-158329.93467562553,37212.46704713057
599166.9686680848,596157.2160231599,454924.3275052683,629221.6422483101
-30836.797973456443,-16836.84083952231,-193893.21137931873,-46231.78121410182
25865.697458031587,-39102.44549469615,-125292.32548317336,18998.65750375192
397582.10134241544,359459.8931305023,240509.78147510032,392597.7255861298
-81030.62517780659,-135675.48642022017,-203914.90873632452,-84446.04388111114
488511.68498681474,391920.3204828325,304487.8896113505,490207.45156199497
649276.9128429443,666186.2799363453,526304.350555221,633861.7518122841
484595.2962787235,477166.0901387568,332854.0860813204,532144.9903936373
324803.3158715429,242003.98265598097,57086.40307916957,317717.61845892004
723289.4350470095,589376.4966978449,489985.39607594616,629021.7714821796
-51282.648150137975,-76204.85157276224,-250101.214189808,-121052.64531311393
601121.8040707875,544350.2322243238,465427.23070494283,681994.7981502255
368912.8541574145,339816.971049333,128418.52442177944,438020.4728058296
354876.19079727295,298661.11152183067,126527.80445863283,331814.69702237856
463645.15432309476,403556.3605650924,183482.35459030338,365706.1569991377
97076.79768799932,10007.53937733185,-136572.76739254757,66857.53077765799
658323.7228424582,555874.9913063766,440585.2636197867,653465.2453377396
-56224.96106760198,-34656.675072671904,-175177.86783177877,-54611.302364811476
-120679.919742333,-143084.63766152906,-308641.42795523885,-89473.63325460855
243953.1966531605,299603.2925882264,48955.87305542955,303242.78418609535
27456.537950983155,33071.8946106903,-110698.0475006008,76555.19653259846
295610.0528932265,295773.4650958355,120311.36051192798,356253.7924775352
578044.4162192151,556490.8583978922,373618.5551201708,590804.2487526331
674275.1646021369,617929.9371097111,497306.5753126015,698601.7669022458
299959.680067937,278431.1836010058,92952.04103745741,280316.31530730985
475885.12247218797,363935.9567286816,324089.55208326736,481743.51874124934
546577.2267822826,564354.6516587082,397996.34156873915,610682.1478653271
-49549.95579782163,-75833.86716611113,-188239.90681443887,-70465.16958430852
332599.05959969934,295370.5180111716,165930.63534831873,337726.23825609405
8781.570408582164,-84115.62017652788,-192940.6012971918,-33274.49876818829
356860.321385778,334753.1975513628,189398.77052432427,408502.8781194147
-135895.93797135307,-163846.3968529933,-205683.4752070898,-65921.11966200988
348115.17390215956,370096.71558902564,165845.28682481206,379614.67581528844
301024.98126929416,239235.2615801181,97227.28828954475,248868.80829154933
-23191.913863541675,-53422.66483289411,-196883.84226600558,-82651.76772370143
65608.23177646264,21580.198749002768,-154015.3428354807,31449.22742292448
624101.2004108247,546320.6902718444,342648.76853728795,643312.7476969084
38570.75272500329,-74428.05206341704,-157497.35012072744,-14948.34263971477
593102.430057396,537429.3921634501,450318.9495436597,603064.1866425856
76261.66791426891,-115924.17364073254,-106527.51684017689,22218.27157140785
330528.6255111069,224529.3505697148,177246.0047837774,343350.41217525024
203308.15120334167,185657.2837046769,65730.78010634938,191466.70487934316
231223.64250289556,238122.30330685969,78948.13782868965,299791.3585030297
625259.8865408893,630290.751879093,480933.5791285237,651221.5032500227
53890.00762768998,-2678.6852706363425,-87810.93338247237,34057.000499591
-90036.29499515,-183650.5772548056,-231293.9871441127,-116378.54027389112
-12646.811397131707,-44737.196373899234,-166937.1570292398,36426.241000263835
579028.2258567365,566943.8914845206,355334.03355483024,647582.8572186597
146577.99498615647,80188.10511458607,-64115.688885230455,228787.54379706772
712172.5992340336,651342.4343780768,478316.6040571808,738468.1267296048
370929.3947544503,333250.56345036835,192316.15351233538,443427.66032434115
355558.21963990456,364828.2535174999,239513.48578094528,372158.8164113115
-10200.766522068356,-85428.63482500135,-153622.72470404353,-5120.834561825381
320749.2986366657,261237.34232669428,134930.89133662812,226641.15561333613
17574.117315134266,-38567.563764238264,-152472.70427380834,36817.577621473
2669.316418734961,-69366.14829448925,-124693.50453921931,47784.224696101155
527336.1770395956,503523.41739832005,424641.40660081326,523756.20818439056
182144.75351306505,159086.06701007043,-36433.7200893258,219783.3981465376
114033.03805040708,10452.44644442317,-122337.32384174725,120105.55440199084
636554.1684314574,517975.4594564587,517681.2120366591,647464.7529785826
667630.8002286921,624456.579956504,437586.8076987568,664787.6082789332
416683.7191220814,289594.7290592913,226219.22132907098,388111.6841707049
336241.3074061262,273663.1720656934,81898.57614116871,328032.1490388771
342628.5572153494,252847.95626694185,167972.30911006464,332959.86707560834
48342.10721719649,78446.3330741818,-8275.99132927612,145409.8074136183
539084.5563418589,480609.556404782,319517.3600179298,561010.9504832975
219988.9909103082,208380.46321043046,58533.797398486175,285348.1711858199
355954.2765817463,249189.4904035097,102775.9671350168,217983.78746265464
238423.08631376375,182037.3623414965,35488.650256806286,211913.33475836343
-34971.3287155187,-171257.75202595262,-215248.22011526558,-41503.94776485377
171635.00469134585,51555.0332254126,-74513.36549167603,113832.01535184192
607190.6576277914,541608.2133921238,384738.69298300846,652850.1220219976
166407.2464935896,130049.20114091004,101085.8367999905,249494.37181293452
216439.87824752321,184161.59928520315,7000.992717081681,204683.9800120166
554472.7988095491,513595.77816633135,346963.3497445142,511170.1142553475
276281.346112589,291785.86165587546,119604.60022245557,316896.6658622569
538130.2846135072,471288.261739686,371488.40734683664,562906.8319395888
594044.2230341416,645986.1092058634,388005.0783835364,619520.3802445836
666171.8345057669,568807.5497621414,510215.22373485996,680354.7452940354
-142385.43265057303,-181664.53431506042,-305028.2191596784,-117958.90414462338
382139.3847735198,349625.49239825597,210175.08730082458,406973.85991121223
427520.4538047728,332692.8482280341,177811.4584367025,353762.40503158467
391733.1502529192,432502.22721816576,298549.73374566983,352374.29818179074
610318.2362902449,576603.2253906047,466469.80317355355,658135.145826523
-214225.2833867587,-224780.7778050411,-300957.4558038324,-142921.59622126172
347132.80411929835,200227.4004917827,175460.16235447372,309562.60511417117
499165.45734699175,436712.1006601404,323486.6510838374,539705.4929478035
223638.49394296983,193626.34785157337,56287.52707733947,221460.26707482408
450323.6823378231,293923.07821401267,230353.61824192049,444992.5397534027
402332.7466563408,348118.64301454974,246871.58555868594,514036.69594885793
533058.9795315331,506707.3645396156,293372.4286318739,508884.5582232671
366988.06275564386,378173.73844441224,233831.58296317176,386778.30238688854
270933.53620596183,267157.97298842063,37466.210528219584,258349.2831339013
397317.4711772583,379180.414524199,187865.68536652916,357033.99670784955
33284.0575105435,-52774.85061980819,-152027.52712103445,47120.231106075924
-152578.6871020507,-116938.03278214083,-316474.8745431242,-112123.86410344095
366408.5452567183,269634.674990601,219419.6483277788,365823.80991578253
196699.97042596876,111192.72896443587,-41116.42395190243,172210.3351591793
418495.5205309191,378792.147542458,201734.78397993627,391689.57410694903
433400.8122501306,388396.39549721417,273085.8750587045,449496.41709440225
529130.5923670674,361876.83409992664,340529.47896677256,466682.41971395887
-128295.93009060022,-145438.11646545288,-293776.88515128725,-120814.49361900333
-151376.0739810411,-206210.30392418237,-359678.9615748082,-150850.77757956833
569159.9598680311,544867.8626957743,336470.0930652437,596553.948651264
295319.8420213683,168147.79471422767,36677.53793230967,294319.6533976068
300297.72149915074,211437.53196964914,105991.82994756347,254568.56519032537
490737.3540657434,416778.59836200764,264786.21745082375,525909.2559212253
669898.9842825525,563126.3717559308,430619.83043383027,593510.8865608999
229231.19551536033,165073.18007893965,41472.58619312639,287215.84163093904
66882.787196422,-18381.700736739207,-116080.8347764205,69977.68370828056
9064.448661072645,-10458.016100634239,-170783.0072179375,16156.00321975135
197309.5813491072,147239.60918166873,-57365.21244879754,263643.4926619625
460441.49926835066,357734.5017618183,216785.03628379398,437412.2249755579
-72949.83362467494,-85913.09910932404,-141478.0727871022,-88260.19314539176
301693.92413950665,267657.4601858291,104127.55993183993,309449.43789687485
-54489.98664269521,-137459.6255294624,-274440.97101123544,-95624.75853912515
73944.89818540681,150713.727510456,11397.94346159359,229082.1915872735
562814.3153492722,538201.7904399142,453671.1275028804,676095.7582733291
389694.1278859511,315687.654972209,174702.08259140432,374548.66627848847
570300.9996860423,368447.50902036706,290574.0561001572,562400.8063910694
93744.92803396157,100306.2198788767,-75086.2163012001,172635.77490117063
177208.7692633504,132425.85112194857,-76428.29871655186,110099.24130405369
520717.24591904576,363559.576988352,294580.36812006135,479905.02981828013
314391.24968532915,250509.18668177666,144146.21452434734,335913.64091451815
563562.7268821995,576994.3160888043,370068.0702380653,656649.691826697
597756.154648998,426211.37079787115,395647.13905777934,587013.52843306
85767.86683572107,23728.92440404184,-76023.93075955554,50536.020595214795
318977.5074161575,360853.723148666,176731.18870118295,261838.81274239183
572341.4608471794,542357.7826215613,351927.9176436319,442613.2365082763
320016.33342928137,311408.0451131428,149600.3570294556,316355.0945645431
121714.1416750293,41205.93366950296,-79509.99585357925,88817.82379251719
-69421.52712276392,-92004.73684850737,-219372.97950364882,2601.6924408078194
320350.6035356781,268905.07105354406,107961.65410386643,261084.49445738154
638985.3615065205,601300.3662606629,457378.33765723894,632443.8207202132
507237.190323362,424577.50277651544,326430.3305984172,513649.0043299622
288903.3833449591,234913.19786507916,91128.42051909945,239873.46521958231
175699.58506165643,67887.47908984439,-22189.99675058259,132812.1368838019
475641.05512552254,377115.0312293818,262063.53832941293,437883.3654521152
486577.24907440355,435096.70226153487,242085.98675920127,524979.3601843597
462161.23701332975,399038.8676091193,290436.755748471,513475.66162792966
321024.9861929136,266456.0311774607,173008.36370633217,365638.1850066654
299958.06342519715,243374.12720400246,130344.2377718325,377926.3288135353
473610.419343079,436085.18648279225,276333.36657005735,432120.8224004423
181390.9937951141,212373.47304706706,70423.80432961532,303369.2138060967
633793.1670165362,600488.3613853548,434235.0507413432,627656.9073299579
390596.2320896381,385982.70827677334,175097.53138683853,349628.2653795786
441831.9238226728,392219.47520794894,289196.2960203142,421766.0837953313
434525.9755856354,263862.5687746025,254051.85580823862,421778.061516913
548879.0745016101,450711.29758362856,283421.40013704146,483399.98418033926
-143167.85774736514,-165680.70573542954,-304227.99880979676,-128139.83822562703
419530.59586732974,269269.33787180413,268014.17483563256,379594.63262700336
136698.52884570218,119044.02340592723,-22993.613209009985,152964.86191832495
177647.56881939783,79179.81800369313,-812.4847744816216,132736.03067644348
268796.8404186575,204316.12472818058,40250.686400863924,226464.59702603612
237613.9697712137,84330.92690540769,-43092.90298652765,109190.77006665035
13428.846369746432,23799.213331816834,-82839.26834635402,52420.371807666495
28451.07741074427,-28197.790037285362,-134550.46216536668,62154.354402198805
115959.81354944163,56234.32015890465,-105510.37977365544,85984.50919059746
-98975.87654036668,-201930.55326682242,-259820.44270836894,-159740.1856461013
403695.7632460934,342294.5583852838,170491.78517279855,413479.99117694434
447190.6684311626,380343.3682023721,339412.1656521616,540163.9779490812
665327.386544615,640013.4325084966,537666.9501651624,681346.650976494
609895.3110995837,508684.08907093364,435243.30245399836,625365.1466635778
358198.3451057399,344667.880561815,207821.49275001185,457385.3362099123
-47269.44772572495,-48974.36014342797,-208100.19030128862,-36772.314309671754
427711.60561005096,357795.0233040886,341271.4471290958,466946.7274305719
-112743.46107138362,-120398.29518404318,-306303.8912633667,-124473.95984949492
152459.31423766864,88521.77477712336,-72574.6149165124,79049.46880123706
196924.5205153718,174292.31549928256,-1483.0569259846816,234677.59405320778
-145094.20182983956,-137484.91912905453,-287064.1953232106,-158781.44925228262
579877.2236625813,545115.1006384233,340838.70740889746,587353.9339674532
524474.8714688137,405691.11293146247,276402.68241441634,425569.61890299723
271415.53692582576,249676.2922216073,115185.4308465774,305146.124853789
591074.1536710949,557710.3260023051,394973.32693672564,663156.2113366567
108465.15069569694,7150.129573493963,-74884.86924578634,-1336.3693551827455
196597.9077474582,53696.858668226516,-30349.222231886466,134764.23865432455
421042.04547962593,447244.35972071346,288816.1804292571,531868.4219404192
509669.36873703427,389196.94180856075,218386.80475772568,412164.5223299698
-43391.14097135363,-124844.17727926112,-255351.16543812945,-10756.918115394947
515738.5904699485,479092.3214089222,209747.4211264348,434759.5350088121
261915.74768942734,224504.93537506706,67123.84047943342,168379.5401080515
422078.3043156015,271477.01831718476,140581.47917983646,384576.88343528844
-105667.41534285143,-155441.56459669973,-252820.2004937837,-62857.658271531924
634917.358931775,568803.4521644986,461515.70373822295,626638.6189136363
612248.2328684607,528703.6338948959,398005.7449479732,621798.9570742927
677929.1698112243,632113.4275236854,349600.39396358235,603266.5447110017
118025.79758284369,91534.590751432,-37470.784140218864,151386.48809800623
-91659.86267719744,-157563.29645626497,-271899.1018804697,-86375.98471867264
328230.15785091906,304963.32465772005,145374.7501904699,351733.1994315417
40572.85719777353,-40762.255929621286,-157896.21882520866,24943.273002580856
-15874.827172256773,-76771.65974878514,-221035.9859339639,-35059.0285340604
-63028.1011751715,-65516.011757152795,-190108.5877317731,1334.4468921118532
-18364.722995371907,-75313.5705085874,-185300.62425561278,-59039.37149897474
10682.639548417472,-10653.37888811552,-102722.09854948975,43444.877755895024
148077.02512847655,75682.31204573449,-14855.331776021747,187581.74068570847
168017.4790819498,98857.44280076702,-29793.121343492065,68838.95815746137
643345.1106774926,536483.238680169,375284.97103137337,621524.2219328345
418939.86442164076,321047.2202125661,203458.32556253928,435992.1938805998
-112126.24539957894,-105941.95745709038,-231115.55688829743,-84773.55280612898
193539.80671258376,150341.72289214446,104883.08276766515,240134.37418070075
398708.7000194201,414643.63164986286,315591.0687242084,469060.106216218
295659.11677800654,244974.9554705139,93523.9505362052,320437.2448633928
639174.2988142101,584580.4133289019,467389.0696378803,640558.6112557238
263035.13127932115,226579.78963224392,102096.80924208823,255720.760430792
60748.16794708243,-73109.97942607972,-127629.39245296997,28090.880837658653
402546.4797253704,326722.25824448466,276237.933574192,424807.1734527368
549665.3171284806,471741.6337469459,390041.2813630727,562479.2114627515
-74672.25819080893,-138663.2090619352,-281330.6077344265,-80722.4650103267
217224.5482507547,110422.95709633932,8311.079522654298,109802.32380362996
-16441.9743735214,-110242.42951954558,-197715.68274718622,-61682.521890369535
-125113.8604069823,-192168.48189966544,-322239.0956682863,-159483.7789123839
344905.5486847841,335489.19748856965,132094.88663865696,392248.7260859703
534542.0630527525,446808.6815719388,389990.19553810055,552386.1055619952
302327.0710041572,323290.3376509913,98170.96627949527,372839.4309094469
90250.64476660767,14060.423331454978,-53712.849640090135,74655.91407808999
-168046.32778402494,-159020.76874235057,-274168.8142556251,-132477.7546273581
325560.7729462681,262801.4919649133,164465.23962896178,423129.4555809278
381050.37540610426,328713.4194033836,192729.8211887714,384879.1031487271
440264.2614473945,337225.5355480588,265635.0771272194,434748.69812625484
430821.3672929992,440366.49015069555,329339.1324693536,567202.4896079155
169378.73780628422,136268.49968122807,-73808.6889058738,191023.91903683473
120067.01803709927,11672.728604266653,-121442.94781847205,120339.98234427522
543919.9713292399,493034.14911479095,315248.75036845787,453553.63083134464
100489.71501143568,-12456.375796130043,-99182.4162164221,161385.40389693598
128302.25825672736,111767.90636920591,-13447.01062757906,143519.0196178403
192533.42641488067,86267.84122167749,-11596.534598896862,109850.1036635841
544367.7477348356,431100.7528673317,311977.5111369599,524336.7434296339
411323.3719361749,403226.3098829612,273079.88859418174,454185.71957315796
186236.71687816305,151076.82339318423,-43817.911827656324,283275.7882241665
694653.0666864163,633696.4245325713,518841.45523309906,788260.98762653
82726.10741353687,91635.34928350162,-129773.86441200704,63244.726171149174
493986.80030402006,453663.62597982364,384562.1893161944,549468.9494966683
522542.77263645025,517806.4398739659,370556.3556254335,589134.8050593038
-49103.56852388894,-119073.6289722466,-158340.42944502825,-14960.962342683168
-152793.24751323398,-187810.68371104856,-274369.6447887004,-98578.91225669062
323353.4312839261,173227.99019158445,72519.8614235816,283132.446278258
-3745.3984469000134,-37081.19098191103,-203865.67602054274,-61527.55996962142
-24026.05285028019,-54950.291582508944,-193565.43900796294,-35412.96468778339
604226.1706732006,519897.52154306625,313264.98341788875,592942.5545403515
455851.9377315759,406002.25228190736,230184.06590995507,457261.2418652602
667071.790987317,603938.5375711534,500767.73081535974,701812.8111599903
277274.2486786668,231477.03350871953,101320.73434629338,337030.51352766645
353382.3972287909,205568.66540614958,40774.407886989764,225882.44328432844
-127308.48524745763,-178095.53075975232,-287737.4983188649,-152770.63964400144
667851.0873741286,613418.7550562504,490458.41771423735,667172.0914802137
245957.07289635018,259768.1724382284,53462.936864681076,283366.65646872506
605255.5213325839,481161.1754325032,249808.0025765167,556109.816559335
58304.02289272018,-56814.403734134336,-109725.82792100904,53710.95733868261
-35180.86836873868,-65033.14865225449,-203486.60923327063,7126.760440085782
575128.4165084434,474473.1959453465,383261.92106464796,615742.4228659
-15386.026348279556,-38709.63259592815,-181913.44218457217,37989.97098447126
178116.11375661846,83620.82492492441,-7508.276820653235,160724.94632767304
711892.3741839351,680503.5116665137,452125.89983993873,714832.726720847
523491.7255438705,460245.52570240945,459714.33819272777,612767.5734597335
142072.27019527147,68065.31228898326,38250.782045850414,190469.57077572856
266745.76386721036,254540.40020947147,132521.3331635032,386545.0485129735
437909.8691597162,391945.162167114,261356.25205630588,497606.7492915124
484696.4711010475,471864.6550971111,271511.67626724404,434728.9466105801
46227.82803010568,-102329.08765690925,-205399.4321992515,-34039.37787344161
480571.55163850414,390542.6500682414,299976.3936812142,576937.8961895162
729597.5165195649,662211.5936828321,493425.7949888407,620579.0176273186
73001.01529750659,-15365.89069484768,-149494.92601637077,30131.465436498984
340094.5655607544,241998.75640871248,195299.83725897048,361039.79964028625
388162.27498695266,305464.13300964027,148945.94143053296,366693.65550660994
560715.1076120229,449469.58665978815,264951.37101160653,451296.41418672726
367824.4948208402,289487.1325850474,223937.88855869358,351724.52322738117
412495.099743841,353768.61530910793,172482.94517738617,365344.1086648053
465862.9649893254,355301.8642900535,153474.44155011128,397683.02961689176
161119.87830282014,113236.19350907812,14619.383103527129,201031.59572955302
65996.063053736,6001.810304051964,-155181.89080115972,-33213.31318866089
55217.78909404331,-16406.181207023445,-141488.4125307161,8716.483747894177
424751.2196159448,331592.31557082373,230373.58824423142,397768.7754571497
-135907.35591029306,-149426.30941615853,-245130.54093688168,-167081.76134835632
698164.3183531226,596057.2977367507,448831.93437238515,560218.2790343033
-104599.42408908816,-199975.2654018441,-317084.4634386402,-151795.69468855037
153232.17403480655,146348.73020173714,-4361.086491563357,232331.7052730188
289695.91287778574,244474.48684651242,45044.34759597352,227534.29528661945
404707.4855127407,372988.02392922365,161490.37397883448,422627.1776095736
140175.11360241473,539.9062689661514,-53878.61579903471,114200.09048204846
47399.66826494713,44856.926761155715,-97502.9503758339,72282.00955861935
277584.7698913709,150308.18267554883,80978.0432490696,278973.65802081116
509743.03017091856,337044.32240537845,180294.02200513368,426530.17397918063
510007.60947735864,443814.9711372589,404500.6322234295,541099.1980805331
252184.94118203665,221025.71351914492,60275.84080314555,298317.9526788248
43886.44537619862,-39553.880517878046,-111323.18331822834,52466.11917578033
1745.5408071234124,-80228.42122428835,-191987.29228449694,-45353.54837096261
674576.8195654273,657443.7709523235,401598.35777800705,731881.5413477854
53855.27744877851,-52768.00139770948,-78232.96465390106,154689.93439748278
20091.882315627707,8298.703963033273,-179269.44070574746,12425.760550824867
337885.2427957447,246936.5950815915,133092.41801861045,333531.9783563828
195268.05096277897,202385.43150917545,98097.96724017442,192995.9439719196
14978.91727859201,-73786.93510240974,-137863.06024380552,53534.13825876836
-74255.30115495686,-133226.0203299133,-269343.4253866622,-120243.08230556588
434258.79772370856,310399.91527987004,184615.41972394043,367277.2113616754
712255.7346670567,590008.404396811,439374.482734589,648228.9926923888
585962.3201079026,568763.3192629381,496000.2968730399,625492.6985764131
680405.3948213807,485464.1827268866,407039.54989896936,630515.7336178538
528573.7786885607,460782.1464692446,269187.14427027723,559411.3842160299
-17973.317683084053,-49400.6996396411,-114435.28570556943,33259.21171609999
366791.81986901234,391323.2387652992,164205.82798732095,395775.85160335235
438889.89801834035,355477.5621992516,253722.36777881708,472967.9409761891
196880.05255652522,115429.77217341552,38264.823432190344,203042.7678544746
-60816.19000362558,-175635.6760605203,-290875.52842054446,-96158.35140328226
627782.7688118874,644818.1017321034,480347.71355122526,702873.153839865
217637.27378953062,170942.76312119956,41065.02799416857,316246.30858156027
382691.34197489254,344455.204097311,240538.5248745653,454028.70906483533
479245.06458929705,336808.33894319914,262170.900621066,429939.61131543
33166.69539652893,-90240.69472772628,-191030.76112230693,-36290.7470975726
524994.4656586545,423312.0998764619,276590.0007102011,572649.6530396808
344237.8551579382,224803.05604227574,222273.67280222639,356394.6815961683
53792.96020823356,29019.619846989634,-27849.876475490863,70803.4309952975
338220.84897101263,279702.32290808414,142324.77016478498,312710.429087579
96453.02946997038,30799.06989800639,-109475.97408207576,10158.719122208713
617131.8238789691,552652.7635608299,406636.92599613115,583592.5128162166
559374.8783276558,446196.42176047224,342085.99607631925,492522.17133637215
531638.8264627479,498406.4618423536,262431.2211316029,505782.8252806696
258157.0642604836,187070.98848930374,61025.57687338907,192429.23025804036
628508.686945539,585779.8687468539,459544.8877261089,650131.5264316143
201253.3267991203,170431.8470076262,66774.54995632335,173402.13530437625
607047.9151240815,443908.201762744,311223.4886560184,553646.1805201075
-57291.92032901739,-71946.77463390224,-270663.6453069955,-109073.56899445766
196367.33913385903,249759.6656132344,56895.251171082724,241935.6165679691
358153.139003315,288294.1823896207,255831.9220111689,381890.1328991018
-72099.53583376901,-99636.60451395484,-259095.38612844527,-83822.37736438744
206708.61866135523,221759.02048381104,4359.7483447282575,212491.68845447095
236200.42647594248,168823.21301783575,32634.218861177564,271588.2007382228
416390.3600494721,384952.86596243444,278695.15732461296,461405.53938041464
276357.7216759797,155718.97830426088,100611.60727813828,247335.8312789665
574201.8425722234,560448.9575427677,413723.39968837576,641676.574388498
-8236.381359519612,-13491.113107090117,-152188.50857836695,40692.65110379143
298014.7976989399,246868.5078605828,208952.30921052943,291124.7821770692
683168.6815736108,564522.0721988035,511318.2332936282,646856.8340822686
258324.2933041976,145305.10401100293,69907.08008426381,196407.53710517054
435097.0414467172,318797.6232086788,250656.7494633434,446204.4531099829
548321.8259185178,448088.94092612644,318728.0422744404,532710.5516871032
684717.3683836788,581243.3526075277,467046.32143638225,607410.7318944016
-39336.44314681832,-136842.1814770595,-271945.8080104172,-66047.26226687693
155551.0562378947,81166.29109922773,-101687.18248312641,118960.29040903365
553020.613288762,529350.8207753499,365338.60130223003,574413.5840128053
292004.8099999527,220567.3598217104,83179.25951717747,263100.5766743226
24221.184794234345,102399.99997693358,-64281.33365643665,110516.728475612
1309.2807639848907,37219.203783592675,-184603.59547422366,11701.445269165619
433323.1583166205,437156.08628304326,188139.24723905348,383526.60401790356
-63906.80033047218,-96012.26347317058,-198518.53591742733,-43197.610586281924
609174.5396380285,544992.6526886087,414912.90932594484,600803.2723391857
-150688.79258781736,-171759.39593888976,-238456.3128133075,-151536.71178352454
3864.977915028401,-17632.220154882874,-141499.68902265048,26560.290347589762
732218.930615783,582364.5766325663,390921.795434201,605896.1882284025
438527.4108108103,444799.7741016833,235686.83275129425,503192.7446204525
554939.709215075,529652.960119023,347861.63929272396,523320.58598015504
504398.9141311749,460367.9102977165,340322.5786295427,439003.5649500678
298445.75729362934,229441.04346935183,52033.5920540879,213167.9410327758
302513.92498261854,248891.12305696472,120412.64430501813,308263.802449933
-9953.688323212205,-70101.01686230022,-227574.73524262366,-97352.91331889998
606128.1273642434,535326.4535743457,367545.8362830136,583602.8338281838
-92307.06442300556,-3546.0690400566673,-172969.53790370474,-25627.626671284088
350442.6003999129,299301.45731782774,142413.3715814663,365149.5156952534
464194.3913467061,378254.2453251735,290079.73279171577,453463.9981940156
333425.50183614204,247818.91467512655,68086.20973433577,278229.27384708263
320855.2455997219,232680.37478899152,59454.8636818442,250329.65295842523
253619.4523216344,241799.75593645882,64548.56687638606,285128.4703954834
-97.23238942533499,-58220.02166494739,-176721.17687168042,31057.41263346793
575946.7829682005,501809.66383384704,300018.92437795084,553877.0246669843
356350.18760868977,259394.9971718263,102732.98134449357,338289.3556068229
588209.3421656115,558478.1855727942,399332.72571384883,678190.3339940473
164136.86021324107,148895.35563735035,28627.70947600261,276695.48994813836
620833.1754628022,606193.8146449619,459683.6591699716,712182.1666892159
486342.5090960964,413367.28355088795,298653.5559903323,498710.5279167234
541149.6845687401,536728.2063534732,368684.51554746507,598448.0242603356
51865.15390322951,99005.86238465691,-106246.93574010755,106855.39284291596
371562.4870811382,275278.1479385627,155240.89782420348,448640.7401420075
673608.6513466265,597964.6271256297,469006.7143102031,574328.8050596605
455641.6774587488,291804.27735559037,219497.45518743212,464164.5156331976
139299.9846314944,57829.11100543395,-23106.362045012997,156745.7459424975
534135.6026656933,440642.21496195556,315449.0020584108,512218.88638384466
158376.70916096913,119032.31203054835,20448.34259032621,189335.1616909539
197228.49391841807,49386.086189096095,-25847.48512807372,120140.91333078744
347814.90039697324,258971.1113128207,89497.1275350313,282544.4886125644
42142.452420828864,90021.73503825685,-82708.24932368612,85851.60639674484
632848.4479228563,512138.84324389836,399799.72934902424,578799.3123734274
-775.7948787485366,-85428.59273183445,-218130.48432216706,-10788.600386949664
727382.5621783251,639794.9030442082,412923.5220714909,713781.7666033744
15666.436511497654,22933.934294406557,-195442.00539372896,14288.972778077528
-28886.456517131242,-127058.3424900343,-201529.45905640745,-4742.3102810122655
-113214.87006085808,-170767.1153672242,-319468.38624592096,-71482.120320749
59684.195634468575,69647.93216458044,-90536.18083540408,99034.19277250895
159519.97715262102,112611.07074975199,-1086.7495360694593,190455.02386702574
-20196.130750979064,-31628.63102741033,-182333.22724883695,-66177.05401622271
435438.7563485851,386662.6638298768,329580.92310743977,463750.3106646696
-39475.15691761678,-53668.04544729111,-214984.48877929203,-32919.8315014157
101229.11302735703,12847.762759076199,-87230.94033102156,65170.79702173313
329877.2165736464,318472.75561259454,219157.23768063216,383428.0326976845
-86052.35505844688,-164867.2617271347,-279594.5734402082,-75924.91057343158
-79149.38953596907,-109254.85792008694,-269539.16981271235,-69592.05834259221
-30643.814359211654,-73780.70497029478,-222481.85165037005,-45271.68906539056
38575.54384330218,79109.24695858033,-88874.2292001769,115605.00184372626
540201.19977851,552070.6764831825,406482.44577755674,592010.8278944669
343008.0771194837,157487.22933112865,124594.70932343265,283394.38151746034
362194.4886728716,347494.9769069726,199978.34406641114,355530.56828573626
376055.496649256,350371.69590155594,150679.75778880075,344261.2703893186
305515.20208906184,244513.9699292007,159861.41938694846,270028.30693301687
1006.5042480690172,-26615.565956628125,-130161.78162628278,-23664.99726130208
-113108.28550159791,-188704.45052832353,-289291.17594666255,-95350.36752132117
304698.399347948,230001.16744646558,148248.62115822046,297865.8446770604
58898.97448272514,-13404.507328539039,-134388.6936888685,54524.514776498196
235431.0407690627,167378.2188234832,38194.88448924746,249671.81325130467
-80861.22587079264,-99723.38138424058,-257564.19311285578,-12440.621137295733
730275.3820962172,613500.9337602304,465159.96005101467,596847.7248750324
571924.5283823388,549713.261920847,339511.26961077633,608376.8384213028
93720.1179190512,23197.88491357281,-167862.55211566092,62744.406723877764
557528.118767922,390759.16505350184,312191.4622424628,507489.2139116698
-106535.92759025272,-124401.42621676007,-268782.6300141179,-111173.72954987257
36592.18498669728,83133.19518819614,-41214.287991067744,106147.96623752906
-97323.40299915196,-146491.6707209876,-276306.9707140276,-121699.43499860342
523561.0495731153,429819.1134704581,264413.46634037525,480471.77760897845
432399.6984839514,360032.4933452733,323949.8693791913,402300.0877751305
717923.7309180077,669852.7495063953,562390.3008012533,674100.4095918718
-110650.60182121617,-180089.6817828557,-282330.58192435896,-106027.16981809528
462847.7844878894,426605.32818446343,227818.3858314933,487359.35260419303
312735.1845992033,220467.49576456822,80948.86107368639,367537.122457013
249873.64178690338,160053.91231597832,77733.86731795268,129728.39064102306
388037.3163212971,235471.31719606987,129456.40422863606,249597.48783670284
509948.45561926416,430810.37278341677,260134.07268441434,475076.7421830172
437137.39993494353,398928.72722969286,177782.09725153376,420623.0215610048
268683.7465652947,165618.9606540025,49897.30398797442,276409.348650881
686508.701229241,526289.9397886819,487390.32317739667,636135.3104346143
175162.50707218912,120561.27051714133,-66797.7434970187,130854.52051989455
632403.7364548019,539607.4842295868,411272.387534913,693249.2343931405
440928.82579982467,249257.45457275794,189952.7205443863,352426.3594611008
4700.603498807817,-94834.14916663454,-170656.55932368513,50311.933491010685
320741.49999634665,322396.89348718314,183961.1112201364,426454.94900569646
395573.5656932801,366294.1791079361,247248.10707925947,370584.20884573297
662230.991588102,539675.3374971992,361616.3091089275,561863.5136413884
109649.28181770595,60976.8129106987,-30600.360951341107,106570.93524089642
315464.48676995456,225860.1330586382,87958.71645117714,313798.7307638726
16591.90771388437,-67096.28311309859,-172496.2369746486,-58631.92414814059
15652.126541770762,-7554.818842897774,-92540.22336356179,76575.73817404057
650811.2865230935,481239.2635710017,446774.55219802784,683948.7019553189
333169.40956485295,297539.80825795943,176382.40570687328,364580.72931308625
208061.74223221187,150426.54153940454,-11093.869918637793,209802.01797059143
638511.3962615968,519520.56438496173,447997.2421607288,649869.6576269306
701299.6250273425,540413.6911487295,417115.51198979595,634463.048189467
485058.93765971216,454056.2554996107,325086.3655740947,531363.0384236851
341301.4687022882,311059.63954882696,152529.13756654493,314526.6702759749
133307.827577375,30345.476205259794,-48873.51108664903,79662.08125286875
211270.70493567444,160747.6800914599,43612.69727914478,190014.6019549768
192577.34811693174,237590.8141637342,30004.92775459937,238761.75836631737
40922.57653437136,74967.29047540482,-55456.789579591015,131702.1100678154
489887.05756868864,440863.5511768423,281153.3098989718,522617.79351222387
67126.67446542042,-63498.398366432055,-102231.33168812608,112710.83913877408
691963.7821415402,536914.2758749451,416576.5894929961,555141.4402105424
331646.5192732767,231902.3477532618,149326.8885814232,359000.12298803823
177048.67280560965,121676.28583726136,36350.71603712381,164214.4044851486
496574.51860491966,470577.11194432084,348052.98828835774,549037.7085336314
228139.4985256896,95272.20867191942,-94574.83921961475,106374.53623716906
578376.5272352789,478222.5968155005,321637.84954509616,468542.04813680996
492581.7314514796,377537.8148596366,286752.2773458533,540503.3255431941
-75507.27864904027,-149640.19326575805,-202872.48777635838,-24307.56631490565
37881.10995231639,-35256.75100285688,-119767.61767207831,80394.91716593248
612301.8385722972,538775.4589890274,437575.7338095746,518081.58928763785
210713.63691180118,175031.2979190253,-14020.46375417395,148006.00706037146
169667.18155310268,84216.63339700876,-75427.06434122229,162538.16867362952
-28146.52696784091,-155559.75091404782,-269934.816309919,-154723.52051049675
458067.84540086996,366693.76796212024,243792.55480228143,387813.67752016464
407294.8226490597,334101.61644710414,215151.15820834006,441341.92005663423
405798.68101017957,361310.4003061949,208155.8451180571,418635.4881888889
335966.4378280834,257569.33062815643,150722.90520248818,346421.93195754185
-179540.94011261058,-192815.40734515502,-211490.33041287633,-68918.27108961693
393270.3430096889,350672.2239735627,234108.7157314832,502928.4297308936
-51904.17673515773,-80149.34219484415,-233436.03036815196,-50997.829380063515
706595.5376660086,531181.9933910761,457194.8066610411,593886.9975593116
231114.59835165867,161055.55454956798,50124.39323935064,222540.1632352731
255273.99577157828,235300.15330073563,41086.33346512378,275469.94394632825
247993.19541011832,282636.9381498328,71980.47239174938,294131.9136178971
238746.2796414448,191386.16707634518,13274.722527353326,209528.60507957614
475651.9166747517,391564.9225856423,278582.3261513654,419821.22436173004
239119.8461760335,80652.29443061363,-70084.83710034669,126226.23183259019
467247.97893238417,418633.511555532,268511.86553252337,430156.1399133601
-9596.769098759687,-43949.50018935022,-187291.63061216514,16786.17529755464
631524.1081085948,483043.3158079189,420421.0769269726,616755.7277473442
-46945.4997157671,-121201.75890676497,-112718.99525103904,-6220.156650991412
-124842.71435417625,-138743.77936824335,-259432.85261589533,-39436.28479031689
-56166.236379827955,-38882.18580692221,-231627.67016530863,-31410.351503194834
-15482.961178023601,-42411.31115318806,-193834.9971446116,-49818.64017310634
395049.37135926925,359086.8136301467,206707.95982464158,461485.7442808113
646133.3457188245,504774.0831463591,347891.6149970825,554164.6738814311
-21288.650528751023,7002.8739943502005,-155096.96387888095,34181.51971197536
564677.9959943518,525040.1960531897,320975.727702316,560167.1610899968
558855.3454515112,589563.9316167715,387134.78750224446,545208.4527095107
414159.03178135946,337203.55458821147,209894.72643299855,418626.6931512712
464404.6852725113,344882.1081606761,192834.30993645743,356299.2417049598
645517.6559463802,576400.7022001047,404000.7189533458,651734.3922957277
-132035.24961867568,-232215.1342877344,-310536.70210111846,-112032.74678640685
103746.85800385347,33982.30960742291,70707.54527711787,92611.43972957332
22074.09862660023,-30032.438061129185,-148055.00170127128,64847.04111842741
348006.9117739707,338072.46447208675,132016.3290331961,358450.1233717258
373628.04717778205,318750.5661764764,187937.3601297763,376454.68886107823
-57129.47828439914,-158659.73542659305,-240092.60561771988,-88994.43983368122
328302.33736014494,303854.3651741694,210845.5223138444,417492.8493240699
215602.02545752632,202441.08668594505,58045.01950494689,232712.19156712038
-19234.737177630945,-73046.93007557077,-190942.89844621526,-77561.12573896645
-83024.3938028217,-147471.2775822333,-253130.1932748889,-67889.02737185906
625842.8524244125,499551.0776537375,407640.3244446021,554566.161727678
158633.51494490122,127363.1966549051,3716.2115491338773,211820.19609949482
291569.2694777135,214073.66560378368,8961.440077858511,236824.4100183939
395931.01516203524,334662.2799058852,278002.9689381713,489999.02460055856
-69607.60903936985,-162227.94527598546,-286090.5472285547,-120582.2855383241
495380.8201846612,396938.0522381739,229722.03889749106,455063.27811888896
568976.0213307117,424105.98143348226,277019.85607421095,500151.65923818946
-59849.6923407116,-138652.78541476926,-205025.0112397623,-41205.91357882152
612607.7302952912,490054.5527164235,322665.023869673,463192.49664948124
114783.99808407552,44109.46856093325,-96678.90274341602,39787.00174808991
452826.60739844525,521511.26918821386,342533.23886243894,533447.9626708031
-175012.95168686484,-185250.0987549405,-252482.50218834652,-82661.36030730733
198264.71514869446,169031.25821123435,95931.81953074236,276636.40218557254
355601.13775725744,292381.2191316532,116120.46298650082,375948.8013123841
-65891.60987722251,-45522.663742172066,-195771.86509786575,-49917.95585669519
14227.383275596541,-30504.722831898835,-220079.78103378322,-27052.937747356074
700184.5654372135,568544.3224770874,359780.72148690897,590865.2028420551
-39671.895404370385,-86054.16249937302,-223041.34245285002,-52313.84165865689
93952.06032007688,80932.29151414684,-36966.07892464311,99855.94720565516
-100536.46037911391,-163732.32884315785,-239908.19015463878,-98895.68541466718
673521.8834598525,548914.4044831346,488542.16747177916,589751.7657813537
468083.89380091196,420199.60890806466,294669.9991500395,602231.2740909869
306675.1237806849,236725.50112728088,118636.04536980845,340326.02394494065
621523.3994979339,588610.1783135438,385004.3612745878,652987.7162183088
274413.47256222507,290876.8614089439,5918.530878585298,317598.06488127075
628478.4055713215,501380.0721593285,326168.9442315039,570197.9320690881
576764.307460262,507673.5408663179,454654.6013425897,513268.49895575794
369548.7510394836,213915.44445260323,198303.822997191,331590.55649318616
-68363.92334790173,-121093.01030295755,-177555.23882609064,-43029.70834801678
455484.5380185987,346143.6316164264,185734.06772362464,482115.6089707132
170847.2272962007,106523.2781156206,-79974.36101518304,183644.78525478195
78056.02030015795,53177.5453729647,-12773.181744649424,71225.70203844237
507222.32321824913,461048.8658929353,352187.3867619181,458544.73970606446
281003.3018868371,244050.10525373602,92879.27383399103,253673.45131429844
-115327.23656038218,-128601.87425344565,-313991.80257773213,-126329.58317145001
34391.8892221438,10296.714339054888,-149202.65834477422,30340.389089144766
120792.08912128082,14073.48635831289,-46192.32991348172,147241.04320340708
478623.6080595192,399267.5058805938,288143.0685491108,438156.0368890627
592441.1777635992,541578.6730123798,478820.6022360871,594572.7130444075
-63996.740403685195,-36371.4901531557,-161973.04034739145,-30001.912733351055
236312.55587356538,229302.95672343788,165851.83223865682,313020.5634224686
504442.7191751647,489707.7445206954,362844.1594484404,512003.59704833885
236623.25081038277,156199.0161392357,-58768.70476876979,130820.80593883106
496935.55149982776,394976.80156806647,353271.7449887014,588373.5298559996
-18088.109297575545,1520.2078228406608,-158896.63690502173,79211.69471336214
-65770.7048494633,-101974.66245072085,-276631.48634253204,-78783.60018584604
128290.20787417435,80941.71767131658,-77504.81328597164,92170.92325119756
17665.420838991762,18874.642659806064,-93688.28369686857,59808.50993441348
192903.1396241308,108637.44241386955,35319.79141518357,126502.7029370357
59451.75540016673,-90235.61044442002,-175980.74028877926,13789.058086840436
236727.47003368754,184831.5906331906,37469.99690834829,240344.77464380953
426112.03033845976,399276.9285431951,262392.0603022346,505761.2173793226
-10501.27412461472,-36216.92082524928,-176691.3422326456,1950.3500186302117
-12723.957554877386,-42443.34456952289,-135701.89143035823,17560.3142127716
201380.0939120415,113180.4138497794,-16959.081437977264,263376.75256043917
32595.49520168896,3141.053888074355,-170480.5221741373,48107.46541879652
510884.09701328457,484544.5187292453,283268.15016075596,498813.1929528633
514610.89173398167,527076.9801013772,313019.8107210831,505281.24556287075
652927.2747591636,582584.60445838,488234.19022556406,723759.8694651588
-31962.82134553208,-86442.41856190847,-179653.84100363078,-11168.006638750492
504078.00012957,549688.6641499349,426186.91827885073,530815.3584405222
55725.43566187576,-121166.71080427931,-189506.85009636352,-55525.99976540863
578615.6025662099,500664.7568863181,383639.6683539011,537094.0839893762
36497.413888586685,-17776.55039658281,-82295.18626115622,71462.25689027063
140100.94823964778,115975.96450876899,-20322.386513888254,186052.09880037978
53744.598020719364,28487.134783022804,-118694.97464089666,142063.0914283275
116876.73375427478,63070.654754958814,-96881.25434438279,41732.61649778229
683236.9638893683,596796.2515589925,456757.5112271294,703519.2694502897
463626.6657103406,355112.80180789146,330071.99158362637,453788.3499009282
574600.2804897539,572077.9600349262,363536.91094072454,529320.4274062072
228871.6685687746,105837.80583206762,59275.66587863094,244486.2657941311
553135.902998121,428646.5411665307,277950.4908063578,519540.05316874175
444726.7659269604,379260.11666577554,327210.8535226877,527196.5300613517
-125477.0497140013,-139783.93446294253,-310164.7669653646,-94500.56714417494
-122854.75977769226,-198842.47750632535,-313599.7640871441,-141907.19487481914
592563.0972708545,516090.49992211745,447548.2943563255,653474.4647808417
-65835.90725291631,-61089.96480428183,-229850.81790519197,-568.7470376254641
662000.30885587,575986.6077821767,445707.9876494169,713068.2816399201
490720.5876506412,444546.83719677187,271134.410885536,466142.52867887565
14563.595368861977,-47346.05273088941,-190354.14691604575,518.863872897753
-103212.21486736555,-155237.76880394283,-298776.6935505722,-136851.26449188695
343994.66605888354,260241.09443332243,73492.18618601758,304876.52016753634
415264.0912784529,289476.17539820424,149946.85953077674,365598.7239308588
-105596.91129387764,-183691.67910670175,-278996.48690731544,-146253.02520475752
57107.1926489193,53144.47127152071,-68457.60149908112,38921.63504643191
48936.50478350418,-24622.58343536459,-100019.77958422806,85137.99261333386
227117.71132193808,226629.46379940235,-3301.363729862729,242812.67525910132
-96332.27240954177,-145954.45621803374,-345302.1177190482,-138980.55076823593
539378.2935232148,448454.7079405752,357068.06210201606,627986.6948463579
466424.21252038935,448387.015846416,326464.5336826758,432115.5158411673
-55459.330284529366,-166851.14816618367,-272805.0443922955,-107248.50244452187
95967.87666319928,-44820.24097560858,-167994.36159901973,44973.74147103715
549725.4478386191,415966.4147978893,277399.5237353068,478329.0966112742
191252.38956142834,162320.87779378856,-20734.354183078045,195530.60778441944
463632.5333164395,393036.6767087473,159727.76695525192,383962.345153618
440978.8029532328,297357.3339128656,187842.39189568092,403596.27892247774
380514.99745492975,344882.42674564896,258694.2723513851,347998.5047329734
23361.67842785432,-55716.15366399067,-209351.7702531793,4640.9837200180045
461276.90846368985,349979.96811698587,199536.42213751364,358510.75444882305
73848.10185288789,-9965.871829308453,-181039.55740342976,-27116.22869896266
204462.73889618448,122500.16367395106,14943.406172151444,230162.7279809923
589357.5213326807,499854.91455830424,408514.5548031406,550376.9220754914
630115.6746639234,596368.5150976104,415917.6699780418,544934.4454004697
5594.960528795258,24652.429580356576,-203313.04451712733,-6066.568373068818
320934.0028473296,163936.0540734816,114305.60151065898,287525.2333614265
568273.5206429434,504196.5644612296,363752.19192963734,567980.2428970446
101111.33013933175,33333.196195581,-83133.71561699524,78822.2223073761
96328.12565827952,-7109.597086332506,-86242.27659849264,5501.3448751815595
210993.9095979852,177273.64416766376,61844.22758598847,246659.5395293926
437236.4361950696,367565.9257362494,248975.6730723026,447245.9813441284
-1028.4931882492383,-94216.01276097057,-195174.41082947858,-15948.112796727917
-95942.65335211926,-119195.5445455992,-211064.48419545346,-85253.31666591467
-41834.157146962825,-154800.58586306695,-226851.65254342736,-75093.49991723784
54092.83461005578,12282.964020542102,-161819.67203430057,37719.70905392675
8392.165040905762,-92897.12336283398,-174418.76940178731,21800.88669941487
57989.63113968901,-29698.840339930088,-145517.83081110672,83047.870806613
281650.1900704559,120765.72122595296,89265.35620833829,230535.13611443376
-18953.588672024664,10590.58196661889,-180886.39980932436,59050.8026631478
411131.1975503012,413234.1633840351,249820.127837735,408119.6941390517
-52810.39235910558,-59726.78560302709,-214201.36303717282,18599.353847292427
522380.46589495277,426516.9483175698,321472.9876091146,520128.52744813624
592295.3714432465,333544.81539297465,360645.6915610869,581704.8798837746
332777.57830224326,244546.8589488475,206434.43110185245,355909.2429350143
198355.4375619113,101282.71506986744,-51150.51843124989,216041.9739798766
216474.46646605316,104660.41446885024,83504.738036289,169129.79462019913
22704.688222207013,-21172.92584985739,-205046.42911612813,14323.934063251188
472325.0240302107,367817.28256451257,218888.29719619267,391516.58622600185
285335.60664816573,220023.8007753488,99100.69642721827,266082.13815302425
410725.1691654556,364103.0285018339,239533.8416357264,494310.60888807836
224555.6486341462,229911.86930235545,90147.43433875043,271888.3892768837
332074.284909924,326440.7885159304,209641.7617807783,384074.6688903739
-971.8070830765064,-126463.14462675882,-163849.88439026813,71841.34934473876
309190.7097967125,231837.0024842996,86192.94499082305,304581.2965279537
552144.1219662668,575285.0719869044,446545.1031109175,558349.269429645
637129.1925934213,561171.5545540992,446952.73577120143,620641.7824050987
346147.1330152119,382745.05634008755,199230.90449976083,443249.55043530243
49063.87475417915,2424.304175466299,-123239.08460020204,10264.433167532145
523495.3734784904,483724.69177823525,270561.87420658174,519467.05382410565
609827.3719852425,433903.73163133056,377238.4464757163,584733.6959101281
259232.86149220425,219632.81410731864,99690.82944244717,260417.52538975875
208073.14333583054,243486.17293579143,110864.78195776953,307948.77853448596
322086.9433445266,306700.9476886656,199269.4449932475,364007.12226533354
102118.28030117729,48134.2701570316,-10989.976200167323,111153.75667430146
510019.57441237895,373509.92718221946,341902.0831690534,517307.4397837678
-18606.506316193612,-136506.13094550313,-181761.65169034764,10569.078346413444
-157348.60987160157,-197149.11821487744,-278385.1557047451,-117394.39201810566
467714.8669937424,311090.46602102043,190420.96313981863,493564.05251570686
167477.6446147532,127080.53633601649,-19200.395191994146,204786.5234062497
629852.2950657785,453611.61889940675,359764.40852130076,524247.24216727354
244205.91391561623,231460.38383883657,-71588.16564475349,197375.4156220191
215827.41741941648,192849.66161663295,67659.87127721298,124339.51728489657
688071.7830839357,562073.6485753173,325789.6733721908,528416.7137162696
51774.71516298223,35175.74467111565,-52993.3795919976,126361.45895331027
346579.33152159606,277907.01746170246,177541.86078725278,405622.61201942246
494905.36218784424,354658.57656164595,271116.79543456517,410949.9664995159
314552.81872927514,253325.46749713668,152821.1695512255,288182.0433778007
-101288.71890981199,-114812.46680130064,-225172.37114219792,-144877.47244952933
333512.9021828313,293303.1863003151,136435.60087170464,368737.0107477105
51800.3420520199,-63109.078127838264,-126898.85740538721,-17392.940917956992
381702.70149972325,363851.1993508616,176841.35131097236,337746.9279427229
-143386.96247961017,-181337.83593554085,-284583.649349361,-140722.06566919573
-95286.09790747386,-146661.44877249526,-247602.5118986749,-68541.50320548628
452116.3798460035,293317.1329885407,253821.607125159,425445.7952761842
134720.8893641421,95193.46255410044,-106600.63833584462,95047.46569352318
380209.18186722544,358904.73147217534,284044.2165252004,427982.83113633865
376475.4497522338,318729.8434380862,205773.24935983273,388503.1053252836
114329.85485666152,146565.6080458198,-68298.81292900129,176299.15508481197
171533.98733226513,131325.54896323965,943.4211473175092,216266.26764396694
469490.7686057519,474418.2020667518,294838.24221602373,419292.4529711595
620.4645113762235,5123.550934263156,-161695.61303104268,24155.310733998427
328330.7649876432,158311.90221846546,105779.42062630912,317090.5143986726
564349.6155311216,417560.6485335502,296714.7625139544,497370.8010552728
-102892.74038411409,-142731.9891586167,-279183.9727254874,-144358.66443209635
512014.9165936711,500790.69137510017,352598.5424748588,516559.37379408756
78616.94540363154,66943.6314446103,-56836.53744142677,130560.1641981455
-45508.75490032998,-107137.5650626971,-200430.93690495455,-48402.971669939
304948.02106523537,263397.0787112538,134211.76619507314,284542.6771732697
303385.60478417133,226686.03482366225,147092.52080857754,260480.93386710703
-153354.56324637216,-214713.48602001177,-294186.72730788164,-160872.2538649685
397723.1073559293,317205.3280732947,90607.7538899862,312601.8900484998
474470.0320801124,491255.9264577982,258877.51136976667,496661.88023856946
-101451.90286435047,-85478.08170055912,-199925.20478859788,-17693.395281573466
630238.7681023157,485258.72791520006,429993.01400774403,613884.404616985
271314.8696084005,278407.0708730174,124629.68867837219,288621.2081250594
648688.0156654043,658977.4930889958,469630.0598963242,599312.1885677984
161657.61888381327,141013.1400966195,46453.209294638014,222712.16302512435
462201.1765534942,439554.8780134,337405.9583763246,478747.5014755463
332970.5257310496,291763.32623472146,192632.54257780302,333668.77578784816
211323.52095023554,220124.23302996578,108381.44163198431,234377.63330644055
-154779.689325059,-191043.08864241658,-279338.6854819961,-112202.36289442953
617390.9327842826,485211.74981856404,344868.1401364234,618154.2485974033
219238.41702241497,56318.89111844497,25463.837941377074,279330.5581681599
449297.7566788165,431205.27239793993,328638.99071005976,456475.7467112148
434702.4908348145,272643.07471105724,122762.10446215689,306107.44369898294
-27470.916465164046,-44160.67268541793,-176312.61006929644,-27626.016347462893
602589.7740112483,615740.2220230775,407993.28436269134,636953.6429383799
212480.5140550495,169653.59839583642,68668.00482655421,212780.37561154144
364677.0442998863,317561.9016498027,174505.14051856264,377723.9685183964
350585.3261654228,254984.0678805448,163560.1602859667,378841.20541246305
171878.37476248818,89929.99124089652,-66030.13830626581,126325.99947609776
606202.0666482355,546947.7622265224,298445.37692425144,604098.8513144078
525728.0162377146,452820.5467050049,292814.20839044685,525328.3979964077
511441.40199092275,508453.16323492234,269711.5491319783,444331.6246311045
457360.2982247113,357352.76574755635,279296.1529072282,422763.2109007719
590268.0476668447,518917.415742961,356600.67309377785,555705.3641357073
597652.0208555679,520045.80030230084,378270.0343360035,605179.0269002593
746565.2621497079,652933.7968784915,519582.0072073549,734821.6343919209
269849.9806677209,231114.56850257737,67802.7717271935,271875.0903767368
14412.818176687928,-33536.12187838985,-175742.21532566036,-13182.056936748268
278022.94580314215,251653.08629076066,103912.33150106913,217702.8509244318
260435.3108683736,196817.92899305723,46377.21856274223,276143.57146607456
473429.85019928764,398177.63309557084,298766.82442447345,519678.0731350841
484203.07529577997,389584.7607214907,249821.7301458416,458431.00352613174
462843.1756026576,394852.3560020302,282697.2728642145,499528.7190825847
-55967.83183729212,-61219.45153003454,-200576.28246665274,-56517.26118786156
185420.2006753632,92870.56222771923,-50650.668090563035,105870.52567754476
580272.7141554567,579608.0397829525,530470.1394208946,637680.558340665
-56377.355389335775,-99588.12346456072,-272388.8908760823,-93125.72182984318
510666.69224473275,594966.7214718831,405414.1831652535,682975.7572168948
12630.286034203484,-50689.114518993825,-156219.2599815745,67838.13660797896
-47408.55365997343,-112789.56112897984,-204136.59618546691,-46067.68916220486
710454.272238662,660128.115476239,430531.91002947104,718902.3123871398
198053.46808164578,62948.56737131544,-71449.03412648034,186825.84376624553
156839.26841746643,107060.26278576686,-33968.220677017234,126555.79431819473
254686.47719952895,239265.79996402818,159038.64523637597,363217.7918776744
2107.8433103237185,-63140.89831242047,-204111.98552640842,71381.22741969652
582629.8245170049,535586.5984430416,419289.00267617975,579968.4925431518
-122393.97295602498,-130866.4063727159,-270187.3050658208,-106963.80506645882
148449.40151506965,186328.45927377837,-32641.21856337285,154763.64456459903
406603.27202215046,374636.9089591573,215391.24990697007,398228.27038959763
211267.46990928857,149526.6520637063,53603.56059169292,148442.52062959247
304626.76343698136,345752.10194157925,149634.93275639194,353404.9752354284
110123.97412938182,115197.69745330559,-87939.63172051543,136446.7898955003
499838.9581296741,430251.4272555978,333726.395926508,416617.339867434
553551.0569079695,527289.2139251356,400335.63051533955,554522.8192399465
385089.6809142955,322491.06647923193,161220.73939795385,416711.5031799576
730555.9179985404,510051.92387851817,436443.55088125134,618059.7194957121
358281.94985278044,291955.8867587893,154034.76202278316,355059.64892298717
538001.686360408,464680.0113435214,224488.23677604366,474596.67441221967
230139.77031380998,195065.4972250054,67354.01956735819,252466.96899831144
214157.96632929705,95643.68620052433,11941.308546556393,174484.43512293033
-46126.01077604003,-82201.64328745281,-184925.91689028614,-77966.88896971865
532372.568846707,484545.17154166056,407281.79032788926,577783.4946954236
672409.1298017001,668166.6800539235,427780.1550426824,648291.5412148491
476734.7120942498,376603.1464416132,257760.00822200312,406863.0595359431
339287.9310621151,280696.65083888127,111027.8492451408,259649.34391008737
713135.639337111,690201.4705243104,508116.03127793164,785391.0843818262
581736.921129205,513846.30931702396,435948.0079958631,671874.4550625638
606758.6605241096,506801.01745570847,436047.09586224647,571290.6855591829
-97809.3395345544,-126679.87239275395,-252084.79337449133,-76911.11090792704
60676.46832421154,-20652.9713310051,-89450.83493277943,108887.32506118715
181577.71081654145,78145.70380644931,34451.946028719074,245639.3586690405
600603.1146646414,521292.1986322645,347239.91441181616,539017.9351637446
221599.25376458967,145669.58313442138,31519.307069976698,241002.5760257037
366051.7057864191,428410.888431169,247960.0207904725,487543.52043599763
-86950.20910411829,-233694.94615115243,-329514.4672409244,-138677.88339212944
466551.48620710825,398295.414549098,202485.47038979735,503634.88227201113
145228.02861885144,77082.46167387138,-34282.21554086846,239646.50290629268
161108.40105594997,101836.03399059398,-29586.378561075777,85730.68895581528
668412.2541306682,534223.4131017989,454232.21789436147,608493.77431294
71558.81277486577,67521.39521390013,-27528.644598745275,138829.299922226
270870.02600081544,212228.04815186094,105620.35833711154,301936.83409837785
522445.79475355684,525662.7778974231,211512.4483026252,505541.2614207169
523614.93398627336,398205.33367895405,287697.9627079802,427860.5613457883
234210.2894226465,127446.12923234317,36007.89602812601,182341.7135096375
111155.87329512846,101411.83092004212,13469.210067854612,142078.8287416473
438765.51442086266,366813.95676668326,328163.89621231495,484427.8849920201
558968.0239818795,503952.6551730172,358375.5255571883,630815.5353379643
473177.796124827,384013.5685519723,263303.5069799551,446763.87783129525
-79260.0380959938,-110390.67822692945,-209784.38364600512,28888.016978313215
350611.3913958812,332328.03753586765,132357.35158132296,329956.6878719346
-41845.83912509837,-143577.7119120778,-265889.32821626007,-65361.153501451074
77970.79427412408,98891.06830447027,-51628.841942682164,132871.46759563405
90767.616362273,66388.9307385349,-40543.947951488895,122000.22808216186
194407.83286298544,88098.75107611809,-5027.545551519259,151904.26553881913
180769.1934680316,119143.32993490319,-47181.591626903624,134124.797539465
623674.2549730488,573849.7539707038,365600.5463236711,631953.1746636243
-173007.54843945225,-197292.42482363898,-272199.52637040964,-122587.88321274775
-35872.03762690432,-106172.95072656847,-223086.38936703163,-19958.159455949324
141249.8251246215,138853.4031399882,-92594.77716731059,143177.1189838103
-10821.809891580837,-84483.27743830485,-250834.1434957988,-9197.403517655737
631242.3915741886,585051.4017558717,383446.9722614103,590852.7391037869
622506.8760529615,608155.7730516209,456607.8946461907,751244.0845142347
126517.3201006219,102610.78972230572,-34550.88635158993,190328.16469745687
408314.8758033251,412931.09162832587,238803.5381253038,511768.4021268863
277076.94652296277,220582.43925328122,114888.96941575198,272475.58526496333
137052.40229081898,43272.81880185846,-16168.34624262061,168979.78696623223
268451.0416689683,283251.7876822917,130776.80560346041,291095.5683700944
-74908.5865496177,-134536.9494912781,-243013.7114514283,-67436.86614917085
602760.639106046,527216.8455853662,409861.0665961198,616546.4096995189
642180.8893361047,579591.5203922682,457457.1259968333,684356.6973619291
579153.5771155781,491284.52492808877,367117.79470419826,623287.000046212
704299.8427126836,580387.1556070051,464505.81354840903,690554.8409630125
235895.80107590847,204160.16801457084,64846.5472576468,307658.62315444136
428116.8583049108,363689.5485060067,212792.09054398595,347933.09539642744
215043.08806832542,179754.13964570325,58659.32186253893,206157.64792782068
458179.37775609805,370629.9332338879,259765.27591990063,472944.3208549316
444350.07478869846,358125.8146498094,269283.17358471546,409639.86154214665
388167.10334494873,434374.00970680185,210547.55493810866,487463.1877263152
53970.20119452628,-46615.58565968572,-103528.43702613004,-14802.702382617106
284815.38636604254,147608.3801979532,69592.36758636613,290963.6434829916
555482.4219209896,464970.9401205329,321677.26538498164,510754.4832706313
31454.54953024001,-31081.718322286324,-181985.0014907624,1196.8941362252808
486183.4362321268,442827.2370350135,240569.66876625875,461594.1861624515
-41021.37565602368,-148976.66829105164,-234433.09628742916,-118463.74531459244
361338.1100084884,326525.094286137,233673.31396605086,393774.3699077517
508647.24275301816,364696.36331581895,267994.6745143478,505876.7207487044
435333.05006753583,404814.5420272234,254493.78609508532,439545.3445731988
406677.03758627374,360511.56171342114,199575.95340382122,433927.7334538875
-31457.523124996456,-80702.5820605348,-130847.58535389567,-27716.385075655824
220503.5549590385,159106.17564714793,-3326.408751195413,278522.1093602332
234892.55627114594,162003.2413744781,48278.371715718065,172113.07808724418
437434.2133275301,422923.84327753214,215960.43175837456,405114.6924516369
44054.89957109676,-59720.43689858646,-152525.69710320386,50399.43124088831
214770.73825092474,118800.18702816719,4428.056059712544,206652.77018833463
572934.5389122444,514658.58153030253,350979.6774874035,589919.8191280828
-78475.55170454888,-61143.67116720398,-239110.26669380924,-99049.40272463718
373292.7472549989,218917.77295726072,119556.63815691252,293380.91480968543
355817.80147521314,279973.33438499924,104803.31147329242,297518.6783388966
71027.57489070075,59780.13759028725,-55734.11466329894,167913.02476784238
-72430.16689197836,-119371.54222692316,-232338.37223703432,-96905.10142056493
251215.27281121328,166837.4513431876,137798.60282915644,213332.86870196182
578099.3288576091,543672.4043426646,428640.8311408098,531421.9289465984
12240.306511902541,-66792.6013559887,-221367.52944847755,-48779.23722217698
595963.9398454733,507646.00843918766,422134.8673344742,621101.2290008189
36507.96222686011,15784.39998959296,-120938.35397386388,100374.49406085955
74629.70562159736,9817.545632395544,-101842.96802299144,94079.84483986627
232647.12382310827,258760.95040890004,118553.95167082676,222477.90384435025
676200.5024123711,586461.698079556,401305.18159003474,677203.3219119734
352749.5813018726,230630.78595300927,123124.86911197053,289701.33595659176
51155.25305965368,38971.42279040674,-152441.1164904724,5486.438022500486
38735.34932204778,-59653.585696174065,-137577.79809177457,-62830.494405094476
471985.96325512335,420463.63370941696,230253.58564417297,458212.0842275962
515793.87790919165,436744.315484073,258847.40594417916,510674.1214270786
165752.92676852364,120947.77742855367,-3379.809988146648,186893.83752529498
550329.9274650363,451917.84500214306,365976.268430599,565562.9843189341
473112.08037683065,403073.4456311937,371063.13387596933,496518.29102668667
45906.12186279264,14166.615721849725,-124850.41220260004,84073.62984544295
334422.8922350103,256937.89801862685,138377.80112055165,307380.7937491775
219451.74234001222,164814.21214683796,15665.435530329472,173095.9084063504
368579.2563056024,308267.834313323,197981.6829911156,423635.0232856058
395564.32327997906,340790.12386336736,225562.15209259058,448817.48294108396
751292.3920168958,685287.057814854,476542.2023855377,761150.1338182937
-100263.56372968375,-220274.85354928212,-335766.4126035204,-174562.56445124606
102935.58818391932,47449.514427400776,-72614.33041018166,136475.5384316569
64471.7314922557,-33763.75945939962,-148848.07832912414,20249.653044845094
538677.7882506603,520420.7276631682,341710.9639153213,610063.8281233707
541257.0189102949,532035.671716834,247995.4983788462,533253.0403314733
389607.2892511253,374269.68572634284,281508.98334684817,404977.3000875736
260373.06711324444,144592.3564164692,134894.10516774037,331297.5234461805
480060.5925932359,329209.0390431527,174889.59746388218,346350.67403117614
23177.159743197844,-25069.88414055953,-156052.7030451995,-2250.495530353801
612998.6268115581,508534.3899959887,379806.89030581585,568764.8550423607
402468.6838132378,419634.72829522646,203778.0309030104,441228.59334066743
660545.2433581867,530155.1412584537,379055.30050980824,613350.795636225
48602.135197509895,-46290.856313441414,-199131.52425530908,-6540.759220762062
-76660.13112296845,-85226.91621732851,-199690.34342659346,-110665.49452188949
132636.26529287442,65222.356197329704,6319.481663858634,125326.97269023163
59674.52899825177,-12967.597336969222,-137395.93117160012,10211.75520997279
-73489.23037770367,-164971.32390386582,-274352.48639650806,-74240.52000962861
448007.0487518613,349202.2907245747,246694.33753858996,416675.82150442665
566738.05538416,537976.2586412188,422148.79793728364,647635.9434425642
493693.11069145787,384238.26862896536,292908.4824701742,485262.00098510843
263751.68006786355,214072.54870013555,75603.05746340274,209725.65105977666
-212653.4510876591,-255317.600185639,-335410.4531764914,-160954.74593508843
418259.5010560957,386044.73675943236,251176.3375426957,426227.24908683577
204908.58943110518,100037.43780153699,-24248.537772933138,164369.71595778782
-55503.38499566045,-146060.73081758997,-270204.45120151684,-80098.69312527211
387514.8660372263,256980.43638691236,146836.72879283375,325857.3306502403
559442.7688943939,416558.9177871408,332977.23649751325,569570.042155354
-34680.76771412953,-98886.0461440013,-186415.60801164643,-37084.099890813115
459238.6852446734,386032.4424468804,321733.86806290457,560357.7124654294
-69131.28497203975,-109568.62212921039,-217067.3710977086,-35031.59132076311
634617.709841169,555397.457342043,423055.8625591061,656449.5807929637
11422.497275483562,-65738.79298146477,-173281.44016298332,-13182.863905442588
-3888.798229363165,-17988.57434610871,-207061.03804278956,-7674.527979278355
262164.9969195572,178718.1109776505,46864.87279939314,107311.2901413414
107482.03164863598,104309.46658525406,-53394.29028931016,148553.54583985696
501287.9870634626,408703.4968811722,257125.80953116703,420855.8378767149
277314.36347292433,225999.37405702483,126623.59960924077,329577.1160407318
629772.0895465154,541236.3970923801,415390.6540782108,603781.0122878798
297632.41261064156,241762.84361650737,138710.6459717839,342913.1565138976
250596.85994156427,249232.99305886857,36665.33013506839,288941.92877474695
121033.90848347964,43179.28862364683,-15374.44235420099,86410.11854946101
55317.98450237408,27481.830342660425,-95591.11953632417,76171.88431352074
272947.93058623234,87758.26935720502,35754.28405821149,228645.82872564043
133748.9468454197,31444.29790289339,-78938.83677421964,168362.54170922865
593621.6674951089,538904.331448256,509542.79719031753,599209.9369939067
354909.21015063487,254640.29345055635,178561.74581929785,337990.7015989077
99678.22873442608,82600.07908617251,-104990.0895405229,113228.18845612137
31583.320591898402,-51805.583083058766,-208527.36030598916,-38986.71226814884
110342.98322663072,86835.96023741481,-34433.84970745712,202227.5807949144
314008.5685382469,239691.55007216905,53073.81471198669,271132.2458595454
511652.79666485754,442969.7137702375,373923.7830805308,561581.7850177481
433000.27811919793,446203.59401516616,301847.96272565925,443260.1608272847
197014.6148929617,99330.88565564621,80770.0649735299,181625.8385912464
723658.3671871538,629131.1102919362,527499.6527140684,667668.3048871588
400513.0755069845,370401.14205364545,204493.70939499594,420471.13410379435
563386.885593968,567364.4881781128,371713.3471766352,616458.8877264245
439462.5620642868,331263.8972798238,242402.53040580277,387691.24239750043
342929.8586274161,255538.31793095346,147316.00622599444,325068.9747853803
493466.6839046269,439812.1253389814,281292.6144668835,533376.4069778094
405517.18300789676,327412.94582297583,162388.22015075118,393931.4433141581
68299.71526101115,108751.34827570897,-107642.33885526098,111754.31687400246
71444.14503671112,38561.72271661495,25049.883909688797,167926.9822125981
-103093.06797305652,-169373.15601218515,-131220.48495144222,-54352.99449476943
409156.6660927165,417200.26361524174,325727.51414621493,482821.09709256
351911.8587320843,270783.4977424691,98784.96596700302,320200.4965602078
185381.68020583026,131920.363463011,30002.133790575317,188774.36969126575
3664.9245345880627,9297.549764545402,-129334.29434231686,-41080.94609328138
508434.27805071266,389785.65897836525,282581.8008557075,514794.73419307487
246694.87217623042,175022.6163494857,83238.41032775631,257160.05367214791
652651.6842589264,578427.0647591529,471581.50796411897,724381.9298304447
344604.0262927796,229792.15374055377,91757.65357500908,324868.7261233182
202847.99560429773,151657.5425707663,59081.902864426374,192070.4614115184
624341.7593000429,559916.3110539054,404942.897992642,679903.2135013193
-5987.087508435419,-38582.45893148077,-180179.47062781622,-57036.300789084344
-30630.87840261642,-101048.78569135384,-263470.80301559344,-67283.26203495142
397826.2029126998,274595.2318806469,180585.1884966899,307710.7779119129
-30762.659008599934,-87662.94106112252,-223796.3628596085,29538.853240275872
416954.4089672313,384379.14418228925,253808.43808657094,537060.4313205581
130399.57779774664,75352.42620740167,42856.99311576376,105245.27085015317
73878.46206115768,57072.120306189405,-44418.4168077996,88465.90758264193
524989.6033219994,457919.16265846614,306240.3964153195,488504.7737493302
329203.6602993235,232742.0322460091,183279.94115458836,326083.05041002936
193968.2669013316,94609.42451798706,-55648.83714199171,183896.48874790873
-45336.77490945585,-57576.289478529245,-179478.9433777879,-10347.50093581446
69435.26238587988,-51623.93138101313,-105162.34313828417,128992.76721394341
-48006.78709598648,-90648.34601361875,-181153.2894708382,16737.675280946307
205166.93107808474,182249.23061130627,19714.61956766527,226413.0064831858
-88088.06067705917,-97780.29976892768,-225149.01310921204,-36713.53108853637
-93834.81816506537,-121299.70029020065,-158466.0042393906,-88581.63495230628
196230.81699855428,168695.9277693805,117968.04435674229,232077.5726867729
59075.86396619934,5927.7688141708495,-132583.5730661102,22750.52527627803
787065.0888984145,703720.0676683686,552457.5297300309,777988.341771659
474136.7297785032,418503.1226605219,224739.99303697725,465980.2050807347
-9047.221049580781,-34541.16741290636,-166125.0599333929,-13029.845793967892
566948.6146848928,434246.47744016326,342902.69949475105,537579.9944650144
149498.3637708954,85613.57504519646,-81967.33537891007,148166.27480076242
26981.979909218615,-58166.76465094753,-173175.65693239466,18256.57120393176
87225.34915978438,38149.231933358475,-71717.03045569465,43597.55490305857
555520.3239231457,519863.750803323,321042.84985391004,570432.777127963
481372.6667322754,399246.831015595,212672.55668398656,425303.83574523136
90283.1618345523,55486.721600846155,-86687.00355212891,137929.41032599716
282677.5147303444,223271.7391370479,186143.5681978478,294007.80957224034
181238.32116838847,149190.03263912315,14496.169128865586,201284.40061682137
-111668.7260065095,-193467.35657653265,-278401.32447968086,-131241.37123867928
510666.6133574775,418622.12007134943,253829.58821961225,456154.1227681951
410420.51328515506,311404.813964091,199173.4832068917,293261.9183451729
494852.38853211177,443596.52337265096,299390.6093332275,525353.0290958337
-49898.99210087769,-82938.11015618092,-180518.59248084633,-3813.8910471837153
343769.1465663167,350564.42758198036,240825.14326764003,335212.63076626114
244692.74562183965,189575.15818225057,100635.45597076695,309094.8493691634
-101767.43907908606,-111726.80785310018,-186401.00270904787,-28436.049883760978
21197.855630232487,-26793.308733424696,-122666.4832418451,65672.36309764779
239218.78659764887,9410.70429137384,-41439.84998632071,64793.983930925606
-67304.11431026639,-166824.66688542487,-216531.52140469762,-152072.87357922556
595964.6288241637,620586.5100721242,400256.4884442828,583479.7915384858
307480.4792458508,265509.1787297627,76287.42488938221,290993.81944545556
307878.8702134887,283408.2622679402,201851.3347184686,352122.41711061366
719243.936419928,510279.89924326143,379625.58544247074,676203.1440266983
124703.20194370579,152586.47849762905,-25571.56645535992,123211.50385332259
-46456.20056910836,-94293.90714239905,-217065.41166857496,-29783.3902238562
84748.56972195965,83809.5172988536,-171598.81947613793,111116.83182738663
368023.9389886268,315231.28602734185,181953.0960376946,369758.0686488069
28239.8375751595,-61753.40039931022,-200964.32421895635,32163.303318365477
562666.7077462156,469701.97364922415,346376.32184690307,489010.18516579724
748817.9716483608,607816.2502694728,517608.95149879984,664523.549041016
622730.0038137191,519584.9997432998,381892.81776393636,552907.213140189
533369.8212004522,436234.81252677785,270726.70852604473,515121.72933654056
569111.3016358784,555141.1832334457,393051.32016564335,633633.5582049668
629918.5413362929,500592.5097652859,417091.3203196217,609145.2235221791
12816.084051803336,-78970.77629339998,-198285.14789296698,-310.0405469452962
-141155.95171669452,-211793.5783799087,-310649.6498158637,-130654.1833259525
215028.55088032305,127136.24662837456,-15159.171469920664,159833.95950843778
116577.28283998172,81491.4125366304,-68735.02767263388,100704.387973579
158306.09975447727,77480.70081350498,-48930.18611487502,109096.12961899932
201247.94598302292,134800.4435339888,-50810.05233476695,189374.5496025819
188372.4589822914,253039.47541042557,95301.65735947632,257711.03751629556
-78231.7974348942,-75301.3054329856,-223755.7313910838,-52516.41682366014
133410.64834247495,109292.9815450745,36851.218203963595,86348.63766992313
87819.75113720668,-13920.270745870192,-150026.52345118334,54180.147517954116
759425.2405778316,610876.7292062396,554541.2725236866,675861.3100747785
544749.9862902573,423281.7092129397,305495.5983464583,461033.68632168416
331394.9111212663,210812.78244334715,85561.62321358931,224422.351123877
-35671.905094553076,-56198.81169896864,-172567.01885807625,16445.885420004837
551557.8957056492,569028.5179369466,397479.58687841066,564516.381806711
661143.6374064456,540882.9256691902,445050.63899470924,610396.2036160806
591835.4274685297,592243.4920272748,400831.5799096093,584645.0574097275
-118639.47181325429,-176184.74093365902,-289015.4291500666,-119236.21905677294
359091.28831261245,223418.91136379237,134380.25958391675,335319.7897248465
159390.1393846071,50988.9627536888,-81803.65910028666,153262.65189011395
486516.08806589234,438219.22286031384,330320.90819238545,465030.2156936035
394536.92074709444,370843.69794156845,214351.7327680895,423648.3565487203
283095.9654696807,208329.77006616874,28233.43559290073,299202.3076321067
499375.39580148016,419561.58091958123,414582.64753693494,531193.83419196
56890.458970196894,1121.4979302753927,-155613.89499916555,44625.66143637395
71033.56174618017,-33643.91120845836,-156378.3087699738,82072.88223363075
572132.4784194545,539004.8160146845,394036.772533776,583556.0032248623
512380.32085627434,457494.38790768036,341606.2622023844,529641.8409988662
337745.4814036009,291272.4219861019,198992.14690150437,341663.6294716904
-109611.19443801732,-171980.5114249888,-245516.7336967804,-9697.355209435918
693037.7373371704,488346.27477001015,360979.87661469274,538955.1544707317
242717.23072772333,287647.7873651858,101094.84955706366,297382.8200418664
31581.72165876557,23247.375598459737,-124569.33895563259,19246.504827254277
212254.01151362213,113418.08148472663,18800.767457570997,172981.36643443094
-115104.85370151908,-130357.81403711089,-300178.69577176217,-60380.66215577
209704.10131953494,150141.710511578,-23633.224976349273,210723.8673364158
576072.2396892763,456983.58736913884,249241.5669163902,487500.9972092421
584749.93661023,523097.4851762876,421403.23865201406,572317.6456977704
457725.4399898257,332993.459941703,191081.25334460323,456008.0316899053
354017.5548267866,265942.8279126531,146933.02346923994,356330.3383462634
515779.93950720737,405033.61187215056,272831.0738926596,493384.17984261655
694348.924712433,619945.8986802646,513046.65073254996,649915.8191430522
-21908.990821877727,-71485.0599299543,-136663.87675215316,52186.50092778087
40292.46783152083,-36402.79382710089,-130737.97018768487,88308.87445983733
382244.8758777942,324327.24188798,212784.09661870857,348751.3037374099
158551.81805198663,98058.28168714629,-7976.744688509731,198427.23684467224
76837.64537523221,102934.55281501799,-18596.898223279393,169022.13896587642
-9893.540208239225,-125293.75593682396,-217719.5596815386,-41132.42072641273
539870.287475832,523226.62598304567,395323.312660938,629324.863527081
670345.9462163553,651342.8712345185,497990.79477264837,708986.4026893557
450621.1186632451,395855.1449600869,197810.04681176506,456912.97069084493
444080.5767270278,333274.69939923217,209036.47744499822,433901.4754283739
-46224.55909889797,-46435.17051069887,-244525.0455847598,-62255.56599717081
113748.0472813102,57132.904193356284,-98235.67120118602,60198.60548691626
291032.4071446102,215570.3279723539,65672.43168131821,402116.295331273
602107.5841841688,579866.0940650038,458512.4372290267,581159.7300480839
213919.69733657793,173442.60855544382,49626.8272494016,243727.80289225373
-115392.99679195165,-65224.481437524024,-285058.39482097287,-37643.271860615234
-43574.97165850783,-68286.43745513284,-168252.48887398257,23248.653329784516
538627.9978353158,502959.75383609696,317407.47469868325,549451.3807111764
525508.4947649484,477497.6700574007,321144.2681146511,514299.309088325
80406.09526016877,45320.342482568,-39952.53521658841,98873.13267409231
443515.6897037537,433573.9082299522,371860.8794517255,521493.8510443175
557180.2068692432,413003.9758195268,346222.1011573521,535273.5117610851
302612.28683447035,204583.3737699038,101680.07814683113,258296.4762334138
-80481.38545712404,-123537.81041222007,-252975.96719730616,-103260.19728202518
172076.49083992722,140896.42281837855,8088.723815883161,185276.53124469868
463060.15667892236,473786.4172326275,240775.69722254714,471206.7671357214
622369.2309856354,536570.9277764992,337824.96339183126,625046.8041029181
182974.54054165946,170060.12505060004,33832.751198337995,183245.75217705057
-92806.69053803966,-126129.77077307063,-222484.17195877264,-120085.4176577226
641067.0527764945,594409.3412222329,493645.0807702822,734863.170882571
-38231.32019790204,2228.4601091055665,-214641.3496271826,-10596.690289885039
671632.7214363145,565838.5592042762,506230.2070562561,685664.7687045906
319548.0931724926,383504.7364303897,200489.41124690685,390456.5805601836
596850.1255633421,386130.7129040748,315966.15113256744,537085.2114880404
-17479.022620317293,-105142.07472820254,-220241.48691837455,-66234.05731868104
145396.53080794064,49444.25342723471,-52154.17492271378,100265.31349446403
-158250.58677073842,-163052.7026000457,-272324.1927720754,-114643.90600050561
-120731.2613822394,-171472.6552066417,-244984.09410930146,-93452.28985777934
249394.492902459,157199.98262869532,58900.771677605575,326530.78552027897
218319.01568842703,140673.5178869526,84559.03881042358,220799.7439920107
570046.0433651572,559199.264506785,393933.328305269,595840.4683679601
-74803.31597062777,-163399.72692144365,-262181.8039966958,-97354.53802073374
511747.5720741665,355938.7704528383,298608.66389560676,526832.0654705043
-602.1909560916247,15613.072457378381,-189748.7404409045,-29910.385641683417
78957.49846763909,-38806.95809951896,-103918.54839292867,59324.668767781
243144.19175510562,215162.19330346375,26299.506848131074,273669.54019394424
194496.4970625746,230058.22210481297,141180.42743160098,202475.41476846207
264103.0647546691,183463.95162110496,92869.70807520906,281659.86798832915
-31749.769778540183,-103107.54386457033,-184238.23982778372,11437.81799067388
-78644.27409155702,-124442.77774424647,-244428.23500463093,-69710.63305958151
55668.91888700088,102291.6799030531,-5291.149159458233,83903.14944154571
197880.93958463008,87368.22199012304,23763.33959538769,193987.84589662135
631449.5676809179,490153.79042210197,389653.87588062347,576113.2262259813
-134596.17149523803,-209044.48611841653,-305451.34051509167,-133079.7082146624
309556.88937357767,97132.31931097724,32901.161690060166,185528.6550612899
325590.5364132166,209276.7853630092,107596.04247068649,282404.23965091654
143084.7204068401,87933.92516496498,1550.6925623036223,55463.60169639287
17811.791611633205,-42496.43694176333,-175389.60888599022,6920.024799151695
427495.3465477937,330513.00051459554,181931.89085268625,465484.8548798255
446838.07820280665,347234.67162918556,262482.39157246694,380407.7287760455
143006.85485841194,180398.6785269929,-28690.668543194653,178093.58450413565
473024.8828337274,440820.2965310771,207078.29733253492,431471.52917414485
440915.094649303,361465.255159535,239477.943563891,377714.0990691072
-70189.72856264317,-69068.4253493768,-200207.40648811194,-118679.73577530979
-47243.37148258614,-54320.431272326154,-195496.8438128492,-54376.66243540484
-24804.74226100964,-35992.89284182066,-133756.55453632836,15102.844465484377
702590.6261056301,645720.6250859939,399639.2022570522,685760.1479596293
480037.2637845222,468891.52185007744,287218.1233243962,460170.7113529941
59016.06703006115,-2364.93073774036,-121431.34845536819,28892.42173413129
412404.39964890946,370867.2422250513,246783.15855049377,423684.5304551638
154442.52602704323,137502.3738072114,27767.684539287933,163230.8199068932
13073.811869555444,-83065.93047740101,-166820.59455415275,29215.907546649687
271382.6749898571,159269.8721275425,21125.50088904763,242056.56727022398
339470.6551177931,303289.3610988688,108484.85782610287,401832.673895414
335188.749877576,315588.7366496626,170627.78924066306,324564.71914014453
111411.84496319387,82052.05367348203,-21575.732483107364,137329.99194827594
-182645.49958485097,-160846.66557385406,-297516.3172468492,-135472.95606840047
398004.95223063324,305272.0278979363,180775.6235901179,468923.7663298417
358294.45433887513,349025.51885431947,153583.2767652166,393070.7310355562
448046.8217782341,358870.42510685057,275172.9575671308,372099.35681001144
65533.33794419211,-7153.733887527487,-55862.90235700237,47472.23892151215
400907.0516605228,344342.8483862444,244730.8947421771,384761.50173242076
684544.9432244704,607106.8712987206,549342.9170563851,747279.0213034246
637391.2981514023,587305.1195684059,372931.8171571555,663814.5331618958
163015.54251273617,85560.25748119608,-92041.26416910032,105701.99167522369
447585.8951513289,389617.1477833524,315493.2566615328,492628.47448678175
128193.17972203321,66520.90191842883,-62779.625151395216,125529.25508048863
-65098.3665075365,-35307.01126243209,-169567.75635538565,35479.21121618594
620647.2350264904,618860.5668364835,437507.861260699,699990.6687487597
147585.05299443495,-10886.823169881012,-109675.74504513084,95122.83743340336
106019.1266894429,73568.4727163529,-102371.45731352211,59696.55999750574
248756.31929124263,141393.81733063178,122597.58671391592,252220.78914537502
574408.7622581217,545662.3808276278,395399.3484087441,582542.0344593746
-51292.06534822553,-93747.69918163051,-243054.27983619255,-53814.41799099231
-37838.4311936709,-54945.382018585864,-159397.6188520813,-14355.176078095858
368169.8442334542,381729.4884880873,212127.30607649672,399777.0652164387
691063.021833428,592489.7426633458,460790.2879907858,624541.4980486247
393060.94831872324,276233.93315503746,160912.87966509804,354885.58558470453
212669.56676983635,142313.76030449034,-9851.75103355979,240409.20714382012
119471.41806717229,50410.09169294569,-83053.47485238698,92767.12064338767
67042.69371577806,13503.604213794926,-64241.95447160001,74594.36388592876
418265.7362967263,344457.6562365019,157939.39522181056,398607.9975682355
-132483.76251975168,-115580.54460543848,-179509.7283422433,-85759.53812311462
5184.803308201255,21573.206166675547,-92479.791007553,91274.39454759227
665741.140026578,615171.90975606,419720.1621845531,639499.1260252534
-130415.39314557362,-176373.5491269164,-246797.03688494605,-66096.02867054328
-625.006894752325,15869.984499622835,-62747.69002624112,55459.45910984755
537253.912333814,514428.33539514965,393641.3297505453,557111.1074687862
-61126.000196419656,-200453.88744465797,-157591.51800033665,-107317.55169261829
188705.13663856476,39894.34630764858,8162.323335212073,122810.78492308175
44254.83707447711,3372.2615877288627,-140152.96730326267,42950.43338031543
-119410.54840289243,-147760.07770688098,-240471.34300460794,-167951.9277246152
289029.2492121693,301884.71080024703,134518.30369644566,346584.60956361645
52985.89180974802,19213.870323949028,-69083.5623861329,48038.40576661064
19752.158097433043,-19452.0118468086,-127337.00957818906,17110.492129537975
-800.0429994431906,-1704.6592546812026,-82062.63838997041,25473.57708842994
537504.7740587019,459802.96480467264,298336.0467248657,478872.1440328903
133671.30722339533,-2568.6295586858178,-16260.566053239396,114787.72724990966
-11800.188365061302,-15880.622105332674,-188370.84312848718,9016.867387751117
119715.15923714498,121775.3774511884,-23407.97763383272,186608.75076276285
239026.9011443432,263874.8558249192,154888.80155848467,273685.9353716943
6863.286777487898,-99443.33049630211,-273597.4553758877,-76022.52499651292
184535.26724825334,150611.4338853294,-4992.360522051109,132114.78250594868
680380.0510294472,588690.7063273101,429450.72269174515,665859.297238654
-50327.39353448863,-101630.58344082523,-216263.35102549143,-58992.94566706946
329393.30763603887,194290.74472506694,130835.1269262156,313865.045703116
-20874.877069697657,-82210.52972742554,-162068.12946211523,-5964.442202829756
-106724.52075135248,-137072.4512213188,-258265.5321618165,-91935.25446339865
115038.76655025966,89861.59988419036,-113088.34529385273,91040.25807794952
438316.2458806881,416060.06930664915,289897.55319705524,452849.1640664034
403585.470956777,238407.59627540992,180210.54022564867,383490.37400626997
284720.891691669,148959.29035751917,38257.35966398229,194295.14827212214
362930.7697352407,382894.237194126,218429.68034595146,313948.1908434448
-38117.409751505475,-91723.8326713611,-183686.99126765534,-61964.36041268328
144776.01810502878,111912.74617776135,-21203.48622115061,171434.10237338103
309086.38703718584,253181.88208032853,47073.283180798055,343773.9073543984
511602.3899519027,429996.96292447066,301694.2330238172,463529.813209414
252693.89436204254,204057.7703946561,9602.245349509409,226804.435199311
-89132.5625178325,-115675.60116632545,-240640.33689841558,-62461.91060480889
356884.1274561533,269839.56738308887,99225.34713240468,348624.53474751045
368998.25540188875,373349.0942589033,173965.43051768688,416364.9221345382
527292.456445436,491923.74213100737,266011.8927114096,487644.7474647957
470440.8920683161,428785.4482684573,247672.24127828947,489907.109118633
146557.94695182214,144057.5197530546,-14877.291282810038,177139.85457385425
373545.2618658632,296029.4201217105,99038.81886261259,353904.5453096832
9984.70897533925,-2520.8211616406916,-145114.28623207659,107409.21634115826
446731.38573588163,417084.16856022365,180483.2117210311,518018.4348584417
554668.9758998922,439344.9377321929,330481.41478657874,564631.6070042818
582269.5817713691,544226.945861229,348494.58881382644,553044.6675897827
674023.5634668013,560952.5655178106,421286.6523942313,666817.2960794964
-6821.348389297724,-88888.85963060649,-233607.05221675785,20880.926391518093
-23673.943258959625,-75328.41636623401,-230606.32994371292,-55308.10959016677
120593.93022563332,123822.00170066836,-62862.95378359745,191388.80484159105
516911.01803576644,365776.9323148858,257495.47727270366,463314.00643193873
643841.4490554491,565914.4442993521,458147.1206329415,646098.537797696
524096.8436409562,618569.5567334681,392055.10274946794,640004.72417527
-116941.44755044085,-158787.49760755553,-232302.37756878015,-65672.29746291164
514521.93020784657,377781.0982654196,329174.4814664336,535358.376568852
170886.04885345162,119736.31889009732,29023.50516876974,172044.62665267778
659109.485341256,570598.8657218467,454225.4155626424,647253.7526178043
553314.8817644236,565854.2428550157,363874.26960101,629698.3944101357
156348.79124539066,65942.78629861493,-66300.18311183457,77117.70583856734
410124.26435766194,356347.36720665963,162969.4582589363,399465.9179484325
330287.60713438655,224922.18118582433,93776.6838919241,315611.7175734901
324518.26645147405,280957.89212436916,153474.76908752148,301761.7337391478
-32071.123433429457,-81217.22576493712,-166704.55404615635,-14273.287175215723
167552.68888282334,32348.67414899636,-35420.53866732912,93304.92166180199
359988.1797995969,297514.4765532948,201547.3016843116,370070.7646825779
69271.77682981163,56200.122331307386,-124247.00584050885,87532.35123559425
689889.8377207126,541128.4796461335,391370.0834076619,642677.2002703408
593414.4999642186,611853.0348823669,462744.527927589,577778.1473393445
653279.9561455343,564489.0681009428,372223.17495705,616658.784257961
713600.7954258984,546737.2617321713,432039.2738008982,639286.2796371959
292821.72680347855,218135.31518343405,168447.30481187731,382160.49048164324
-60926.24598570919,-178778.2614229705,-195874.44531743607,-124653.83817017876
588896.5901702871,572205.4002410304,395967.25279310613,591865.5505130503
575225.4702231078,502313.7912074117,367783.7462989525,545368.9042940568
80119.24834355863,-33101.70052258705,-137854.55955471285,11983.909229357669
585605.4754140216,438240.12107632926,319964.1132879028,522611.25872494024
215123.49313669675,94914.23223801085,-1666.9547746037133,168726.6334170577
478688.7346426408,380923.93107391486,344225.9596509059,492947.33703439997
197239.17072705016,183699.5238000633,57152.57738880196,182154.90619725268
3875.3420209237374,-84445.70408470294,-215519.0197926417,-40356.685345619684
675237.826497023,598821.505772996,547563.9993142557,609079.5258128375
-23714.618771956128,-93548.99287643906,-175504.56181685347,-64361.50895639957
303023.1802606842,148088.65640641283,49157.67784512334,253374.1512274444
309035.01818048826,297883.65754125046,155546.3407398078,350186.4781585499
661532.2249966289,546960.5669782518,409129.93337974476,665060.7025055133
-7913.70850556565,-38602.27208471409,-195043.4699085487,27205.548069423996
139626.92481547303,82622.60492860992,-88449.02319105167,109140.37932410138
-4802.696330029925,-87135.00209448126,-163129.17392642086,8855.069844227051
89479.59713297186,16558.639814170194,-38027.92067055451,163507.92393213417
117590.77912385389,70372.92310312449,-64651.03553146252,100149.99872774514
402760.24517253647,393186.0955475924,195584.36073017295,406198.00568204024
30860.772972286795,-23117.413913612138,-152452.15706275176,-27976.520566441934
53585.810746483505,47370.14556090394,-119872.56856357493,32377.187799698906
125723.46987512184,46034.00428528106,-60470.19031998713,121221.18031383737
479071.72422304854,385032.8768787212,263728.39065759047,447248.2081876851
597278.675359939,598841.401309575,496767.8334691593,577299.2060283422
695537.9861613675,631831.1660444168,484998.4776617823,686487.6384791271
-5680.040831189719,-50247.93541616865,-234007.8261262346,16457.781656270556
-63834.46718625323,-124705.15810908849,-294228.3696502549,-58169.55985890044
442835.43676245294,431313.8605224214,247375.77918547788,425561.038515143
300935.58507865574,240208.2680566396,195515.32532213256,285174.87723121943
624969.0133652824,481702.0304873545,374744.12125476566,569819.8058059462
506361.31142319855,472158.80613483035,337270.9206935166,522114.4267642894
329845.2421411815,271655.9158358276,137821.1344470299,310331.36637657054
306534.30732068105,246725.5558582025,95795.78149407567,363856.0203196206
505436.57261027186,444729.21238335816,343537.05848599726,486994.1628315132
274444.3914358134,262189.71057434625,80644.59478634316,279093.0238444421
330511.922014917,306197.96298590605,150702.9033117554,311906.73996049643
73342.77550489607,-4970.68865153275,-70726.13630058256,55448.53540385456
292339.4605357917,273734.9736312921,7961.533308543963,273824.26899572613
308291.0950115421,202543.32579821825,60162.3282580449,299271.1957705689
373452.0414662381,327988.7785324551,241887.23211257835,365863.4828354848
102326.50070869748,85527.1413282447,-30960.838453566073,160640.14558462158
178520.27295341156,138876.56008404412,50305.59399631433,170515.86575023353
230330.7807756206,85819.90801110445,-10476.983913726173,216183.53336799343
37708.29278114578,22635.919383117696,-177052.8630264218,8570.700797298341
517241.2781360111,462407.83420251333,320821.1508997822,526922.1345333412
457470.44758515386,343086.4767338709,233672.42146939842,422558.90735834045
282665.6444822764,296558.054663116,164464.28653305,346866.08919634356
22391.44427107944,39305.09107642167,-36765.104537667125,83012.29367753223
-109248.95363077032,-188396.07208205637,-289977.1681381226,-107694.50229831226
335088.56250855816,313971.31931749056,140143.5850077588,345891.65631747234
305244.6920209797,296289.94328145334,57279.633687412716,291685.40391552227
-119262.706466867,-180893.58472398523,-293247.1857228041,-136562.66747898003
-90654.71525675419,-108372.66924513114,-264483.6393727771,-67330.99932598096
408426.06610984623,369036.693123088,256601.2991617102,416549.88592210645
567646.8324425106,606347.0178331265,426945.16171845736,553692.4815382117
784114.2630352415,629917.5721106904,493224.4100120057,643270.2822584077
-74207.55663865758,-76787.92131385353,-202952.59746126493,-38301.33725145657
429035.36286939494,396826.2972583043,185888.75813549524,385700.7527240325
-129564.47092314216,-154223.59371380048,-241413.7155788369,-94007.7638714193
455395.7900920494,383094.7127413987,257895.3485294236,537241.7761788359
225581.37196120643,215759.45821535843,158190.94277658453,262054.17741699622
362545.97660566936,262941.67554039485,162580.14497964422,288491.5669979411
-64227.35656699672,-67048.91676593653,-148132.7320087481,-16839.71074043226
597457.0203005013,547562.1945655607,279828.20754522574,590234.2648200127
48612.926514410996,49094.05228022905,-72948.19745653134,79785.36749203678
338585.5354214782,248923.86203470826,171883.06900212343,366783.5062017563
624961.9442689966,559982.6367992377,333795.85830766277,586514.1276791117
225633.74057413987,189113.4298274013,119745.06098679791,179587.47046724567
408391.18438034225,222141.088844239,47698.837852085475,348504.1283324347
531246.3640125421,613640.2868334441,419918.9257948637,564783.9290567983
582443.2762138154,564450.3982360093,420438.090744421,691211.3881282965
19663.49731948413,-69155.42752800707,-200517.79930166353,14354.695884735556
446866.9124121347,298831.2123117086,206196.5831231085,440069.699850917
190515.14216895145,121238.0724169903,-21558.949787535123,198829.23003738676
709705.8868225121,632917.8061527917,414094.3384496692,640590.9612942846
668351.3197392204,558069.3426192114,360914.68891381274,553330.8619649014
-12384.073140944296,-39746.07664525672,-162359.3231431963,-23141.754415935487
179076.212025097,103559.68536484486,38343.04846678942,99454.36810941366
486986.7179756935,449644.86651480466,237251.44610362628,393236.50177242246
-97641.92990116926,-117966.39335820917,-225812.30889930244,-68623.23075167387
187921.00902792672,140213.41260863666,-2494.6808366818586,266846.5392759893
-81690.15957055887,-174370.04586584342,-245135.7239512261,-108615.72556643386
416178.9423783008,382636.9595392712,154122.16180534067,344986.052949073
123723.32923626085,113046.60368935415,-31201.978537163464,136525.10987129854
205925.71964995936,188049.14443946956,56479.4538809011,247585.40923717024
411582.97793917893,272893.8797914606,94553.37764728174,375247.8707781873
378836.45318243117,269328.26692762703,134285.06187462353,331679.61806465616
394569.92027450714,326944.1269229093,163405.51857618184,343714.6235138577
648631.8974511097,607295.9124560624,411696.6399449081,538924.7653240862
657766.980641494,599541.5601185625,409266.8061115717,580540.5344376306
46008.27452773729,-34721.065168756235,-175233.66284690163,71843.04972644919
508589.43173631665,412803.57575418474,278627.449247287,494831.1752479664
683759.6038471982,495935.89824848715,494002.3519634042,650674.3578138414
661970.2995790597,596280.3065234723,388248.48481178365,633275.938822106
185710.2616829155,88161.16103848582,28039.77312773245,155747.23813795182
613318.3052930837,566673.866379635,439939.21133414854,632657.8317470227
621227.7088652444,510085.3121303872,436763.6402897687,634370.9491356451
386163.759762987,409268.7870773355,251499.2974751097,415402.9936084349
102686.06846853043,78215.17689759377,-35837.22563640901,147081.62172795995
15475.488302680664,-37369.3293041095,-118248.55382779625,29176.15898737125
695306.4969677974,636466.8623500625,451387.6936599574,723403.7050867318
51905.91940063052,17289.901152894832,-87373.79183187406,29042.62161266734
133463.78755279153,119645.03623969771,-56901.57447484811,240273.31800206937
555034.52686345,455603.87778423843,341617.1011911802,564243.6408148678
311376.1346322106,247693.26604274486,121858.79585351492,281448.4618514584
111843.92318379576,37273.081667288905,-93663.56831321062,96952.26246131898
129749.41934191738,241362.78867550497,48831.60947443149,186793.36942304578
455407.15068201465,369005.75934432156,227927.27001831215,508473.6316071495
557794.4676090416,507443.3982781789,322463.9911111167,559593.2889764081
408558.29236552014,408610.04001347127,356785.0739799598,513611.835166187
677588.8018675528,591118.4224590638,503930.6078691144,678803.3636597572
168311.22049740097,92194.17059836606,1716.6356514623621,134841.73809357593
389261.05962818325,389404.040382724,230409.9356553544,542530.1502287671
156020.78240657528,126144.09997993906,-54663.25916044391,125950.21338357485
481854.51381642383,408969.21560941276,280713.5313565965,488905.81091127533
191984.9746380119,187102.0257664792,-19285.36545199866,235791.4758213869
347021.4984225022,234180.68864551105,74226.98284365074,306938.98354149656
97209.72470544279,122133.56722739094,-81356.86289518315,117787.58246734226
497247.2168355959,488617.65726979333,340771.5148419102,568729.1003820172
650266.6037093278,443324.88721478963,477976.22255053965,571626.2898777609
345512.34179857455,202089.76327730448,85455.3852789019,340453.2483021921
438194.51158824994,480855.1777714008,333446.7899029007,471425.8544999005
-129003.05357417138,-146948.44645198883,-213862.76797194302,-147907.1230822195
-23573.117736672924,-139188.77744697593,-163731.9338924312,-19507.569266025734
487205.1598490649,428415.7829911917,312350.657049816,392068.61644851754
348088.8306335658,318499.88635346375,188538.03762602026,360797.0699898382
465849.67377760774,492432.34150932287,263155.9329798756,481730.86356543354
240641.2309807894,329940.02555988426,146074.0332618039,301906.0947579761
46885.57411433954,93417.23302072752,-165502.01897762547,90903.45828005602
252678.01118467585,282309.0665133776,193977.9822163505,323117.64127915574
189031.14373817318,79827.95981028269,61611.21923758404,151559.28965075465
-178567.35991697153,-201603.49758972967,-225774.2310539172,-179449.34963751107
254907.72408890235,228369.441479482,117690.70606622484,247188.30563599966
458915.46318412246,379082.03522856976,268222.92277077097,499523.42112696357
90614.13382195728,79828.49918552907,-65688.17808530561,77101.62300397898
-63988.45616919262,-153524.73829001095,-220380.72159692517,-113752.54340842972
689007.0426689275,621861.577325355,455501.05642159947,691306.320934712
77873.62561132375,-51442.521860347886,-111677.12099170266,65563.21439864638
273463.2835128482,173554.07987497712,43027.99691640434,278128.3541012235
160647.1728740054,98745.61343518517,-59058.19196888956,248377.24460661213
393382.3273738208,335450.75956321147,199265.9167498831,424055.5536305206
141073.90215982834,-46011.93230297766,-89867.81125184346,104398.89503703779
727626.067146654,643191.7639105744,442416.42496775056,685427.4791483402
627167.6876337498,604702.2474730634,443400.1057609293,651328.7258392358
614795.6461295397,599537.0175838207,449464.825065205,680714.6727479219
276963.97705898935,206817.86295032618,152181.5461484742,294578.0221112042
472732.6115167381,470562.02080533863,293655.03124704794,551515.562624898
380551.38145891496,331029.9728507368,123933.40040298481,346353.98666061845
166828.17573829007,157024.41609906056,53347.52114405623,246886.55628129095
578742.7383528182,475293.033170967,377259.8932309665,609057.3141283079
-92460.89065530978,-157944.61389170587,-257597.3181571947,-108276.24185279722
491718.89213383,506306.5029502583,257558.09996478842,463327.75472502655
321408.62037488853,347128.61814594327,129695.15127804084,355099.81183690124
498951.76348883833,482253.85363709193,242528.56073384243,476257.98463114677
495186.6217967776,437963.92714521,294807.61228020955,539961.2715828874
681669.8267639638,559007.4157344527,377918.9623936212,587807.6726472944
56283.76263429993,52813.35458841629,-9138.679628709098,55518.60689146735
529173.7472400379,496464.84938596154,404194.9221624109,540864.9337657108
536235.9833101117,462735.19811689225,362785.67832726706,576807.409559021
555053.7440279704,549569.5534582201,417637.37946246506,598619.9417425466
434312.12441716425,426378.91723337444,230484.88115689275,443882.5234576947
471571.12979300844,393965.33466040983,320930.5782098343,484546.61910303833
524351.7216614876,467163.7999709685,438040.88976370415,563898.65606839
621972.4419097148,526117.7850220385,441884.17521423625,608157.4031084662
615888.1019861752,569088.1267095252,444160.54640701495,543396.7486998998
-94807.1100482064,-56150.97201828449,-179473.35615173483,-17821.485946198227
11860.207423218351,-42036.1321956336,-141070.39005846198,6163.896202393342
-65022.235214832064,-163543.92412297917,-217221.52190248907,-50298.931826718734
575054.4657119389,466604.27651120734,415355.7365375556,588616.9397198905
-109462.5442625595,-127139.19151287724,-253471.5649254052,-131516.4681255984
665788.0097369768,629406.1307053885,499595.8274234795,599200.8051384557
-148927.64271692425,-164046.43582946673,-358963.3454684253,-129963.43199613359
581245.9195269775,551606.037028682,331988.43816816655,664278.4851220758
40049.4511216504,26130.535038429312,-89747.2004238466,33984.54682763247
425620.30323289195,318445.681185039,168832.4534813034,357251.41496677336
-98582.5410645766,-190286.86208899517,-299545.1547095582,-98038.93774763151
175784.30949437874,24793.881032548263,-34962.14680610411,157064.51134477928
206482.7916522607,77341.49042840081,84166.6095492302,213572.53381160204
84787.89406009682,-31269.448936021014,-84962.37378815527,12516.401421414397
600116.1583681235,468562.0288609781,357601.05524844467,618939.0139933454
212407.89639630693,152977.1900409361,11580.092386304168,206089.58466172463
397267.95857191924,285651.54019696394,151437.96824694262,378140.17360605136
356984.4221480383,258868.41039117414,185484.35336828395,302935.96112843684
453002.01333532063,431857.7288033711,303712.3746288079,410286.4615290072
705353.9689954426,589312.1879734327,506343.4714756183,737258.3902471578
510900.7462516759,449464.2864916206,302918.56306354294,458044.1174618987
197021.1416558167,199365.29817339312,62593.69540208159,236526.1574684818
495237.84477269545,379661.5787663229,289948.588074184,416242.6905747764
320397.2471863377,246966.79988589662,181152.58599268808,295832.4864155345
160204.58864784613,113814.18683432695,-28738.48180423258,195387.8595223201
586985.7652312652,448070.28588112374,420387.51363872166,598442.0898638358
3135.1015335769043,8312.282504555304,-140793.85786601965,1365.9483513981686
624591.7068427883,576699.0799094373,392843.0910229032,612585.0371211667
134483.77246292133,75622.18404150917,-117360.50575718016,120835.0382129848
667919.7506123544,541866.7798206024,536745.5305181699,680085.0807046965
-69612.24953064485,-132298.53522194608,-253284.26533199765,-139341.47257988364
646883.649787971,624540.6391569341,419320.4022723277,692884.9271626852
472681.5762329049,397702.3009362968,273006.4672679057,478789.2592056508
528581.842243337,359651.48130982777,279533.287293175,379869.82511040056
186189.19256206357,191683.80753659876,89232.57241793885,219883.80977378902
616217.2536709574,571671.1419717432,455808.4341087787,641998.4636933282
331922.0680187467,302317.00050001894,179473.87325238215,360984.205461339
-18821.6371373742,-106549.23049330164,-210572.67287787842,-92203.48384359648
171253.88076704764,81513.78033608524,-59481.07221185998,140293.3643109838
271670.44787692954,173289.77054157003,23646.52271224209,240128.40464167483
165621.31254667835,82693.84012739651,21612.69282074459,209825.70788997493
638372.3814872773,614987.2910379597,545005.7586218783,629198.4035689284
304391.7253697148,305221.9513019272,91787.78428086056,285888.4590808697
7831.806385008385,-67549.14273525437,-226752.85293479613,-28419.474609619763
203819.19543238194,124918.00191215263,18788.503479704494,188552.63207287714
328543.5243631187,325641.11748671567,168977.58374948148,351526.3658429807
589974.1417415044,539134.3335582805,373420.84604283737,614650.8135346286
393714.12229609385,366784.74370199186,251799.5511618529,452549.8111302095
-58784.48732325109,-53414.059810528066,-257891.87680567015,-37673.09548889031
288794.8779881976,301955.7955100201,168717.27351312258,377802.4478828516
366839.04933884053,247495.1204739462,77871.77281872474,306415.4368726838
-112221.32654111896,-160834.95095070644,-287080.3960156437,-142354.69708232256
212224.2530538938,126450.2018090142,71060.18676733598,190797.37469225342
204075.8182729152,98380.83138712123,6288.001505206921,227613.99507932027
495425.239039017,447043.6739631931,293174.1211611482,473079.7499575581
37567.04506891768,-31378.312007334083,-128265.47458160389,-11500.291435824474
35351.246203067945,21565.25529051968,-99012.27142744197,91685.96087990585
680519.5336934987,623170.7523219455,499356.2724522863,664561.2236050752
163670.64300910407,175413.49851250532,42429.273992012604,121154.45573060028
-83707.52105068293,-150701.74572646373,-285901.70689127315,-70404.866293584
384192.0226377582,273336.97968524706,89534.03747410339,349198.12479984225
42520.0766613672,-72750.3156817485,-93953.01073197345,50892.61967252393
147321.94643963408,110533.50746778282,7003.534748117207,184739.36520278663
-37792.505321288656,-97506.39705642895,-192252.64735747816,-33543.6558796452
431323.52234564815,383845.2428984324,139516.94018642209,381581.6851120939
645837.000361331,501214.7111329611,459657.1377870048,624310.8015092346
8824.004991997965,-84326.15405212186,-164388.2372624433,-34959.55887878226
17300.075148267322,-7007.944263776764,-144894.415155199,99680.19011826499
-24547.517170218052,-86305.64592287637,-201481.71978051623,38738.7077321579
395234.8847163484,420020.2864853223,236355.5631352797,426388.44907620095
561642.2279416476,464779.3508770007,362794.4340355757,492375.50384249096
486706.3893013621,371397.2937302856,255303.5300939947,502629.46427008393
28068.535404864,35124.80660856259,-71657.3150227525,85894.74069492659
334754.4511099573,296130.6776844836,182891.13026560354,372606.8963672541
551218.7264119377,405762.0077117027,308539.14200087334,512935.8147664296
102899.96170488524,24374.557909310795,-44290.559844392,30473.54532256699
-108839.96976134769,-175268.0297676386,-333987.24749062315,-99446.09043399012
472755.528407424,453111.50312253507,372959.8809883961,436634.1449095723
-59839.01913742797,-151612.23866572697,-189682.26595124288,-15479.896829149744
622989.1314409105,495709.1436172427,382516.12179313845,655100.0650449826
388778.51621606457,353979.2209908349,256190.07021025405,483706.89802287065
-127923.51485113049,-96806.28948782047,-225689.47247660346,-152408.1919879971
621896.2322603979,615344.9816022657,467981.8942012369,588120.1927707486
673043.7016596172,611472.8291732611,488835.57610484876,742455.2650839635
549236.7020545441,569544.25428436,384589.9335208727,646022.0593554715
648536.8259798218,563774.3982821864,425440.6080385094,670894.4318514289
550341.0844075987,373452.7133611328,309623.4104103426,517693.208972875
776084.6861287388,614352.4952096022,476423.4229097703,751953.6366104921
400069.4314860959,291880.58879000985,202030.96904962196,422664.9581505114
-79516.75468218524,-176199.23399815778,-306337.0081677986,-65165.93217424082
123457.01488623512,75761.52789647283,-123903.93188372243,98731.54186616256
659167.2464040935,524265.6890152828,455891.69221010257,618910.620099236
634288.1222607165,614227.411653277,506461.3207251887,659509.8006265075
-130058.18209875992,-90190.09315187339,-180876.39085761696,-47570.779156001285
559957.7703722208,561184.3740003875,379672.30324971804,653677.0434001009
687062.2086784162,630859.5625977688,464043.83203135745,699648.9136963235
749748.3482263563,673050.5564299771,533244.4957374191,714505.4119756361
222577.90134024725,211474.97117922187,138351.3912430919,278272.224084371
-114604.62231223192,-156328.02425566997,-225341.2090028989,-44239.42869152356
206458.92060833145,192655.9000797182,-4931.778325096471,162154.77820761374
448815.23958192347,409005.2619268168,233469.3120112099,419770.27405508887
99210.16174654581,46741.42018808983,-83012.84095700528,81928.33528798574
755184.617573811,712327.1408405609,506964.3494675044,715707.6503715357
444311.59922662505,371624.41436526575,210356.579017365,461776.7160928587
630801.3870879053,580599.92917664,430672.3037103062,709360.5735743425
21950.915857642365,-31590.85229467787,-112251.37221569836,26993.665053579025
353482.2698153099,338486.4030567631,162427.76393724885,350287.8862324548
503649.88569265767,417678.25585002895,258028.36548110016,458969.6119426073
434685.1613071391,316567.6947235629,207773.92926773138,347658.9365579005
94762.0936485345,74152.35618014052,-100138.31289601675,61294.78810749191
589930.3471452948,499093.6837397545,484282.68299480376,613580.308538924
-15586.983749535866,-16634.20699579164,-137555.19432552578,-33582.43074641924
-6637.09656429966,64983.48911718989,-67145.51744918479,62463.06957029563
618911.5324048104,581634.979156452,335012.1209806934,624525.6849468686
623813.0185864056,590286.8359121564,433023.47353043535,638335.0036350044
437853.17990843905,400750.93582544196,315119.29510649445,520538.7356955777
138738.3873110934,24551.017485455726,-94853.54903233738,48500.72595639934
-59199.509278295736,-170055.14212390012,-304313.8449079416,-78588.24533595919
209125.64312493568,173007.46227892186,65094.41749272356,197527.57001096185
605110.9133469742,577201.5783153197,472379.619500433,705634.3453141272
52381.295935166534,-21923.46218767634,-138276.20333118568,10513.360278976033
314846.59391785075,165334.15383342223,19173.959486659267,288427.03935325495
491681.8124262232,499087.8126377257,395567.25119929353,548675.9031698883
480100.1276029494,375365.3177763381,230472.33655074565,445669.0977816131
662000.8093412155,473113.1667991644,369428.4601110688,632483.7371179422
444776.8213371892,393287.76541389246,309186.44967923104,455708.97744904575
144371.239153674,79475.65504076611,-50244.362368050846,58066.697841103305
379373.6220027369,350536.5724596584,264521.96090998256,404381.0468224003
335198.61586316815,282198.56032871397,208911.65987022326,400544.9701160551
169242.2864727159,124543.79342917772,-93384.00799716997,127938.84839909279
386412.4713755639,345556.685838416,208061.6485667997,396532.75238467706
-116570.84213392658,-179111.39788404503,-293199.39235028136,-122076.61733429198
511170.7041070451,393156.90305836464,269961.9666500932,480038.25483733136
25469.661586205126,-51455.07761359704,-163746.77785960783,33946.50954282121
627888.0158008542,618297.5041776418,443857.8004509454,623705.1217596005
19456.140084787854,-124876.0421451971,-237071.69757596485,-28239.511071402638
560255.0270488758,495538.40210554504,314006.5567696362,579526.5030540398
642137.9344313408,572505.7525295666,424774.46424095763,617639.2446805246
453343.55821134325,386923.69393716485,364048.386949111,520246.1163239435
437374.5545520801,399627.31551052234,199302.49876981333,503097.43103518465
417921.5447742733,437517.4286334985,310624.3879413073,445496.8426027433
355348.7375906218,284878.8332542501,155999.99089682742,371914.1773344622
414853.2356053834,381176.2306879945,235043.81182918046,404016.26218434644
92137.17300667474,80135.58317760541,-68342.980165835,99871.29776970425
425561.60037919076,363677.447036598,205329.3868881343,411932.70245758
56829.318485306925,-33770.95512487745,-98490.8424896315,10103.423538759467
229647.1518235607,235046.1849332702,63418.457753639086,322448.3198572948
547503.8898927853,509376.4327380175,387685.95450797654,569054.7871991179
401180.7918731347,260242.8235030718,159440.59398753545,426137.5343144754
4454.482791491202,-83027.71536373184,-227682.86810546066,-75812.51162142254
470979.5009378897,387378.6482030436,255216.60517896153,465827.04431868193
394747.5340280257,358694.12147313426,233014.78594174364,384202.64980137954
315687.6618060509,273545.26715844055,100562.18536892801,319827.4950753435
346892.81140870217,223329.0825411852,157617.27405266894,357613.7655911156
673122.9055355212,608890.9314887419,448099.9711537588,655134.2175968795
694171.4787349724,581834.0527885298,509389.60807314527,654950.4030464089
-7168.656922213209,-5835.264664239134,-87354.71622280276,79660.40709504508
598879.9758012921,571851.0022584568,406528.788920367,669863.8988862685
-108115.6449635764,-148690.30236963066,-279644.8027664821,-106001.21136601368
294863.6945165094,240345.4209017848,104854.54966998752,265492.6715579103
552725.8159547753,453881.95859061205,310637.325489369,494555.370878221
194104.38955032476,17789.500035303063,-83603.04805246671,123152.99367748527
253099.86205212353,241974.15564272017,45355.04321360926,256854.7401482436
399726.03225582,365504.21947209095,295685.1568976083,454990.50553094246
-80004.99008617632,-201668.9993315061,-290957.61105156556,-100870.93385178817
584105.6167497286,512736.404641408,344231.5626017909,494938.7216516022
523592.02991921676,520165.1133003968,367917.40672273166,498707.43188860884
499049.9323731718,425140.77102170803,356562.93106534204,464164.3832095086
681422.9025885058,499055.4533647668,428821.25443953194,652794.1596469923
-39051.339871026576,-66327.84250773874,-274965.7459144731,-2092.3992196352337
-126278.23180637555,-126070.98857994983,-217609.8635622292,-66078.49512194999
307416.3516921591,327739.3495046353,157310.09376711212,374310.1715004258
-141938.88400113373,-179045.78792800766,-298218.75208577275,-129893.04714309529
36087.07898774254,-16037.380277955788,-96023.76889762399,122439.97326154972
-118084.22060074541,-137662.7227629486,-259933.97049609292,-68247.71802120417
293410.9619709139,221809.6345418878,107505.85241641139,284897.78393136174
261246.81186155463,285028.9378456946,143035.90122194518,307642.26438250905
450510.6958816992,463177.02377714403,287575.7595617317,501670.51585746
107053.7684885083,189051.29870384955,52439.29287228803,193087.10434316273
586253.6452199502,536982.3917517608,420420.7267244259,579789.6682857522
211862.61564254365,163795.38437161513,45881.64580534224,182213.30140597606
-114384.69401117123,-156168.2215918235,-191956.12989134202,-66335.09391228767
132372.20248538663,108875.58129609365,20164.863739843946,161044.95468978165
47944.44188375247,-48392.05377857393,-79548.18034458603,29007.929239424644
43073.83101808769,-102064.71266145079,-225280.44878200302,40829.18031848525
115945.62212361279,44264.08038622979,-94768.09023196134,127302.04275046161
392711.55290307116,330583.24359033525,225807.32327376085,453196.26323400903
53089.6129596961,-13963.825347516686,-154626.81799322518,92915.81160656724
-7228.396083417465,-131299.95485283865,-209192.67152193823,-10897.741329955345
-72237.77756121382,-189718.25382636662,-247842.9075926452,-116945.52844607463
341276.7969394638,233954.29073936492,109580.29936725798,317548.3531375134
292788.67345579015,97660.3762868233,72932.37618059875,195959.95070743258
322169.9303174544,262924.8585582158,114745.64219183393,255412.09391487495
436745.44860966224,355132.7019186738,316861.5714580879,472505.76031797566
389428.9329391337,394636.2703063496,272927.12171991623,529829.9912130942
613024.970557451,514851.7877740094,390627.09525821416,591682.4525682942
161484.68719034723,77573.53236369719,16869.24238217587,191670.53063634934
543117.3386137702,537532.5210556216,350749.11013734585,638287.5731578851
-46443.68357246416,-161997.35561396275,-247730.80076955096,-109144.99775838031
-97089.4349411081,-146873.6988740305,-232701.5806445019,-88057.19637830666
434517.8399250291,311375.1882496517,169268.44347702467,382744.4667465843
413878.9857094134,370110.6794326013,259173.16808317287,364336.74694219127
352410.4480061295,343592.57901703636,170143.61213427468,353924.38481291686
466422.3034175285,440675.0671290315,292662.6963339787,444002.7082240791
336766.0503311907,208518.08284033928,118476.70076171472,200480.66384555295
14541.533590750885,-30922.71099357051,-133157.1414782306,73499.08651482454
292970.20302693534,176064.18127102556,63915.8518187243,318499.5281620136
77796.98745638423,27533.150474867318,-79362.79616951954,130977.31556395604
-81361.96846032963,-107815.18278696144,-246680.7221263987,-14881.7854844486
-45108.794977539685,-109058.97175048006,-189365.03008607822,-89634.36958694726
314603.68257372966,263558.80348160805,74476.43850519403,313436.9475088803
489831.7508401874,450599.2350049502,305456.776936812,442746.29733871436
206035.37114224606,195996.21926941595,74714.60420181113,242151.57900897495
419502.8461735123,399416.42187516217,348614.79242545227,529569.7474835834
478840.7720308113,468078.4124619921,279146.9433847526,560685.49753733
564194.7072257644,480446.6481645119,362669.8513360941,557889.0494354749
-53433.05896130402,-87459.08389393898,-197963.2163487078,-76952.02882773912
529722.2023571027,435489.9291957766,342295.83869016764,505215.8045219226
545177.134533346,574204.6137983636,314559.4376011826,493928.05653181183
248071.9391107813,119269.28828506928,47115.76252790948,146523.50976481056
413209.3670434328,372915.25135397946,283064.27981130674,508313.9287891275
398200.8609810581,323149.6399371198,179568.6650319799,461208.4410414727
574004.2968355115,533913.2683387389,464344.6399516399,580719.577897395
623456.1237986409,500324.4610148462,422180.35504745285,607509.922547345
595443.4386454036,522377.3334356998,269419.7303599112,542948.7658967078
175350.4935268045,99318.28352853225,-19926.23202509212,78191.72265764792
511045.8071848521,354548.2657452782,156182.16599368176,334886.5654119231
164038.5215862419,122097.20270488039,-1348.836166134337,170427.9439680652
514587.1197532299,506058.70944211655,332204.32405642397,547516.1406547539
577976.8772022189,567121.7659555236,455526.38861894177,665800.4524954043
27762.078056982835,-26346.523744893726,-177026.56697408133,739.1634594311472
240410.46825133543,160299.28940065892,92102.51980642858,250770.72499223263
575668.255453239,502477.1240575742,343499.0319497165,592118.1258131815
619597.7005047931,548107.0450201158,452377.21957973123,661913.5785309675
561423.4337934791,465865.7745362191,379296.8779600243,555372.172142037
458795.8010711679,321125.8231185969,118976.7593655705,373041.107307269
181014.6997560981,271489.81414162624,113994.83613001276,228597.5910115115
-139415.09199735982,-131961.44466611155,-297856.9554743129,-181981.1022085689
177629.31613029982,93436.12295997608,-22861.30897376861,159629.63244733214
-37072.566441639734,-81777.6918940079,-230021.7523864992,-19848.624514942756
603690.0850747621,578164.9573633517,392963.506097344,633418.2628713341
684330.9078141602,594736.6805577979,464939.2126783953,702383.9232902473
395455.1354790686,342022.2488165299,129497.2631428534,349224.8374020937
659329.1315032609,451129.53363459883,394212.81105972803,571105.7199490559
44843.326444321894,-154239.08991452382,-178873.03001853882,-43810.200316841016
-11547.044293034007,33519.70678373589,-182719.92448577838,-8734.106952126953
545036.3013426139,509649.9483417261,422405.85317796085,607706.3574938292
-96108.59472400276,-199059.40466448176,-287708.53457301296,-127273.60889486875
368422.25109528226,292054.52444396843,167717.68564394256,373996.1597132494
476423.18669827376,431089.0683464034,309876.0183642432,479521.9145388568
210030.43093205907,122444.33533353487,-71215.94465597346,160345.8731990665
131316.07259733044,58785.31292862131,-56486.01968207152,98911.37730908941
512838.14955457277,453984.389867523,352372.47629081074,570513.238324875
410806.5387645118,434828.2588275173,147316.4575200358,393990.77167064324
360824.05772435095,297287.3110624617,128025.34746053629,349110.8316053613
534947.0623582236,483297.035765928,348993.92801212263,594230.8940900601
209556.7233495696,84236.5893018482,5028.306437311112,191311.66418604308
393514.9207223932,334860.498651852,274403.5338431408,358628.90287531517
284255.4139842725,212717.92564244533,90895.7889804882,235251.69286701293
683210.9199402672,602761.2505275947,462249.24684694095,661828.8746838828
285512.55784291937,254026.62738105352,71943.9458902434,280177.98443366867
187770.49926904286,210619.9988394269,45593.917321530986,222234.4728995756
-49233.87653134286,-102634.44426757976,-180097.0393001897,-1688.608821223781
602707.732001117,482337.1556291956,383934.61659904546,604647.0566383088
163375.3912222162,141268.57402522955,76319.77839145344,128492.15970967419
254829.53346263652,241119.8672116039,71037.14058751613,248531.03977070516
-32911.30326131085,-159295.05962932692,-245446.2111838514,-97473.62220439053
349418.16810089897,273149.4043089218,111260.94465535076,288392.85825161776
202069.69049249613,149193.6702877388,-65033.754336619284,202414.51745024417
621532.8302010547,499164.9350580763,529935.0620261066,692409.6673871647
-105622.98772632028,-115785.7209813447,-233137.1328155368,-115891.957199722
388335.1390646957,344576.34335052373,135538.16340971086,276591.37416122516
140663.041611642,31931.437635282637,-821.9515448852908,90470.38681452593
58717.98038622143,25941.043824327644,-85204.88434337708,20458.510265759833
261731.00057793292,272842.86935956357,93422.01234152331,329145.3441535728
-94600.09670581482,-83366.32560090488,-188923.38673602027,-108763.98310030933
422409.54105935595,369929.4851790058,223978.38119848445,499328.0852268485
496003.2986351034,537965.6419123469,398278.4452481002,551829.0300691237
337436.69104601874,255837.52178848826,71583.1069844825,303653.6299358418
580719.7583069103,495422.878864781,303299.83818495984,562318.7554867573
289877.3581620167,174640.84923408658,113671.96158729156,278415.9377159537
-38401.82211567368,-71775.88100198028,-176050.9490018997,6457.8986571455025
100570.5880756313,37727.90453596588,-57403.314166888245,124093.80081893015
713116.7953714307,581162.616477096,459448.6965008179,613267.8484830698
327665.2570373607,297530.2802331394,126787.54222325748,379851.1159382587
545480.9600606402,487609.7718347191,360113.8603351264,535684.5737455331
405056.5880182823,381615.9430358055,146523.7090082484,417837.8455194504
501922.22130556207,461345.9466510733,293745.85533702886,414273.89059667196
490040.32109040336,320444.28408762487,192753.5984344933,428670.1934127215
516636.3141170514,458518.90384972387,289174.36415071075,448906.3264695897
30285.629227084224,-37402.54647589795,-128345.43022452336,59325.51234717539
285355.68934741954,295526.86587247206,180036.37440352666,279035.5098393338
453804.52870804525,450242.1063004363,256911.5500190648,447300.4537777514
623251.3253455332,615095.1225584701,540097.9619022257,705182.5090053056
-109612.7226330039,-139858.71857524477,-304154.54057323624,-97123.02603104862
482092.4286958319,461443.4509601452,308050.1541023073,562741.9731678856
541199.3975059952,470340.93275619776,344269.4057616374,550160.4002916818
717751.7148954999,686821.5623274317,589345.0811398096,717551.336122734
303010.1244596648,349497.04264240025,190811.09871638822,343349.205904908
491690.8524133486,491833.1561424087,346867.7898556938,500669.04486588435
-134363.14984327892,-125982.61635347997,-231035.16417691507,-95389.44566017727
13794.041682729265,-57033.78759433271,-202528.68361069093,-18940.803581630636
284026.5854071232,251374.00652540987,69511.20602390892,243705.9010005853
169373.94286343933,36521.91040816868,-30734.700687327888,174160.6453081835
-66523.44698103023,-77558.6292229013,-264611.98906803154,-73697.21275298251
440724.64505057305,410775.7132849252,198880.46657684736,437181.0366770888
5021.221019754885,16450.107271064888,-146201.9062107004,67047.39643780177
566081.8350753379,554657.991589739,378621.80362267955,576803.4534378718
563459.1633112035,446147.87980781007,339785.3835303163,533060.3689723252
-15076.656052378064,-20187.54788462678,-145653.28289052768,102142.43031391513
451870.2329650235,439363.82425172,248810.47510754433,497374.81311939145
623726.8954676993,601162.6298016675,487464.2988106789,641032.6554071016
31808.60568395001,16253.459080366534,-127493.18427684013,38755.56185361231
16679.741711195267,-12540.337920308113,-206262.40920405305,4562.051087407512
25201.232852861052,-28726.40624057455,-125770.9006820987,-28459.28857120371
404268.0380788944,326520.3772526218,202449.10649712093,452166.94763745693
592656.2943946037,451351.85632953537,425400.3295835826,648541.8230745171
300125.07375458616,264204.126909025,146063.33960922842,272183.89074186597
207313.10350117274,209177.96990218607,31430.634672395536,238459.4241848234
91287.03291230649,105586.04614995909,-2324.5927819411736,170798.82453648862
107049.43952590227,90896.22468147823,-22595.73586550972,137920.44387975335
132462.6598934423,44619.36500553717,-90091.95701798948,135578.5513430183
-113950.39523437247,-232577.68463104946,-317673.52331463224,-139086.01594755636
372876.2977293716,257131.54393006512,165645.59839815286,349329.7941010323
375420.0702520546,303317.7770233705,133260.15365986107,371575.1633578326
-68943.55464431073,-31113.88276336476,-137655.94550208678,-26645.547989103943
312616.118194179,109785.72174955276,-9075.39745579206,253872.98258642596
-2962.9662242567865,-114487.86626410624,-134543.8461030168,-19748.189977191214
503524.709671005,432972.5900323342,360133.88398141286,502268.08815385355
38310.97916487651,37551.38099860074,-84372.36444077746,122607.35436897352
558974.8728993121,464965.088864262,378597.5164654787,484539.2609739498
486118.4966929703,449089.55076011,214226.4747591702,468169.26474074565
401291.47394266305,310376.88692012813,202986.36901861604,376185.4171176903
-103332.91163943085,-150186.05985470058,-245576.22786837938,-99715.4926123108
526470.8728249606,288630.6125213882,257026.5859083617,476815.992524002
75952.41967466241,140542.80151666247,-26502.61703129206,153845.04019986535
83001.36662414984,25114.934738651966,-100945.92267284112,105534.62212452805
322055.8038368126,183983.40981635626,91318.84138942359,397658.9690477352
360149.93327999976,287018.28060835646,207980.90663847444,339936.2612182568
554765.4563865471,549607.8906328192,398781.0249797262,599512.4386101342
541500.7332736185,591767.9753086423,371115.9054087739,650286.4509219276
103840.15477869927,18228.63320589857,-119433.6318995083,103080.37101268233
-11778.37327440182,-15156.064003394102,-203125.73919915088,-10127.557484329736
107924.46531015018,49294.465773061616,-103703.47439721506,157320.6043655523
-4507.216887021379,15040.789230442257,-150605.6190229319,-19210.38874140737
503376.93260895496,450632.1281023043,396054.35490465106,570184.647928152
242801.64461967256,187001.37611995393,19249.05076734617,224862.96514525707
370467.38576813356,299986.0390526131,166635.22569425125,427767.98462579935
-123972.72578604036,-120459.62566639163,-256339.50833354046,-119592.15023363056
483781.22387494217,388865.84704963956,246532.57148646517,444207.09166725853
454369.90284488385,442778.2391338566,322664.6543165335,522336.04958122724
90242.71740536112,45268.220654106466,-169343.7763611842,116356.7068702156
252589.75295066007,251134.25976582395,36038.208296868135,290523.2560553943
646721.7306574648,510072.60886975843,402398.2576286412,598105.1744305938
656430.0757062051,537388.3213782301,400200.97772326984,625162.2645546109
615330.7481212209,513504.0407161042,471760.87936442776,599832.4592123956
391990.9086781357,395924.95515192265,224418.0642268618,440093.71055978653
683987.0175015714,516773.676475154,431575.72780048184,599702.2332951722
126838.69248335517,132607.41504386463,-51992.28874322807,154035.90152212745
541023.7555486592,472462.73666047887,329087.67001240805,538876.1066633435
-115780.45981113613,-140643.00260320678,-226439.95779953414,-66175.01618516329
-30088.26401595585,-51230.804671731836,-179451.17120933766,29124.598290363327
365113.85531346104,350095.1590738795,174232.47247097094,375041.2790190473
128589.97394262406,74961.96080581308,8456.725426694262,131187.96574400924
80796.57895389979,-46327.1330898584,-63579.95368083706,96181.68349579943
-26388.924010405084,-95536.47311560798,-189936.74723763496,-56389.976903104805
-38853.764697799925,-106081.32250221202,-233557.3411011558,-50169.146262119466
415975.5784399555,461484.40481774695,310997.97329724114,494444.30794717954
210465.29082385695,113068.85111771396,50440.972956754966,166491.70082312135
147874.8784867311,63198.433996575535,-28151.918550919858,153644.31093574653
286799.51309046545,242897.97485595546,89218.83423390251,274858.01368905324
15419.19114907441,-81909.18313006946,-98057.52995511028,-16005.110977125703
579292.1162246936,437613.1381084493,286572.44423698867,457744.1720786467
321712.27653574734,245902.05395080324,126117.27233077853,392716.13898679067
1322.85323976184,-130309.78774322069,-187700.91666219785,-62989.25737073319
34497.297319963225,74983.04967447976,-89687.11115218501,-15039.840781119536
320707.0708811821,331029.1582798583,188927.73496838508,350695.5381226961
380765.0368499961,383037.56144798966,213062.82890962297,446179.9096538498
264927.43872443296,285417.438065578,58159.4359098057,306986.6551749292
-36065.01308311656,-71475.11704751872,-229753.84813705512,14030.622984255897
-49489.691843894834,-107126.15015331097,-192997.5179330618,-82750.22083412303
635128.0100233667,522097.8193439725,451616.3020577034,536706.6195602567
36955.01307638746,-17945.503603255842,-116533.11604969762,113973.54649555753
328008.29538237595,198628.18461410585,106319.84967382357,253111.38447509403
472548.3893643032,458633.4112332837,271947.2909457742,513203.5564399641
471681.76695200626,341424.157951216,257302.10303288896,352041.58668033
547635.6084595895,488530.9100743714,400945.145983679,633891.4034255955
-101154.9655723878,-167767.73733373004,-257985.0731721545,-117032.67605372623
677718.5886780019,617382.517622137,475801.9124027068,660185.27362589
342482.3657862315,287762.2803328397,158437.790749743,330505.4785216898
70995.37639692577,36266.71752636437,-164113.5656888691,-16930.41313054983
327609.4551565297,213338.7936185595,166624.18016981485,342934.344683219
-88017.99074434943,-76252.08843305986,-271106.34016453684,-38920.92433907138
-25066.55303600873,-22758.757188622898,-211286.5124167251,-11148.433424242598
492730.3905354565,412767.251757773,303734.25239511963,588341.6859882374
-33294.603274734865,-89764.53666659322,-204805.5655004804,-42027.56220114493
-180482.4834897183,-210743.3048874499,-280650.4655379285,-153199.85559706844
-107437.56315034424,-197709.9546616093,-261561.1955970592,-119000.68295628706
446807.0851829308,362501.63171271095,186170.71658773988,398180.09933582495
473329.0924535652,343488.0917444492,262761.64950652816,410870.7056344624
208633.0989582173,117046.03745743632,26677.37446883612,188437.42820690956
336981.58753389714,299484.1727625453,156539.2755088252,327935.8899620571
306368.2087033405,232640.3519027558,110619.57106584765,237441.4651952437
666051.2878959053,631872.5688303404,469218.85280360293,765401.0588183361
137828.8777542602,45381.57127074886,-74287.85320067126,73166.62267459335
470021.03248870943,330376.8802190955,228375.52878766262,464195.2616455703
255895.499286338,213445.10227789485,-92057.16851198883,202913.87495798757
403533.3517916063,286774.6245192768,169657.8450293654,430244.2515830379
614817.5166177538,488960.8993578614,400192.4564306366,620401.8269615874
52050.193769134115,-2957.1908078793203,-112415.99113616045,42155.58130971249
-103229.0317239355,-147076.47478615324,-275150.4667597842,-104497.60089752177
505522.6766442467,436492.89173193555,369751.82478507597,497050.7522409047
514595.22730913456,543350.6222282455,302378.3869700625,513534.2752111851
551298.2773576903,423835.49707873096,269288.88669705787,488101.73411386576
-106039.7130237745,-195023.0214161938,-295649.2261070309,-124917.55519974086
389316.68366912415,304903.4788738068,238656.4465116734,538187.3788520861
348689.9260981858,363252.2776438019,171436.54465449613,435711.2862014376
516875.6931155004,461981.0801094591,322637.05428386224,537707.5948570144
103724.64224161918,10054.261286883382,-116374.91506211937,79528.41932863963
384046.62480882835,284727.6460629185,174922.86111281253,357679.9043584416
-51747.13248120097,-107471.75900733814,-145657.73774047877,12305.00178376463
445548.3826177602,436023.7728592397,300603.7423628303,467494.22434794984
-104438.07906872884,-187902.92462192447,-293970.5766079427,-106145.43966238142
591506.7673811421,542739.8483977767,419403.4224867347,628612.8064578476
700033.5376375092,547591.7813892951,455504.4899645323,638220.7375388825
519553.2725202524,442763.44353211625,360974.3278567856,457578.5844125175
759947.5617213733,670968.8862826116,471594.86217527476,777297.3993637967
531944.4066585557,586098.0999988923,421459.4730206026,520180.7329128288
607411.8944692996,473314.9977764643,379181.8480002695,541094.0371062218
712646.3887515147,584708.7251290048,486133.27019559627,606449.8362203019
574609.5754413379,546406.487980536,444040.07429955516,541731.6294234613
390841.2631569251,334237.26558547467,169532.73542394862,391189.0295693398
471304.6171285411,510683.2247308288,312391.7888470768,536887.1965187244
-154110.61407981638,-181937.45877351984,-280830.60447901057,-68799.99839682499
646588.5155660682,637101.6711856022,546492.462372084,725770.3719701581
615246.9212671446,581386.2104578523,421563.57406796433,604731.7671443841
282049.00716942665,246190.14190375712,153861.47191188438,308032.50162056915
469763.1414972596,537797.4393282896,338474.7230904037,544868.4930268755
-10366.619117686467,-146233.85351067857,-175700.17972505774,-61835.08998422796
489552.05387556134,460612.6571684232,259327.0705534703,478461.9772484198
8631.680242975359,-68704.15746305935,-193772.01450182218,-24458.996192219376
179305.63555424684,117153.94993161655,-25501.29591189418,214076.11308936065
258533.537898793,259206.95122105302,76317.17716358043,243279.24256353185
129280.45012727461,-27362.399997719098,-91393.91985479218,42843.08122791955
117843.06487458781,47096.59892612824,-74105.75797394442,65571.86444409436
325971.8983808699,182946.72477918933,120119.2743723013,274154.2444972197
-150876.90275860566,-133621.81245552865,-280247.1075044657,-144425.83128249354
695304.1805795811,645956.3906787946,422796.34453176835,617961.1059176472
-61710.68635188154,-93276.43909430964,-197611.5442019651,-33481.87929811439
718220.0023687007,630709.4941417302,514832.98643093684,659937.1710703408
-120473.30570377625,-159390.37329517223,-287973.65082252526,-161181.9484864439
207180.20970522938,263570.120328736,78631.09455810336,195812.81759355997
207047.7955457985,41566.629802697455,-9168.283257770352,171462.9328500165
630130.693044578,583406.1274411867,463841.1872623783,656208.6364191512
150989.21179733216,56953.22873933194,-14057.878314131522,171081.39040754142
-155020.8228570125,-182147.59407058964,-305638.1819050348,-102600.88527635415
366124.91920961894,325103.0168830623,212550.60834614246,366650.8550534162
675595.4272977374,454763.9671701081,447473.1860754384,511580.7645505776
-117742.02579437371,-204275.11120261345,-258200.11728735152,-91057.82753207278
158945.82815399335,120956.04088241514,-62502.51741449803,111629.0627408314
500644.9031017072,361665.2952606615,293643.8869687709,463365.5476591869
357363.681201468,354506.78182410426,313467.71965436556,409718.949189272
292978.2848890028,203859.27592505503,158776.82628022542,247385.292979214
267040.11671162,181606.84457629756,9538.388525095186,217197.053895958
-40413.497065612755,-53498.71154668683,-245323.99863493937,-38471.04400632909
366762.7265366309,379050.25029889925,223629.71265324985,309819.2080160591
-20209.198534775933,-51691.077382092015,-155963.73349515692,-68124.3152280837
317635.11479742127,334000.4853796633,143324.30946159153,344842.41008343734
-104902.90865334618,-151914.9212620883,-243359.36895451095,-66391.0018835999
11269.024232127354,-102712.34638634679,-140049.41343634838,32685.76771604363
142731.72751806933,182275.96479044808,47816.11552699632,254495.2473097127
691692.4135195918,638893.7170468392,431253.38529917237,665045.9980733751
-599.6828999457066,-118727.6502916899,-192383.49049717316,-22206.328870567377
660198.638541562,580432.113330018,371939.93734099506,622872.9500482173
403523.52686113457,379727.5138591187,261133.60851333267,436388.93317629886
121088.35431486985,119250.52228639752,-106366.17564935097,177561.3609992182
598479.8204338024,544459.6900236809,513350.9117863992,573720.5606665416
472076.6340799654,429163.560855887,218842.4852881988,373967.91450097505
551602.9293898153,443347.92066784855,248465.3593232846,450862.2322845842
88156.52366893424,44272.828508551815,-52134.52408313763,103932.56076934608
308984.42094126623,357346.72366859217,200823.36733350018,443589.72086355975
-23704.343335249636,-122724.38296794891,-236651.6797301753,-75051.7390555339
113378.02794168773,22240.630323211313,-1551.9021122193662,192027.7730665123
-38937.88297080941,-33286.522935622954,-131677.37671904545,-52508.458583951
205791.9192799091,170221.61041157332,49050.794739527046,190400.01960390178
694753.479624812,604130.9572001039,502687.9439155598,676589.1829321284
346523.62250355224,195756.12906848313,47828.85812777106,297796.368026293
699622.2970911295,559327.2431078597,447344.83855184226,583471.9552313753
404312.4112118854,317778.0212395316,190822.71506266738,415827.6182742268
45537.17465572897,20585.392452409607,-132045.21154204302,52093.43759680772
-132641.32416385534,-175624.42564806313,-315402.652751475,-154197.3072286754
402032.0374567477,291538.4599076384,197297.30570070562,312694.05640376685
523517.77106949175,456669.7437060607,291302.93461002584,540852.0654526144
276578.278686331,180756.6806530906,60154.22081149358,288766.96099532
165440.72334285767,42554.23634350882,-101211.00731981185,113453.71567752177
526525.1726518648,490386.07844284165,254755.64697712194,547301.2938590434
416826.70521357004,300666.0900240232,194888.994465829,383082.81644748605
51477.216471577645,-59116.58463921101,-138643.2979895766,18902.32127052569
36599.24971082236,-8124.656379827182,-190833.54861945444,111289.29767006566
305291.80656020984,264397.3723518383,102299.0679590241,352602.31828098523
585057.0048083051,608876.20946414,401236.87976727646,595238.432705116
-93380.07337337243,-136348.89463101677,-164253.70598034567,-78066.18485768198
500622.99476322054,349077.9240591128,252046.22842053638,444948.5311784613
359085.2585590802,237017.98907184636,141311.1383029282,324615.7624061168
352177.7713466105,295138.3695101598,131647.55262782006,319462.9166165424
255092.46188495716,177330.9874504063,89067.34110120975,279633.1337373898
306621.74631332327,196702.31777043908,36660.45641576499,238787.18683204264
-101567.18386051286,-201589.63793585525,-247389.6107988924,-103744.51705278107
-98488.80055766518,-121245.403775096,-241666.49123493012,-69721.90412789234
323549.80220145674,274205.1892035814,167585.34854005126,422336.748799104
55438.3070634593,-9595.643614344066,-169197.1215223355,29802.612909955787
196741.79270817945,137131.13970964553,88941.49211270467,228002.67900545674
191977.73467890534,111882.47726612026,2243.6126364589436,172384.1113291151
105694.85907421971,159789.2023243585,18807.002148395637,181268.86161263695
-78078.71912969125,-138329.669401518,-279472.3535377673,-96152.93868253159
315464.5452582382,188584.24806396943,27386.11537040933,286285.6163839721
242959.37752067135,138953.23388000403,93721.27654410701,224619.89278490236
-20479.93438065017,-58047.65692460851,-133478.84990495903,18006.336722686538
474017.04752232437,358996.0842386092,200302.9292162438,416212.50524646405
722684.5919275014,569553.3539317576,443133.46093943284,620945.8875903618
817201.0050198741,784543.3334661685,624503.1541104623,699162.8768262472
252534.464490494,286090.0743153662,143176.11420263688,262827.4724911081
-8334.187214663485,-64434.46113918035,-228259.24544420897,-86376.38356328831
89480.70381011942,-103286.26789642643,-80057.91360719118,120490.41500143171
-63620.57675437385,-120528.89608760341,-214959.93222181138,-57004.896847950644
87711.01159229316,58595.987694407115,-114122.57333711069,135389.69242592587
296034.43723446364,217432.8799814413,80084.03917020094,263850.74258656777
539395.1953607507,440916.31238910416,379249.4634350365,496035.5257095011
517786.3850781217,411177.975579974,340181.7440527739,457522.2673750542
495918.82000450185,513273.1189616581,350507.45560223213,575500.5428072412
325273.27899289725,199187.9530026971,45776.587682398036,286213.4047210419
174564.93572561129,72517.60698331334,4401.202447537216,149295.7451338555
560993.1496806913,517152.1102485724,385425.7436015095,523828.4377224494
177129.78166064143,196268.9777424757,35401.29201942496,263424.78481026634
469533.2626576363,362412.0014822314,196568.87927177828,406662.63638949057
-43058.75984672672,-145031.8968329323,-249892.58036203636,-76900.33631076367
412881.8335535247,394067.9116949029,201779.8609917889,384411.8937968428
314161.47806905594,268873.27927568485,171207.31192983768,373564.335105377
409014.8155864333,314285.56708339544,212429.5814183196,365557.14477420005
22089.025545333046,-56218.951331339835,-106612.82671842678,53044.63556286052
116470.08381067798,38391.458350427565,-47195.71438543452,83799.07850682561
662696.15575722,580871.4061063516,439354.66318440705,619199.0034574971
125873.97464796016,76696.55742324283,-52236.710985117476,110764.68418205739
-6909.137245810009,-90251.42371070618,-123074.45290319656,-33405.81023456185
704564.0301097038,682993.3752110971,500537.05837466,650071.7897696884
662539.6770876844,625109.7290350529,402776.87185348803,690393.9736993043
25237.693651783862,-210.23194185912143,-142374.4358135669,69200.61513908522
126487.14419896272,51165.15055274498,-17695.034288815106,192537.9106839454
29427.3211973242,-74525.33687840973,-196735.47185379977,-15520.072279059037
109403.75982105988,101637.29056035331,8523.506683535525,144890.24353720632
-99156.21574503143,-98889.70122918679,-275177.5389469964,-121933.37822029594
137691.26983849145,171034.96096941258,20166.928525571362,193820.20316844934
52284.02555094275,68592.11173515418,-153265.2782509289,76873.07774153759
257599.25180908467,134365.56027082307,-1168.9149995010812,161836.88253274967
485821.94530923327,508137.77725515934,331018.99747832376,401936.7768028026
76693.0587721531,-45852.2116354992,-97734.73652777809,26310.369236506056
-14761.668574861309,-53447.84991741745,-162075.88133590814,-46858.68595452543
520651.70804179006,551690.5106550923,317478.37102979736,641566.819210826
631737.5146371245,508663.159606233,501486.80276587664,611923.9348131428
411426.4502312853,346452.82370054827,200214.55717513163,400184.48052036634
-121575.19895699143,-129389.77459797717,-190849.05138647446,-73843.14414468326
626771.6181473488,531331.6037246545,393070.8984498725,676584.2205994565
212780.6968431,124764.99950306967,26147.73910990113,229599.7786727579
458662.8189933519,400903.060459879,269977.64309004904,495782.25425606896
579337.3646638426,507077.0664159742,383384.8381003825,651431.1449440024
-127735.72988619027,-125692.68935741414,-295662.0549668134,-99034.73887880147
213165.04465040436,290779.4803576729,179953.48093655123,360366.70684537664
28948.33344408567,22578.93828056031,-101818.48988151911,69685.91162250296
530584.6113000052,437957.4858004404,293644.780460465,542178.7588246611
99752.4053728116,41690.22857299307,-79875.84205595567,48433.29630647029
46683.68201912765,10981.901747199823,-161571.44226205646,57691.06438044156
380528.94261920475,254788.97439792217,105836.58300108253,350722.55471380404
159772.664861087,61669.396411922644,-33094.82889624406,124180.8712591728
215812.36911008437,238958.86670289235,50069.18494330137,283594.32346569374
471194.01884594373,414814.4757220667,193064.5779877419,466600.7636789428
415169.2975060204,301219.1946277125,118596.64294987172,378705.7717791742
238009.28604263964,200441.98256206745,127933.50353894325,259533.16894709168
144811.49201184895,207108.685688211,40969.58572737838,244893.3921936939
85046.67192194366,18814.432953558862,-78284.0325131733,90510.30423810962
-10677.217658973183,-37658.70093453926,-154171.76076271397,45033.28723033052
-88777.09255639417,-56999.95231144794,-173402.48854837875,-90675.35171837825
627540.2611239483,588925.6761624247,400290.1556958867,630851.2572120789
654701.5664269738,574546.8970279584,439025.441766115,619989.3952035366
231790.0590036458,259305.45954227238,103478.7622783921,299518.1113627043
550335.0810496022,483425.50975976663,338856.4541134718,523339.01916994096
-86308.05853420176,-175916.33322346734,-280825.35968650726,-116027.54697450693
343550.2518759121,255319.08489864413,166885.43548859726,266103.82977149833
510.527824709774,-73666.84067249706,-194764.7533227756,-50022.06859064248
-27675.481992082554,-205928.68294261547,-247430.3034665797,-73390.61386277794
-10891.287104530784,-100510.1485203103,-213503.02711740724,-802.6098237519618
744344.6500016756,688425.5178669079,479215.38721844123,808954.3534531498
38154.75378962094,-39247.0804115198,-123997.48592541396,97869.07487037068
652097.4942233351,509407.9685292139,369705.68669705885,594127.7544435752
491297.63668227626,487135.921249046,289516.03399193205,579099.4389144732
457403.7211055553,367133.865228157,217394.7217567684,411931.6937318441
-160626.32099545276,-182068.03287730715,-286563.72378399415,-174669.7423993128
72686.31629049499,17123.866066984367,-103936.33307981864,85696.44533081818
232403.43499071733,173291.4732992414,19560.21320695209,205340.70314005215
49818.475765332,4008.43107470416,-125182.71679465607,67284.37220283551
238509.7047717244,181050.3392040229,-21479.224544915603,230736.3827155584
485679.4917319069,486575.77341795375,341987.3793265198,550955.6032874661
697006.6730245021,669598.427741043,464837.1116983966,733474.563548906
704007.9506690872,624602.7963959512,479292.83909468947,665035.7149078608
394533.5132147814,348804.364685987,271035.8124257546,443810.06383541925
146991.23420638277,78643.6020428245,-39782.54329376167,152970.4200048066
324790.9817136042,305674.0824972772,189416.78040804144,364797.86087734974
308619.0217721611,267654.61990848056,164052.2249599367,302690.84912700346
96625.94550163555,-21637.33380431705,-95321.46472811315,14820.496340411017
521642.3368487179,438962.4385902906,364239.9382607251,640493.0964094393
593849.2779602129,448333.3179337776,364735.2462769806,521954.086643336
291352.0380839909,230655.92775580764,39303.99048274348,272765.5960030715
317610.94878916244,293760.8092092674,104105.7980538879,321873.335769868
451071.7247118243,444782.94068865536,274563.51258295623,541637.8574689697
231487.17889204342,168740.09481046838,43801.58006022067,197671.4986029598
436162.65152723284,402430.9005338659,302442.91849365947,562000.3257172809
271731.6050280286,179673.24053319823,79116.38111022103,258937.77559500677
73574.1728909954,41357.97243148298,-81107.26114831178,143808.8103390365
-70750.24853227288,-213347.1389547998,-295922.1737792477,-106318.32707554637
242037.94018665992,110114.003559298,-18778.398342439672,175468.29137526022
559871.1690194649,594751.5409529605,473173.61103533476,654154.7812382043
582152.9554558275,527760.0328862607,383410.2254456943,549061.6683089535
127499.45162520395,78704.7569352563,-51729.30454427074,123698.90254273918
600313.0891004475,503029.0644846591,442402.71723424306,679603.0187784296
18793.503635444737,-47422.13795491663,-119550.22653992404,-9958.521125564235
285210.77773213224,195062.3527689809,103390.36153110745,277348.6335951607
744116.5905208807,694297.3434966255,384435.9162271165,727259.993638633
173310.09872410854,139790.0891013008,54876.002063605,145091.3784939529
682702.6668915548,575631.2214495512,406898.7979205543,618041.9010854987
358353.05394325394,305838.8414673471,176036.5166487079,314440.4955290379
107793.8711520615,82955.16781387478,-27708.268683441565,166008.11926356808
-31625.007950691914,-54447.892406202795,-158780.12727448135,39242.361343663186
275898.9206407132,281174.45325465256,151284.08732950827,366635.7061217169
397832.7427697056,371029.44528037484,273202.14500556025,422332.3348702808
436688.9453326183,429976.2144925917,334852.3257983938,463608.57392032386
505469.10190132016,379173.9441947823,276678.27494705433,447396.9288262436
-63563.80278955947,-69225.46237782517,-269299.7168973436,-16935.81054707832
97437.1475361638,38351.08433100034,-134502.1970414432,48211.03060537635
516086.13598063716,326967.899932115,224113.3755695728,445426.3410462
324082.17055766704,248233.29158666485,100198.11052262643,260229.62593963882
75197.92141959257,31490.46383575548,-105696.32576865051,115893.67193597672
374035.07420275244,343795.4871402695,162384.35967850802,312349.41291004233
101567.73719832906,16647.941008638358,-54826.43381369568,32753.723439148278
66121.8780975407,-451.0507589695044,-112490.77980993118,117734.88618030923
454336.9076311445,433228.2467714279,405970.9084722897,565121.8844287137
137520.97608022834,121213.10294824571,-1323.2606604777975,238805.99218346772
-147934.3138384436,-198745.16250047064,-314320.3213733236,-101223.11716564774
476159.11235387414,383263.95070950896,167712.98815832147,501789.93890403537
169595.56133378914,75275.00680183712,16568.566362501704,145201.53859382484
627422.1479573585,586236.630007722,515265.17375278694,662924.4817015205
289468.8654811026,231505.3567909965,113266.15040555655,401404.2501136068
587321.3968427347,438554.2244608586,320182.4344708648,552881.4240598003
636303.0633640524,587117.3902818584,422803.3344447246,717421.1045687387
757061.8632305635,649757.1598889332,436345.07533939637,747714.441119608
-149916.6422868715,-136584.5355537943,-228598.69393915928,-85285.52985828335
1601.1678060320555,-99627.93020664458,-186315.6005218185,-24619.288111932343
704607.4330781538,614419.9290000047,528756.1068930357,733619.2301368327
40590.36862996966,-51443.319684590795,-131929.8919509672,1610.6147047918057
461222.445213733,567518.1470345533,375093.3846483078,598563.5639148955
308491.6187826039,298575.5986392228,129790.72911744309,290427.04431134637
123593.38002624444,100371.55473587895,-115225.5366074657,95054.86832852638
312285.6353370182,239345.9332663808,125852.60610970936,345042.93265289336
365974.904173285,352524.0342421774,151137.18244800775,499539.09211925836
498752.1564620554,476862.2509352111,368620.96942753694,537489.9901533385
25533.71378383541,-35019.09261733352,-157466.69023748825,71500.84551254846
-150647.69011530938,-151848.44475137116,-222291.698302691,-79870.49137028499
596211.723778585,540715.785053896,430704.25334937347,609456.4010867053
187930.28183196962,144778.21364521014,-8291.147528218105,165249.16126111266
627946.7802170464,592036.1880594874,382993.41685208736,672400.1877135257
675264.7953996977,532584.8890855277,459655.6109563437,580649.3252452831
178257.39982162812,166309.5440189467,60432.242740905844,254428.0137069038
22752.558232239506,17563.745703251916,-59257.27149532037,62128.12821370899
572016.8392704616,610298.555607914,394071.6478064023,619304.2344757849
305757.33929800114,234064.65296384925,114248.40324124519,230359.54791663482
216714.56386212131,156330.6040022124,50456.700659108465,207771.73093837127
596179.948818791,581891.8264619044,483537.4806732518,652943.9225044604
582156.6781343056,560240.1439154942,366146.3417371914,616692.1039451403
480380.07797874545,418446.13327488,275784.5935178208,403705.9150339173
77747.96152090526,55668.345205570455,-56517.06959768222,153356.7909434638
217765.16194250854,145492.34547037387,20024.9418991789,218263.17902513978
-45618.84559886425,-181183.54296823475,-327293.5145592788,-85114.51628126716
-83279.96220085089,-191419.16767761967,-254844.35124898353,-105714.96065122541
352860.8296989569,222436.56370105676,104096.82662403956,251176.5754546431
138967.87841331412,-26751.193487492565,-68615.45443993178,122686.36823975923
117301.97518766858,25299.517761527328,-30638.35967966274,185061.5701324148
432119.731233643,373231.4650865564,237516.15098421078,445971.015300683
26398.852302028798,-61650.0208780673,-188890.43061834463,-23623.94024408958
683666.4663750569,540803.7752719163,450699.98099061067,620725.066258447
144564.89940313704,138747.6172720074,-15255.781431897776,160100.85204783024
401382.62833062746,307359.3247464062,213669.0450694554,384385.4642729497
600886.6749338303,602586.5397558596,483365.9050554981,625321.2223636929
515539.6345424863,403918.8030051284,321597.99841274146,498164.2041881961
-116112.65471563482,-253607.1075759285,-316048.21314861474,-175812.61275488383
339334.31977070135,232750.98885877384,135159.4110234509,331561.45069417194
-39266.39517192356,-57689.25598590501,-159145.13741805858,12643.993512344256
265928.9018179367,279140.2030053481,105561.71075780457,290689.1634091573
-29529.44115481613,-60970.1817838758,-89852.55391192064,-350.3332292257692
151335.42457007046,118573.45827324362,-37717.0997674932,130455.27485893492
209497.19653702527,102238.76392201206,15693.588425230351,181080.79833553894
557806.9341325702,508238.1893809219,355499.8278744413,469757.67951566784
483791.8044319069,508926.4646743394,417235.40334412095,534935.2460354238
573322.3517537622,437716.87397227425,293869.35297868913,497754.2575319563
206553.258349956,175907.01564770262,29806.011650785804,244940.9253416924
91341.53191661823,111698.80341358588,-82339.09738938394,107976.02769303042
478459.1343347676,465520.7605638603,297561.98597286723,431697.4068576335
322525.86894116784,252733.17522019066,87687.41626488569,324391.63208973524
189697.7911577929,53994.3093569465,-22138.99206805916,158331.40370713663
543346.9697636669,452490.3635157959,356456.9348410538,603550.9983304576
152727.0405914631,64964.006794226705,-118825.87548361893,64391.50797470729
405991.32799639157,322032.6629755426,157703.9660174332,414976.96209379646
93136.34197172488,51173.06675143202,-55389.33285447303,69257.07040946302
23413.57121373876,-86071.06000274018,-200480.98993161402,-50000.8577510101
552696.5387036065,483366.69228019577,379582.3654276276,529592.5552923756
35850.91279882798,-93609.2711979294,-169306.74824484996,8086.42826614168
-104058.86870586936,-167368.74098269618,-239063.2741518151,-68145.61302725883
195914.8537452455,109197.8367698834,-29269.149525435176,112742.79785734764
377459.8426061651,303110.56465654145,146926.28267042094,367992.6135872976
252293.99197725428,255474.15565564996,73690.58806883497,255464.29245160997
-37667.275216975366,-142103.10573131364,-187844.6978074868,-19260.218204469944
389875.1263234026,357986.4408752773,173934.13764170953,416926.55952110165
213577.02281181887,121346.37926158123,36283.14800289646,185475.43945561303
266428.22818186576,212541.80020158354,27444.94848580088,233111.44828693743
508960.97947336675,516486.7408936743,376104.46932057,560101.9657820235
452336.02590377,407879.4108724464,233875.01791512594,349382.4153152361
481624.5188673049,372838.32999657386,305253.08918771276,471648.1553067663
575612.414801847,480399.00921398005,421262.0161055747,628516.6684146358
384930.40855281544,334039.8601663747,238275.65868732997,414969.9128467118
-70408.65604637965,-90984.16963680164,-212045.39553428546,-69409.23035939352
-16580.064669143583,-23091.952281623497,-157422.38972438953,81465.51324665197
426972.79271817324,366904.8710870462,228385.99888602458,390706.51325741305
287793.82970547234,204896.29904395016,145045.519384537,244202.30905308737
613433.5068683056,493106.38278052513,369988.78915876197,615402.4827651654
517254.62858074147,475499.75960624893,436504.1449571679,588198.2465705511
400401.18064222217,293659.077249301,240592.34847924253,313836.8961206421
631434.6940314786,624859.3089075743,406876.5395610897,666114.0776418005
323518.44854030793,195231.7309078963,115153.3931315192,233968.70607069053
308475.749444418,197172.8363689921,138514.92657574068,276759.07432707655
552584.6712038179,517457.67913657124,350643.0256025569,492383.47824350896
338212.00724381173,285252.6878835822,172312.11702327,284310.44990952744
410604.5153867126,416639.3290968402,283249.04469037044,504390.0402835428
239096.6121438148,116867.39342496032,-29252.83350630745,188031.24468147848
390633.2354688976,275263.35227774153,128057.80298815644,342004.5265898125
227224.91309559054,207831.52285501396,93641.21255338565,233341.43529164128
36683.109942284296,15960.12374697323,-174141.8331747378,20784.271730837005
407439.3642856516,289232.109704125,176511.02139056136,322718.3959550839
231109.04753892752,108197.4661349617,-12923.59302653931,107458.14808435936
348994.71247341856,385353.3373147538,211538.85479603324,354640.8780074776
582121.1626291971,534311.1383557869,398427.642563339,614170.804277505
86284.64315837692,56999.20433808118,-71716.45424874965,142696.56457804923
763763.6551777911,637599.5214547659,401195.08208636625,707259.1814504177
-109809.32608454488,-163894.95801884832,-235508.4094510692,-150988.15187480173
76275.06127738836,53568.561388259404,-93597.96642996662,99295.84813903715
581162.2505832193,471943.28077836905,371127.68065405043,645848.6815711067
202695.52793135715,97094.97913886805,27756.638779163826,167821.56432886783
219542.34647955897,266092.7948197267,-37179.39674848842,216276.8767734205
544299.1109681301,514954.22820791905,354875.9620895303,578985.701894508
7956.341395779455,-39339.41592592106,-157407.192151064,-54295.86618546408
346657.4714652456,213284.29494318727,138179.8358956267,328604.13852913305
231293.55482647126,99292.93958551576,-26308.292306139483,178823.22352144588
-131800.00579960563,-136380.66490934533,-236361.7449910253,-86188.09635969548
-42610.87070635124,-92148.66291176016,-249744.74611570284,-5503.584482508944
262329.2052397969,234009.05884526437,98699.60320464964,292350.9610476765
337797.37154690444,309881.15202542744,221357.61082122126,373572.32974712853
270857.37059933296,166404.4215607728,71640.37135563674,219646.5806823977
436823.38348712935,315144.5337128104,198981.61400067934,349850.32124491397
406408.1743160315,315579.95130977116,191373.47390308592,423865.8804819408
129514.91612688021,70220.59413649747,-37741.555529011064,163030.5828504532
427940.4220052166,332814.34529438044,188902.69893923576,368436.8066688804
-40397.15353299002,-37402.462685118895,-184229.52802335896,-25004.82868341729
29693.664591138484,-30587.044719833997,-134769.69178854942,48173.519760575844
842999.3728660697,648777.3085906208,551597.2704070384,779310.993344811
-28818.605048790574,-142908.12826147705,-196631.81902283058,-50982.64322105597
101283.91416795389,76775.58582031354,-62742.19118035631,115043.92290069326
620551.8047860097,515873.3111752623,445351.8148509731,570510.0476241147
138401.1519513625,73678.37570768641,-15822.216651856084,158456.95788640284
488825.060597048,411050.0139490897,243575.6836638674,506703.5557066478
-178786.80641962093,-194015.27569130308,-280257.1768243654,-156115.0487838735
416559.43585302494,385843.39186964603,216115.9277215742,356168.80279581784
671075.8708057331,658785.2602024192,582308.0195872929,790317.3637243726
-63031.25591147214,-52377.23628425889,-229254.0409133077,-33449.25179426675
96386.19169938692,47234.37362957385,-70149.28622895305,111379.66375834856
379309.18513387267,303795.167704141,182359.60412166337,342492.9046891427
-84760.93073059258,-112564.46789867163,-206893.05990552081,-50651.158042506955
69877.53799677326,21055.795181728434,-161374.59088818944,42374.038016055245
774788.8126104998,697936.2198363112,470444.104500231,763297.4998430568
-15370.130982898874,-9886.822611919139,-104963.34942909481,-5846.764654332714
637428.634346497,590440.8472156499,474767.3453280529,650536.8329433997
-53578.259732399776,-46885.44698721904,-207396.53054420615,-32517.603712831566
623151.6494864903,516918.6663210818,449154.824766151,636697.3850920894
568500.0281743584,579132.4569473425,375656.61026703985,662649.315084815
140702.31658588385,137884.04956685228,3582.6398206994636,143740.813236519
425588.4929296926,377468.9054739387,278230.5211413341,508801.64248787635
680657.6369502,606385.6967018603,436717.5040398628,719016.2462507512
494434.27758837934,374888.52179478004,302471.07086247054,450693.03253573924
24785.87500463205,13025.28953529254,-103013.72412013973,78517.88361995725
284662.97678302636,309274.9466417496,123225.82087698963,322925.9600178243
281900.54068482574,275383.99638829846,205207.7749469385,369561.715483394
43759.78476290894,15959.026021602214,-77311.3684972591,129038.85135392786
-116829.33047653548,-199824.6249363277,-253972.5255165595,-162369.5111185328
34702.14846901421,12063.750034637284,-81262.36627174856,32117.81338662724
-30106.073688641773,-66825.41038586618,-114835.98822491651,-6862.409713284811
37816.89364577574,-116247.80514843762,-117556.50513061485,-57028.9669136029
105528.89811653481,67298.60411065887,-66333.75137851655,127168.15367458772
679578.656434769,568545.7203222003,389152.17496729386,605580.7205893586
473622.91331307706,392608.16311394505,327235.604501956,454194.8438031281
122952.71089452098,135065.09642287495,50602.32949436852,171958.40726752218
519738.13198488206,414474.84408803505,332376.9533162706,539975.983417761
610441.5275214186,551860.2550784752,446669.7919474243,569951.3886275017
589331.6599790882,459801.35281028296,331962.78809676797,573499.3877491492
315996.4131951337,257671.2705001213,94069.01758069871,348928.9880927651
22885.110651129973,-29894.46482482471,-181080.30773535965,-13507.737856641295
183332.12199698598,129473.3412675513,71668.7954029066,222454.80379328644
423446.6153909693,305927.198507234,149949.79622390307,418566.0964931658
533967.5936571253,561931.8405269771,403806.1209250238,621738.5055342885
62181.306476626196,-30111.93446646264,-67112.84437623061,94513.76725715841
274303.3736321982,220134.10522763827,37180.54711722548,254332.9632652118
292738.85359596147,253983.07501538435,98566.00687107455,208929.69932280108
-22698.115516112477,-12703.347464003717,-267905.66206039226,-41718.158075122745
118727.62195652328,24690.509496347862,17919.477183512994,74572.28670978604
-133145.9522121505,-149427.92810522515,-294038.9098949703,-89502.54859050055
-169071.18512277136,-217557.97429659084,-348387.8671828965,-175530.6196171795
302722.1814594307,252680.3986300486,149710.0933511448,399055.1260125361
74251.16087076569,11269.71487673989,-61248.860832497594,49865.43450916663
232438.7632132785,185230.06231445458,-14029.619392807712,208206.75258498173
265353.7866119852,198551.5089461743,78869.21747880836,306911.47361833835
480046.4285494359,295063.53857988224,294071.2862521383,384119.1791682453
-59441.21615847992,-156181.47903996595,-254555.76109895052,-21812.51708355616
130715.10392505431,154647.6861575268,-58978.41853313183,173063.5618812173
144378.0107430576,104667.59546211839,-84654.73654977093,136464.9751553234
743791.2591368665,684347.6118554636,507479.0377854839,634158.0614839415
-118846.9510535993,-128864.33673760964,-222934.24080140208,-127474.59632528183
362019.7814559196,255687.60376920656,98308.63946529513,262246.49843667366
77868.96183401893,66825.77043538052,-124932.41077839973,71198.4378735174
-81508.73945774778,-152249.35198861838,-234517.7150452613,-80693.86434740556
44503.08378973836,23477.044872903964,-77722.21169675107,67503.60064408008
90399.24904342205,64252.30493783695,-43952.47752171091,83824.65222760697
177289.59544548753,143086.42908782605,43027.721106963,176927.79452088708
-29266.986328932457,-47020.11205429642,-109918.9371359268,21346.78379664308
575463.4553318883,591670.7297281616,379390.12708271807,597100.2416296548
346018.76626258285,266527.02982366655,71584.5001558268,276198.20444929413
310215.4443639838,190713.3369717421,112574.83549615764,272387.8001575407
607626.2887723097,559833.9622416398,431712.32090716076,631239.220762851
-67304.85345733532,-76872.16413102153,-208735.26910844992,-60284.411148811516
367105.45134570333,266656.0231240053,179829.75407857518,416254.6481092324
280456.7732241772,270446.41839761194,157604.2462848653,363706.23545777134
401610.95965492295,416746.0048916339,239738.86974722543,418855.52519627765
-109081.33822059457,-217814.39037046768,-274599.0824420731,-36341.50054788514
-10228.145035476191,-112532.5774254144,-224729.09541782574,-85409.27656968881
493285.23180356866,343109.0249672304,233397.9910413815,458800.40529905737
63008.32971817034,-22602.15734432818,-93408.61460897024,81158.31320299977
403850.2506141749,400477.1394139702,240175.84253757633,462630.9024723796
453115.534755287,336204.1411558293,300842.5536171857,435427.2882647979
279252.9204182507,262521.786380562,89505.3351513783,316562.49648031686
621496.2633724487,620698.4412231578,480442.9645084938,696620.5857051904
283661.4153183969,240071.83648057282,61538.33554391167,309057.33926130005
14631.823030711908,-83091.21659664414,-192688.85532350536,-13320.733898134436
199123.18444108497,108419.13179876143,-27486.849950964097,187645.76999003056
-140810.73498340358,-104880.88274505816,-210251.54947420675,-64575.33201445232
497090.2952918025,531992.7457277006,386014.20428625226,574147.2029923215
587001.5159218367,486888.05724923825,326216.8384775105,510017.4065031328
296626.22656782495,247097.77226338245,146331.58440313232,303661.82404899364
208088.06230718852,205576.46570819512,24704.210069922032,193733.6941898316
145714.54076722718,95301.15250343492,-1103.4804096883163,243290.95443743235
77515.3255660315,-27184.409827997268,-141012.33959726914,11865.996144889388
162255.54529067187,57972.91341154219,-24939.62547795428,169101.04087348678
600878.7866384401,507276.766022875,333464.119911053,651243.860451122
522720.0628590252,515377.6722975618,328570.48231253854,533294.0321817088
421099.01934898284,292550.8267371934,236111.1690388238,398568.5897274761
33823.48944428167,-55359.741468727705,-112958.54977271974,4277.225441971037
393350.844745234,308625.9073404694,94911.35425225424,395452.28825087275
-37061.0179009788,-89334.65090032801,-228340.82591254497,-26412.33974644175
450097.59143134113,429904.40951613884,250067.56703632523,421952.39444769674
478710.94627261814,261286.38103654946,306171.3360285057,432975.94631405454
95174.32535882713,87658.36492112034,15209.955126067274,104722.75034906669
126014.00041585497,64654.861529942486,-45172.194854792906,113775.1452988484
465601.80463640497,419975.81047065626,235586.85466064082,476787.0238107742
526627.1360047332,448704.66819041595,351730.8479116921,434175.57807335013
234856.41120716895,143197.02794472815,104722.82689888473,196900.69448129518
370181.87260359386,275209.38793723716,183200.568691705,356892.8694494156
135243.6312549538,122066.89387288236,-22150.147761110333,157435.72507178935
641304.1681209877,646075.6620329912,475244.38494111586,608891.9079640466
4355.364840495167,26622.13738895976,-205231.37412321073,-31715.479708854808
341386.77837559325,277276.8438532393,104376.79889726092,262938.0699298617
594431.8562842889,575939.36351411,419985.5704618307,679757.0078483964
166440.4544547971,136385.74398211972,73526.75991558633,203928.38021956827
-101536.77438990318,-200187.4019226347,-283630.29313250177,-91608.396756
244321.92920752685,141726.40893922106,104934.32678951765,289849.8167093607
210662.3821467813,80170.61856889562,-46340.07714814623,166880.02860427822
604017.0609408643,461795.4360604971,376587.7635970252,533123.1728789755
590625.1831747768,551364.2574713563,404171.98299104755,613705.0495166597
122439.28219091287,29684.105643801624,-90908.27252291038,53565.14375935518
-77247.06888403848,-207821.88948333007,-281687.80916980177,-78469.78576217016
-12290.3910198292,5621.178893520613,-126787.42307306826,33385.357499720296
349376.14574788697,223918.4562665423,157884.39442185638,312484.1879125781
68578.75203787442,66512.26761537918,-46938.63427191018,117094.08485675394
-69257.04872600449,-170099.05882180145,-202895.2242147181,-105859.45240624354
380720.76638398215,318435.1041702628,236008.96460195992,449566.18041561893
138326.26371048007,137534.10289499024,8719.196900303825,175478.24481382524
40587.42221482715,-25861.789093999076,-122181.61136465578,24840.124337845482
-21452.419687064365,-65098.16797438782,-234079.63444534456,26462.00858869485
341649.3944093721,241413.73508445348,63830.92375137436,264170.686618799
771311.0409155115,617937.3160141155,547324.178518796,728956.506098148
624701.8907111173,587242.3213748874,449955.3651441835,628207.9786030035
42832.84107969678,-30837.99714705284,-195006.7437581994,14771.167456452153
621766.4026984368,574456.8138414982,332815.9309367107,631415.4342043316
89863.7873073467,69896.5865135243,-103575.87321518653,89198.43782662973
270144.0700220334,230279.90707445052,143903.169382539,258259.63817329507
562597.547350507,513026.77274933434,411919.51633452845,682029.1525519739
629086.95365952,603369.6962090456,453808.7733421348,623907.2294662511
631318.1245335804,576360.5024366213,392821.8559602845,629575.3385576932
428762.554792218,379882.3387947744,258357.2304598462,415278.3241416528
378227.4851209115,300960.83138552005,150185.27371892834,367683.32602977764
276619.5342917731,199179.74832310958,149024.07696585637,357293.7042313531
528063.9589242431,491496.59680257423,364137.675783901,557278.4611544455
483632.82161587337,417719.0703472127,297734.80565691483,473089.24241838907
112871.63664384291,-2999.597813515691,-61538.27522940119,51973.83023203118
626892.1549406669,552303.07716412,426807.4240828458,598798.0606052568
750493.8720307644,635939.2351975848,432669.73788630345,663944.6110317467
223567.34808855352,232724.45107562444,83001.7883069684,276475.07447217684
-41933.62537778303,-99024.85601201939,-198374.08809151204,-93860.54453641071
106339.56974459614,145916.1474711215,-59461.828051852994,143693.24550441036
604669.9466364624,504238.46053045103,394597.04220180865,611573.4723528225
88649.63310282049,47708.44765898958,-55687.61305449845,123052.54020439764
51489.08333040285,-43501.34258444456,-159094.25430933805,1903.5686223673401
224144.7239029056,244334.99643445783,127065.53981311608,307817.8448859125
569138.0278700197,500196.00439611764,315129.86913955107,588372.3707585072
440682.7743222945,344584.7614627712,225133.67656814028,446834.70927678025
111383.42934999906,82505.74717538827,10925.105995927588,116857.17388320761
76543.98715426889,108618.66682133812,-16194.532529057702,119637.62841250037
-68394.28487857693,-139965.60831945064,-232450.83502105292,-41319.010611410486
427160.7138156197,290324.8432903463,113462.28095848206,354262.5212638144
501002.3747309478,435840.59742548363,383902.44779973605,473046.64648062666
343613.4653166402,281509.0562650607,185462.81248697848,295560.99574419565
142486.9407302246,99751.23194166773,15445.925283749239,186290.5441286869
142382.35888700827,21816.027818254195,-29101.73037424893,146988.56731708918
276385.533505696,193304.9227900823,164976.8597814769,306503.79034622456
356642.58208426484,341660.2517023366,190829.63777730847,353679.66054574854
-118259.659028664,-115777.40243056545,-251808.04082034098,-112635.17189166631
-106692.6111025894,-133065.90993983857,-258640.09210625774,-144181.5903675343
319753.42641855753,247717.20970967645,109271.30349246343,297886.0229283776
576361.3248055801,531828.9555476452,380354.20537912706,572300.8662941584
113851.356180061,9130.840198555612,-103098.50269701227,64716.20847016969
-675.0211537205032,-52677.96283925505,-165793.78313231037,22134.372578414506
-16888.17327533767,-60950.256694326235,-206908.41268276848,6070.781881032977
345071.04072747193,353978.9160679516,197455.25146370172,402022.7143211841
-51870.9924968218,-111778.83770998672,-237146.42429443955,-79609.54993740469
172171.51996558474,140991.3609547643,-63475.390262548695,176599.6630790286
279401.60836651165,321438.9697625567,145323.72484142333,318407.5870126146
253415.11040253716,178669.85991681763,67365.47007534292,181248.10801184922
185651.52376810065,139992.77311889804,51251.08678600739,180908.36545603885
625529.6937346472,510608.2486943111,399432.31014771573,662889.0549940655
434840.7877930951,362335.745298904,199804.2351741104,388431.7026764349
-46867.623542544956,-142935.16285362735,-166648.9813083986,59777.419711737544
15242.217277168587,-4771.305717729963,-160876.98093218612,-24734.60354879545
50220.49615770788,73787.92665332358,-133567.15530332946,36179.244027953944
297380.41060837905,308585.2651473773,182085.43613448995,418120.60182391084
247109.91331832297,208683.6050912441,128835.1868121851,237301.0433712433
-87034.5486369289,-50564.41294560867,-192636.67537414987,4332.824248067336
-133089.47658957168,-166088.18944284855,-286278.65634647646,-171394.27334243222
-67377.4124941784,-153711.17819626094,-323352.855283176,-166159.8660934057
614963.5013644043,549318.0361853952,379091.8588603713,578914.3414780118
149006.9141353072,138136.84252149123,25144.568476437707,156252.76961872017
417067.7324831295,337521.9031062054,166841.89956366934,367261.514662214
272921.6247394236,272494.3696738351,199649.69547040365,298226.2196888686
635127.9936883596,509571.49774589157,396971.5550480881,650989.8329873476
240088.52005934762,104183.52424418915,73609.8124760224,188549.747430066
127888.77887916961,65512.187094824505,-46188.19835360802,127602.72905154666
585795.923692751,512349.13772223075,390082.0047312288,614564.9956477317
409381.29642283847,334827.81664757256,217208.37244732073,434245.2117797276
246886.4472360661,255571.0385479529,108973.96718596679,376228.7564028173
672671.3229773918,524350.3139177104,387439.6644825458,577265.6537440997
307805.9509609798,205760.35885370313,147599.67994256166,338741.83781315153
-81769.9300412928,-130542.41215421993,-246567.24124537501,-28212.127470500767
-37410.98897025618,-115017.79678317322,-188609.02309171885,-19657.58904436155
243369.9896362368,281205.5369115047,93767.99248765991,281912.3281039805
209212.6687073924,72769.7068441998,-32475.67231110588,137867.27091597987
661631.9322003471,589085.7476112116,404722.32508817327,615121.7399330721
30410.448697475833,-83246.64379051543,-185660.97528297472,-11913.44571504608
367172.08738175605,482466.213867055,216488.41021572344,545314.4967190551
721470.002245473,692679.3412782517,489456.4433114027,607815.017082247
-11592.338022090553,-26261.6984284739,-159406.19918862917,-14406.712364976993
413657.74428735184,420995.9784965345,344386.90042004327,428303.34411118727
596520.7495612786,459518.7689191104,398051.07752160914,580225.0078134241
406224.82444830006,309306.7124944534,90049.6639084327,339192.70771569945
255563.8102788953,169223.38909724215,110426.30587688729,303052.88603619614
495599.4851541455,391359.20517131337,335300.47107471526,515004.6777157374
540842.7581790831,492554.0138309015,348820.9103597116,575009.759520317
352518.1092773768,304797.53687876044,225985.1599183794,317819.6794864782
133363.69727943593,69821.62907717121,-20232.887555883266,156897.8292558291
504948.97764607496,425284.6500188573,296213.4279327722,395477.73394797463
265599.3503898474,152777.61563544557,48081.173332039034,148779.28225949977
403162.2305493596,199051.49537224672,177114.8263818957,366232.6767027982
504228.84281935566,444043.5751112525,264177.05351108324,460660.4185957862
406013.38621295267,328452.28477089875,157444.2476295305,380710.4172279091
246223.58171084954,113461.14559563075,61166.13137221418,147482.55465711572
379117.88496068167,259675.05233757745,205745.83116368705,411318.022011011
520508.81993254134,501032.55841187853,312583.62359051255,488468.1656658879
-151711.00757159368,-134376.28198852844,-302736.2536910962,-141126.72611108248
588823.3353125285,635151.9782930329,364492.73793055525,696106.7092013236
461479.3152631229,383438.99284904613,226596.98795712425,433077.34302682313
19483.86053271254,60131.160797250224,-97798.29511663655,40416.58410301164
167813.20217123837,131279.5313955763,27535.4644524958,210730.18083429523
478958.7485264854,382737.9170235002,294504.5372068462,493360.7078491091
704358.5683531759,649021.7310421825,529951.8622147046,684953.21565168
241164.72819158854,270188.17838136456,32925.424894410884,268693.31643507374
136656.74675579206,103838.84019519272,4784.960444865865,192504.09533136443
157261.35767249519,58395.62838205567,-37423.86574044917,53139.17510911531
92335.8771428673,19764.511031377828,-80022.25543777738,16271.74426805618
189381.73958588124,167590.78365695756,35398.54971296049,179415.81956872577
37182.54967107123,-74267.84941515944,-163100.73270647367,-2974.6286170942476
461604.67011611885,357254.5449716449,193026.8358146483,411401.4112946141
1309.6498811434722,-99752.62344508746,-123508.53181597916,-9261.274808207876
268713.4001821814,123967.2427907876,98839.83507143974,296098.472146827
492238.3650821904,489709.9331971308,323323.3754610126,488316.33025560353
144884.57189439016,110000.16573024075,11945.430271531106,167697.13979129435
204650.94506640965,47147.42866348068,-23644.907908621477,148736.66093764198
62869.5590543577,5066.674986026017,-86101.68044668937,148343.76748896088
287541.1878360787,252878.25486066425,135053.06664735742,317809.2740493461
142543.71525000315,103374.85033912421,-104423.08415272925,182440.12714545568
102891.89998387056,46537.97331920359,-67156.13283355546,93035.27387457888
361516.8783495282,393024.83334277244,202193.95130411955,456682.0068550948
112674.93859124859,14485.020076093264,-84651.31585542602,105702.23508766072
147564.70195827726,76189.8301900496,20087.761297355988,153801.01631094026
56100.34971250594,-19049.261299310252,-94082.53614553949,12315.430165435479
179633.8957031247,117385.67920544813,35808.1440564018,222903.6714043871
-34019.91999334638,-139522.67151363334,-257296.48010678025,-71042.84256565559
-10883.357274772367,-108221.77402471175,-232774.9635123022,-18928.497479966085
706532.4938479126,623971.1707026099,429744.143189591,675193.7922515406
332356.3755087827,266834.3241247332,191824.7486359215,284864.6216445995
470416.71079541766,373664.09085986484,323322.67681940284,454971.30406998575
568086.2522832563,429193.3491160525,287857.087754557,537572.6940621804
542610.0762792019,522811.92004276137,373957.35281119915,647299.6846540254
566623.0368143588,486928.28289579507,395205.6742031028,516956.9743525181
35994.37220274971,41895.34544910409,-55849.002220470924,44769.85350655881
48014.077505017165,8268.60786752624,-135452.16419706168,65900.62196427723
346919.1747909029,256273.5659664569,84076.6580095872,311305.7841939854
293176.1618847421,208120.7310579518,130257.72831738146,352470.7879933206
7677.721301593119,-89876.8293875354,-235530.823092797,28994.41539397498
542985.2876411165,475891.9832427,336176.36561365775,575813.153526658
287139.1015976488,213226.26982984575,73794.5013920368,282243.1335594822
468083.87467180984,410567.1307702082,308247.3255911883,446751.9141429388
187001.73385638336,85838.38435339881,44163.69088859565,256309.85500691575
240009.88545629277,313500.8763627268,67867.8443912071,251088.8240627062
43161.37391210394,3756.253769526258,-82356.31424384448,72670.58898337022
479719.2780263253,350183.0706614993,288943.9025110161,370723.11011439294
455242.25376363436,351398.63326955633,190556.9299853259,390122.4399880619
297012.8558893105,297515.3393186742,157506.10343287734,265709.1730705274
138117.27945767588,19329.77336566022,-83357.06410682597,94211.59636424645
617240.5915143306,522753.0348508884,489214.56297111127,681685.8721476991
369443.82245902263,303223.73736893164,143966.45201934,343483.71370496764
580994.3037396986,545492.8251429377,460598.40790323063,655603.251857592
249950.5165977421,212769.31966646912,30013.74027865089,217222.74740954558
150224.8125333211,49716.6440405692,-45846.57676027669,139842.07259893685
491381.0441323101,417164.86718135816,335812.69509856973,491794.05336496665
203563.94919814658,101126.24394366925,-43612.15594149835,143116.17489856796
-90681.43135422486,-50500.430228055106,-130129.79534947174,-49499.39828841551
419158.31664775184,412372.1710537829,309309.1528558936,501854.086424517
290023.54722374177,211132.51172718615,88681.37669791176,294924.0181434334
-102817.99386857817,-149833.71914254234,-234417.35666039295,-116421.11657916656
549796.9419318347,435885.9647870936,350253.785692864,568985.7322479328
130143.40094880946,30038.35942133295,-43776.912026273436,45848.17467341607
206368.94493200665,135059.95997920842,20297.69575656741,184764.77978013246
195477.54738908517,124402.74838741997,1864.5823237826116,151597.28233915707
626410.1557902272,603441.2374427854,437970.50847089186,625530.9845945677
200579.95492971863,128902.63678328134,-23618.211956805317,162758.86775976873
576627.3914026446,421175.43653169775,397447.1626299346,579463.1589521216
671215.4681776846,611446.5034047172,402216.8042469489,620342.2657637878
-52350.68355677463,-46638.32869742368,-227182.6927714083,-22965.913487334677
329056.70794620353,235438.4095082034,107557.73189723061,369744.58018996636
30532.16478960018,9603.661693896167,-141095.41544090596,37528.839515340165
314005.3384902382,221511.67878503643,206824.5282058256,370881.61724544084
701412.8089683107,651758.7191471327,469113.3331219972,711348.1451043794
719228.4633054114,600757.0865244202,471396.15925732313,646236.0929914988
662002.5394933796,601452.6180662259,486920.3568314385,553225.5066559922
674525.7652032555,534937.8079936027,404790.54100324016,648788.0975577759
216131.2197278085,194622.56744393962,57712.90396628063,281982.3078560928
80989.08768290596,36726.47950582509,-30236.11844989669,138874.96956508118
284679.68080815265,295721.26119915664,204335.96460662654,386133.10431807383
691629.4820777327,634207.8285782477,462108.52660717384,660287.8569642904
598784.4553974636,583996.1719216518,516623.8943692186,673657.7775222717
640891.7038910408,557794.8436007334,510374.12607652054,759067.557860557
127078.07945133548,118850.82505936432,-43733.72582734085,139477.75353234867
596923.4182656824,558485.5784696834,378489.9501713646,595278.2560082022
371856.2569401631,303715.3034553791,242720.31411918334,420114.8440348358
324689.1091520536,277188.8185090424,173361.32329947397,384517.4789831153
142634.4799950109,66590.90705340833,-71201.28222160565,129443.51072527387
230298.15778278862,202752.3876909729,92857.66426677571,214609.74885173817
675709.1371542062,569587.1340841891,509157.17146581097,676824.8565911814
490402.0407754206,365847.0285183856,313548.0102116924,499556.48988631053
-89720.8605738908,-158351.09545512928,-304480.95600127475,-64196.637025580916
244685.6441806832,237403.99870280083,20285.640190644306,242929.84429084545
648052.3768518651,540247.7711252382,472758.4567899242,606676.0962136586
521514.03853274835,534640.5910434495,334320.82793220645,666370.158250462
-35614.95100668172,-65074.44465682795,-121709.55423368979,49709.697691719746
707938.3684911609,580711.8367608311,506801.7498101267,662874.2424746475
251198.9818715275,219855.2244121168,71074.4253559882,214422.04792422964
595440.4384449094,546102.5776683614,390551.4529373216,583957.9444060703
621841.5993994321,547680.0518982408,419441.05570656725,628712.7934329978
-13069.137062088063,-41123.71134827327,-166708.26472482964,-3807.7242300325306
389869.5546283368,306643.0070109732,136431.16138241545,383121.8073740945
593785.4390166032,619376.1192612569,514231.9602417542,663281.0555932058
24996.473859407008,-74245.39565600484,-187709.10533525853,-17522.328744815837
629398.8854215448,486681.8195060558,324084.49954346195,584907.8040841552
574291.1030856196,482362.4704947957,365494.33817409875,558645.6596520741
-9991.291201117798,-30331.991481054458,-193750.80029818095,-9128.342554666742
59968.17836870102,27648.330567971338,-74026.81440774759,109125.62962444162
216310.32944176183,130111.37216036394,-28096.622203465668,167847.72332509584
167846.27356334473,218924.11159534403,63777.93520865345,302236.15128618316
625777.6692079983,549434.87222414,404519.6549701701,553415.5921979498
507656.10891518206,449755.01459242555,249474.58892858203,548016.6501780702
546511.2135935923,562192.0789749234,390500.5548913226,594996.3958494614
532826.7819068319,377358.2307819587,239568.51018076553,468301.05873580603
229192.62394200254,115649.88347619178,39251.856325948145,252997.947724435
264519.37654042256,241210.0574475713,127286.35912152845,264685.79241717875
375770.3429590352,309629.27033836,212800.74742977263,321400.4185698733
32852.882351616514,-6.56912502029445,-136570.42776509502,3249.1397824337473
362168.6481521771,295293.04460541636,156115.88851885754,343144.83692447725
702377.4854730722,671283.8993720415,480174.44954158214,682679.2257769182
-136869.60732463835,-195351.30929692433,-273681.94887015346,-134424.89640289661
125115.11735402688,87636.55246432486,22365.38713150588,123916.56841179146
293628.331650235,206691.68876422744,89867.6227298252,324542.1857839527
290289.2759604467,258068.6498557342,35367.79554980132,294170.54452763486
256211.4658572448,251671.03632070043,135042.84158993908,390809.80493614054
-15237.555468114733,-62786.812857590965,-142899.8515514423,-30342.762030446203
95599.54480087664,23463.30654113996,-32351.936511416337,103470.28314886952
84104.31217170891,89288.84684883023,-56373.56990004028,102102.03720475361
-76876.28501065652,-108069.62765018397,-222110.63725182967,-70898.19413388509
563007.4385063327,556579.3623204187,362958.6927908887,549498.2479803078
529449.6898281361,482468.44414496433,246447.7940062189,607126.2628483332
163905.9820342881,103907.68779511901,-81521.09321486985,89838.0103801305
488937.84846625046,410758.60294777085,274575.1743591019,448942.4599544017
596523.3392642064,451910.5116784938,332567.01702376874,517508.4175952646
54509.86555012013,93842.09135675523,-53056.39712132001,115264.85370433307
454734.4900351231,394947.35841771576,267254.38868736266,491037.9531316919
555746.3137688499,458514.7062763616,382684.24908000417,445753.72323716944
180838.86691475403,123828.5901154019,22281.476736978744,165165.0833951711
546491.9239775845,480039.11569347675,294690.0751901474,487643.7762092869
37361.38591682387,90725.986176259,-113535.19591702416,135970.26281178417
-39051.56913972885,-99650.02000873687,-190056.84338419163,-66286.90890448121
387390.13156027975,262342.1229413842,84622.41583259369,302680.4652284717
3372.672698235954,-28.5004670470953,-118280.69722061255,-22079.16706610087
188096.20440472418,161005.67196551338,22324.783119129133,175852.09138782893
-7247.975822014792,-119536.4603162522,-188672.34032642154,-2553.635375440528
77595.72009741003,43735.55259339581,-7686.33739324112,138409.70685811748
565746.408538566,499347.6474959012,337334.7308927949,468716.6527179708
-149075.14755832026,-161718.7260227335,-339675.7184823576,-116017.20977237483
-7407.706239265506,-7975.432090523187,-184984.77277474065,38500.31804394885
493075.90196581057,413118.18024851684,276035.42843787523,458489.35739507445
370680.90244916384,364306.4113224065,244278.2505351937,413148.2765335399
618274.7646366218,570259.966078937,403298.62131654925,549883.0787284626
154865.5166100394,82340.21611095103,-68619.76838376466,109680.39316138509
-45752.78586977802,-96133.13433046069,-254684.53017030406,-60340.555090694164
562341.087540694,366307.78263372707,269394.2087032484,434473.2891456743
431894.9612721964,397705.51342742366,149994.16542270395,419284.3156593079
-125237.4218715058,-167939.61476951104,-257546.66761415242,-64677.84820019564
33657.29231202055,-70488.86513504968,-183798.9310861203,-28925.6502444715
639503.1480892578,624285.0442491411,495205.8468502265,651595.7194356576
-30087.206320187368,-58912.89211389411,-163709.48186965403,54989.55731448333
135593.91642980988,52091.121820695116,-57647.180739174946,155024.93551407056
104570.32322993525,65531.76153666037,-42347.52663035691,144056.168286058
349036.15158395167,280982.9810393476,166600.30944020138,430946.2037089893
476960.7629588351,393154.9002534718,270792.3151294902,457972.4691725761
485956.9124679683,367305.19892894186,268534.7934233203,416994.7536002117
32866.738697297755,-6789.127545592841,-138587.09536140866,51500.56753603148
59035.73081906978,95537.22929113405,-87732.26592412835,157073.95731654135
38511.47007664142,-19212.408808487467,-111476.41643056937,20939.978083680675
231582.90653808706,161218.4594657726,4207.625887180329,195090.6914031643
239902.3346228632,191415.71313035034,99643.5993296178,201782.8888094041
233305.28261882951,202496.32278673025,92567.23127112875,264664.158062711
142106.37246865476,98437.42617578025,30043.83401084831,175053.89141625585
185346.658828379,46135.683113954845,-33010.094089216436,105429.44992371323
425472.8870335327,363465.08169854234,243304.18367421825,459430.63388413365
475444.3531027944,370952.4963316198,289830.2647390388,484790.3717189444
41653.48847558454,-634.8079240507213,-64331.679754715646,89640.86038251466
163004.27958785195,66225.1258154402,-76093.67381253268,84532.39765371347
-96299.6936728271,-155531.2273351734,-303752.3814457234,-121156.0493065925
132038.2487978494,133595.06853399973,34270.733593682875,139643.87977375253
391639.94889898086,267995.03724626836,192916.3671137801,346901.86329824815
415635.5777213378,266238.87090649665,154763.17678751622,399565.65383473795
77440.75095301587,62229.12795979972,-112224.09101110953,135795.9975589281
141458.40049867483,66110.82385141752,-9881.984593456145,101428.68099073553
295297.21271884115,118956.48735773412,61873.23204289714,209194.39995931834
283939.9471264344,200067.72111292311,135026.22587916907,324725.9386982353
22241.61453618179,28310.720798494993,-167730.6603331702,12296.003502836975
359140.2584853013,300522.5125215815,207481.69305505173,411961.82164242375
99754.80552933703,84096.83106239839,-60086.46138709097,113165.92052741419
198718.56656327774,94703.31652770145,86764.70964513172,239412.57064612664
-137366.16204492335,-216135.25013371685,-342188.1879587745,-86162.60124402755
315858.47184613324,285889.0223488229,123088.5322573433,317008.4524159066
260146.2385667176,237456.01431060093,80830.63593426696,244784.22751566174
323422.0309554653,228386.83377207746,166255.35435288202,359939.6207046994
420407.0995277384,286802.84235398856,260740.13815348537,406182.0367486777
-180225.65194697643,-184957.76323371474,-281738.56151743914,-118089.95870126458
238149.17073531356,156491.99010418542,101615.80357775814,228039.2727780937
-71490.07334785478,-181342.12814768177,-274984.370242083,-101047.02972792962
415798.3345404733,288679.1389488274,173808.92493438337,446883.8303150241
532814.3070154313,464540.87240030884,348350.55525701074,533012.1431829644
-49775.46477225877,-32997.8388833442,-174984.7139584826,-20834.76970115758
547577.597643663,513046.9806893454,443944.85785265674,585261.6024941362
613355.809677331,543462.2182879203,421703.0614463511,544948.7537922553
-152103.90609121206,-125302.16159901884,-191973.71286041522,-26183.527989562426
446485.6205910307,357663.59184166766,188627.1984657226,508618.0561598891
333060.9970868961,334336.43973952136,153903.6136585849,349847.07052165654
698108.2011528667,718741.2813208257,532968.3594155343,713512.9390061572
141458.48998813704,34249.28993784916,-44781.97473608423,6877.273652756237
6208.484843654791,-73913.60079493548,-251166.73306847177,-1011.861428883276
201886.04485968465,120365.54843399208,-3177.206913875765,193413.12963942473
532874.1325078317,558734.3124636514,384435.824113245,644569.9377194713
390619.22230422834,423522.6644853903,181947.05730372504,388746.9184667871
371287.0997851052,331224.2293238252,186419.99331947754,370551.37502598646
577056.0945426042,549162.8222355095,467313.8959994934,610553.1691177583
678139.2986041142,647840.1596667091,489645.46801673074,660551.0633934448
492685.94609330466,469217.419408876,308455.96349395276,547699.1131400235
-67901.5294800559,-123332.08330767241,-303084.0430086878,-70956.90143160493
664197.1183558397,545046.4402083931,429187.616740025,546182.2097571251
670781.2513579971,537316.0417687902,449768.1650257133,695782.5548372169
557522.2889962988,485028.37655487936,386653.031059211,547615.1995094591
213907.09010139154,67830.21974165586,-26179.889777064207,153334.6360128693
317509.99601197755,240302.4116198629,137600.30326659686,254313.04479542747
534210.7353071532,445701.24368085014,328642.7053091852,509342.1731380131
604539.1807363941,524156.46659196727,343839.9514238314,609633.7572119557
37836.95127729548,34554.98881646688,-132633.5738184963,61465.91778089153
5911.318752153951,-114918.58298596262,-197437.2405951895,-50056.640035417106
233941.0924683673,157452.4751772444,48454.99927305244,204973.47832237405
506409.42245130334,540066.8867523412,391206.19710519724,582571.8728956678
-9879.091507450037,-116140.03534121893,-183192.0669468908,31922.36267098214
624284.5153690097,488357.3481625607,379833.76376730413,588244.5813931599
-14169.96027846419,-94914.91187930718,-248312.4240002674,-66742.10686960613
129152.13354853471,112863.37804320338,-12631.131468537613,87188.94503523386
-60958.48737106525,-98729.22009187384,-184981.49539024732,-3571.7729461977724
111539.45797031245,98765.39154874207,-44184.542011471814,138832.49014728575
347405.31881368766,319158.6463414363,179507.16967497754,400022.8247084052
231092.9563279819,124539.30041370494,-29003.0431556158,183911.67277752154
674709.1545608568,653762.559482448,499387.82698784897,713461.2213564441
-72850.65699622285,-171449.03639633476,-260761.147326171,-97586.16562066256
261001.36801703554,237729.0525915171,137615.4695653863,358163.1423239256
343269.3225656033,326843.64034645585,146524.84211865463,371981.529349489
574955.3705406461,549863.4032960376,388715.6153626606,621071.688022784
-91920.22898679483,-166279.4749561199,-224422.02255090454,-49058.46054597065
427088.5171009161,382952.3315099842,226678.5451380472,435423.04809391417
464308.1081933351,443284.22432089306,363151.58178330224,538435.4684350173
438803.24351422885,398725.098436809,246262.61304240173,477307.80504394835
424962.59896383143,310332.0407913,248386.13961049914,458826.3235563787
-20648.478448577633,-47818.282322281855,-181676.79986232542,5968.846192393918
408944.62672097085,300297.77503525605,176616.37845721294,411184.74621409073
446316.01679525897,372012.0799335146,215872.13260414044,448047.82131891046
-147089.5828810708,-177699.0166065815,-325028.7524604545,-111614.84473468008
380420.87705559644,291596.657520405,239198.38905674452,404619.4904645723
527847.5363358305,494381.19790777226,294709.8548231801,568079.0085654354
435038.49972827744,325971.8150326373,198047.96349952323,515853.2052607485
-60610.70547856379,-80546.03220541292,-210047.5678334271,-73679.71061062178
73521.39255160128,-23345.97116240085,-96472.85156143701,85886.77879056777
183245.47974244854,170032.7324374048,71322.69256715034,146305.2940304915
-138646.85798902652,-129713.1020695846,-286952.7165218509,-119102.42296976643
160447.89802774112,64743.115263495594,-99713.20207673754,95525.25169700012
-82806.07765573374,-149166.04951887066,-296678.7355764972,-110218.37897460058
-55494.91112753772,-87541.46634683729,-202273.91066124535,34349.57253036916
80623.08940363023,9626.32402209763,-99298.22596306424,44015.422690292704
-115042.96980126161,-173304.08340658154,-224092.48165263113,-129727.84185591486
796536.2253863886,691162.0835260039,511719.18064270855,720269.9076800607
250258.5390295334,129569.86439319397,41224.36579881492,307439.3090503304
156258.0087260888,129926.4121462875,-65335.12318860693,127769.5955292955
489106.70622921456,498688.02877602424,361968.94649777026,587415.7632653189
-105682.89078957925,-158658.3877871629,-287935.7509447861,-110406.70743755571
172313.57625769766,115159.87507553946,31965.691244537942,224522.91953160998
524484.8280242044,408196.1350205818,259248.4125367062,554190.1134602583
-122508.41686588916,-145611.98640480603,-257823.65084644046,-94263.60975006409
575671.6637977206,540930.9251755767,438567.28519182524,565050.6335868796
42388.499171233736,-35074.640171572566,-160404.1061249716,6667.675682967994
136719.59898605687,66920.23933162214,-107599.52743929997,75014.53507087391
598027.9196311932,548763.3162594647,335085.16334493225,606822.6031171768
383444.5511493245,325498.649983402,254802.17248715775,396673.04216150637
688059.0845524259,430557.81331047474,382382.56398756965,646755.5243305373
-44313.06904527778,-152309.85791292973,-215021.7338257793,-25523.626662615978
-21649.4735837559,-113744.66053268116,-212344.14318689908,-6745.068349702808
166927.77593244542,112245.18172689783,35471.71098061977,202773.51832999766
383560.1983054981,343366.59799850755,176772.31429803697,455835.2736855978
475412.64679242054,335951.50551846356,293439.7571209308,456496.19916938455
-64105.2928954956,-214126.0494035927,-308842.07865718036,-81190.9761745896
542980.3315007843,490771.92806979804,348467.7023808046,513923.0495451726
-152018.56677942915,-246700.42729988892,-323350.5505216505,-172063.5773502051
102022.75623346725,-14578.35227613186,-126304.68916349241,77573.45814022957
-132027.5033080887,-142375.6281150782,-258165.92160222988,-85762.81762333598
370230.91132004326,299751.9299208645,217701.09195285523,453610.76632517634
97388.9078773706,19619.922662144294,-54751.73105246283,44832.02778387279
272950.0614695393,202286.42050929985,7689.738411347382,167657.20192768704
125851.0207295632,110038.25328789512,-43614.72010435385,120388.70429738401
277168.824815903,290269.5649674485,118316.65919441823,253302.93558076024
239674.34520254168,211134.0393397744,138091.0501401585,301204.8497832215
251125.94287479983,283305.0351085459,88596.0129113216,274585.8004265758
-40970.82788075687,-35481.84438221628,-112976.73022865911,-52606.05440715869
597407.7566663362,493589.4970381018,363403.3087429594,648192.2698523875
-37185.906065385556,-71514.5844900377,-227282.27375206986,-60981.60410953796
105250.80277340207,75261.53733552503,-153703.52737925987,52625.99726239941
-31943.817963294976,-116735.3852918942,-183596.43260485784,-26998.27010816813
692526.6559590886,681187.1782325495,488258.5230818839,748563.8875527892
143431.98345924425,101623.10863005545,-51670.40676699311,215439.739596872
-149491.30893380905,-168965.94917712378,-278526.26703480893,-156365.89569458883
643279.1177405142,546148.2488845335,438248.91822030756,644339.7000657646
-56747.21900759119,-126420.92688572838,-195020.72238254308,-17782.200492412725
628608.4823296731,596953.2516250839,440356.2850943656,603282.576585758
324077.4984113679,297296.2130691882,195996.52542413177,423062.84066717897
-47014.46030420525,20177.340093027917,-173780.58644096018,-25258.5043288233
482399.5950640938,367135.1431516241,314046.5683768968,450271.08193133736
20214.3545578387,-11278.79268452141,-73169.8916409621,55484.795928210486
684773.6970670361,609571.5943720296,390973.78034305363,628256.3043208302
295474.88281606615,248537.46896328288,126391.94789740455,344864.72111282975
-520.1888733583619,-51148.06425642851,-224751.76219004643,-13290.472377437865
323834.83440155874,265435.30404341023,82833.32491325925,316761.59483198426
-131563.022056623,-174681.684672127,-277303.7061700011,-177353.6354692675
-122400.9702098294,-218769.56042228395,-290085.72308608546,-134786.91029010806
386759.1346409898,217611.61436253437,133206.33414455107,377143.164782746
140217.7173526364,14455.270737222978,-16135.889914650703,125220.80335260218
178790.1444837104,66658.32109106518,-14325.001842303784,147797.8905308596
-107438.08024460077,-94721.07441356278,-226441.54357291455,-53736.2074286908
145595.28434190876,188708.6601564024,-27628.08020652784,201364.90355846146
527645.6036380413,412201.7408288616,324715.21679745556,535384.9866542055
563701.8479002453,370068.05753200396,288407.12650816585,489636.52250840934
532898.9997485505,586928.1420167712,374227.4189401587,609958.9852769361
368027.10128293885,302774.49891474517,156665.9751698305,338452.39097810956
574648.3631348254,542080.664878242,404478.3647735637,512597.746055427
310728.1861912855,291550.46048496454,53423.44786270405,273775.39398274454
259444.10736836237,179383.5471404345,39561.566540676286,221071.41025180987
620060.4300737188,588740.0758046897,396526.4270894154,592510.4685527061
-103095.3034706646,-120885.35260176385,-211014.34090343706,-62853.220410047856
230170.1954994885,227267.36085608543,75441.29301316815,255366.8717209685
-41467.603913963074,-120672.27809210907,-204129.8915789725,-73435.72727562953
545707.6683482034,548455.959022891,347936.583350267,529672.1704794025
100787.92595600605,53265.349225619924,-82861.40020941605,18244.775677716767
442364.8472410254,453203.58460991504,200011.2351039491,491377.5405263568
624452.8148875586,592078.9131246004,421225.6197488868,764477.3062759857
475603.88198421604,380968.3798161383,282012.07465922844,430525.03722067596
579747.0053221933,524235.46224863385,342500.0803068853,561595.8478508629
386615.30075075175,412193.29859889415,198535.52116869867,349514.4516980926
-170288.10387335665,-171742.14624609216,-297796.7806629311,-118773.64276136411
8338.135703538253,-126504.88147935813,-262079.34356027993,-66573.77703615476
231490.44845452788,200221.48944573943,69724.77335819742,230681.8375517351
375113.94260270253,388632.5113572788,196617.80192534078,347332.79502460966
512984.6770927389,415040.31484638364,237186.7770963502,457423.44189643115
381987.2602446482,353660.02358312486,256326.72887672915,470065.14152733295
497792.36317610333,405459.26154973614,281737.9290385569,478138.64171508467
203398.51754713885,156016.12011434755,40702.19715638179,226975.6994764018
382790.0200471226,345899.9718267862,255550.12042790058,407761.85113237915
91292.46151852538,39739.09641494602,-136142.45926461852,132576.42131851125
-71328.32037898601,-120406.96592486172,-280059.19367093,-78335.09887575742
290959.552738484,225612.58939122595,116941.96319673688,268818.3233688703
553693.1545605278,496417.3800604013,326215.9592779991,559227.7755191121
171953.11357709253,143754.32641846966,-35580.72282798169,148198.30630538345
647133.7705381925,516488.85642928537,354893.067619379,578192.0662662643
56178.14718287322,-4255.40621639404,-142014.39070355485,24968.924995401874
406517.4052233832,314739.52615287225,136200.27725804027,388385.00065307226
577797.96993231,473310.41411233216,412654.5712159431,573470.4119810369
556798.6623000063,392596.5830622881,346737.4197243602,607017.8603259868
525613.2828795648,494508.21035861725,375899.4098589866,534542.2077661685
-71733.07719929388,-85998.7150476182,-224897.82778423716,-99307.61153370538
169970.84761857742,134302.97423698474,-13706.582709692768,160931.57008772274
246063.26144590508,234936.37855992315,88682.17885569576,301364.589422902
256154.7024727203,149784.49993672606,46265.42158951727,250370.88964600977
463292.395873504,485167.05327801,269234.3256749477,500228.33013407676
372861.06696450606,312935.0892829837,235357.23034201178,448337.7608621664
474617.21122360893,415272.73972023977,244007.10143253545,438037.33758145454
701732.3286130957,629193.1246687996,414003.2980467408,701524.9405995116
53499.178850456374,-83133.37164490129,-169341.2445169707,-5787.911315147416
-75559.01263110642,-147018.99172849208,-266839.5334271138,-133393.77375230996
-29209.203756580246,-41426.4307783047,-212363.627732313,-44950.83795118524
436835.735490781,376282.43402788765,242928.2091830012,395708.6991057042
-221161.47065890365,-202454.22623355885,-274266.11569373496,-120300.38745578437
-62378.22779672209,-106608.81989253144,-253877.3124950861,-50343.14547026099
263180.7440201108,245867.59928893216,117713.20565884176,318556.6587231257
513668.80691881315,505309.245916083,353622.6063146674,519855.7278140937
239403.89819954627,206809.17258046474,60724.14713407855,246400.84526294726
-109370.1978380999,-151302.2080899491,-300099.9502800729,-162960.7096521923
350582.285877364,257633.41439946427,136939.9217466805,314468.17628916085
387906.38757429377,389020.9846305761,179633.80979872856,380939.66013525624
379466.19792434503,345257.0385071419,215414.37482000922,345511.39918594947
-7564.443458775,-38091.586874017026,-111773.17917571578,24437.626062107272
-3011.612413552939,-119287.35766511265,-163283.84382304113,-38176.24710947776
273769.0103973326,282934.5605582292,109109.62492908328,266472.40586743667
332919.5288939192,244656.86873592343,139442.88244998374,373090.28568275203
-116263.89739281696,-141849.32740684552,-231993.08697813452,-90452.90561932395
482746.35317806527,402525.36824304634,246401.23279516492,479466.09864374925
450503.7825976636,415095.0219692802,300745.4830172857,405188.99034758506
461291.537587925,389429.1651536104,264560.2117664467,520816.0621520139
446737.03745985695,389063.7578424376,201099.7747705985,438069.2800624707
405872.83488068543,351970.3865573389,204904.39165153482,406766.37199976016
306952.7084149781,308643.2007445933,207590.1648628104,295015.99396881775
456945.50700324646,360930.3182854495,196119.89508516807,445039.4067170966
284696.1667217172,249692.1118850757,186639.24377638614,342427.2847411954
193980.99131261115,95390.71681726607,43400.38823541708,276219.50935153675
742712.7086633071,617881.8785004043,543857.1207944845,761109.4912113675
588105.3606354641,521368.19226997485,258254.89065629686,531463.8463265229
279804.3574964687,213880.0452534441,129139.59095359768,339040.0920699695
14311.560565749009,-47281.9109786785,-178501.9561669415,-288.5331571242423
482143.93690558337,395772.97638694954,267888.5746380335,469498.2933810033
52175.71855405369,37406.023844021256,-181747.05158544495,12015.718389833113
553367.5864465665,402903.42569533666,251716.6592126137,528899.7013015607
114214.94841271453,30193.35101476079,-9459.775199517724,101200.71147155995
236546.595439345,261502.92384860467,136777.34172602417,342399.34886582056
215041.65970762924,287198.352148321,76239.10790199263,244187.81941107102
-102964.18105564313,-209651.26343419007,-280365.6528826464,-98919.99652394938
315649.02936703083,276887.6160709077,131353.59665752656,406287.00701498135
-70893.64677552338,-82567.73403229122,-235298.63441701216,-115578.34103595029
60976.79928371799,7341.891770233982,-112202.33330240182,88971.09644060058
365417.12629335467,266047.5984923183,179245.69444382482,406502.91886950785
413638.9656785588,320570.5998669092,161380.76627965702,416436.4508307957
86572.76180059963,60009.315622089314,-103506.98202779086,98473.41505031171
-114172.84847969725,-187556.04877794918,-278098.773397035,-78025.31094682153
24561.51727605739,-68199.66980740783,-182186.21989292785,-37360.836788285116
161176.44502518012,140353.97390849947,109945.67713179346,193246.76943025563
332154.1843758336,387773.2733205848,170729.1391302751,309411.2503242127
638196.4212334899,579702.3727774154,392112.7454044223,742984.8671251116
443377.62498414936,365153.4197115672,247167.57843680424,448294.57165651524
425673.3987035225,417391.56815607974,213236.0419280344,487311.3199815139
634692.8444101738,629343.2986660933,413323.2926243384,677933.4092172622
553034.501704277,462145.44495190075,303695.6629741959,577996.1015602008
675453.4724763196,652699.3567969061,455914.2178899966,665499.9658772487
-26185.467342025135,-110962.31066003582,-179546.38049600192,-15609.650403478649
481835.8403271616,456329.0669436939,323496.70331879717,546353.6055801951
238645.4680975316,156793.0665379346,77544.733105761,252813.60644274892
593951.115442361,608960.466164151,411240.8362778971,655519.6147987489
116725.53632247832,-32483.294683529297,-142935.9402617411,127450.59349313146
30049.30451022531,29307.545908967382,-108689.63304037182,52220.133315952844
63254.361590090906,-22727.00499655289,-94701.55436926591,60033.51333069964
29358.30247586721,-45137.85617933853,-146887.12152257178,14507.783887207333
805557.5896767355,616325.9356623502,546845.5556620696,755832.1662621596
344912.6717123557,328163.20223072893,152618.9207817556,353085.50093702856
529024.684504845,477493.2349763502,373044.8581854275,616296.9953945216
-12297.614510979678,-129637.75220289099,-195606.39493574214,-31172.90074342751
470748.21142153814,521327.0512693825,373271.7193758773,523164.48077781626
408276.35554379784,270729.44468004536,115647.89618462382,401585.75755128986
527308.8341922496,423477.44460443896,388309.2346224551,535689.1319336186
516328.9158723778,401632.1881718467,326299.7535561479,534134.7316034974
341066.12944142055,258344.10801154422,57686.37644755875,304317.5525933512
515389.4905354524,529205.6098199,354383.2585151474,509852.19439062977
-100153.0279534047,-200361.41066622903,-264506.8350065863,-156296.36535176256
114060.51271965203,67773.66406552121,-65842.2353319095,113423.73576183151
453057.87805972947,355913.06785099383,311665.00911080744,470828.792199497
472736.4578356473,416306.6757804443,330505.4426797016,498154.6105593614
-108400.51945734437,-170308.85663366778,-274534.95085377677,-75712.19524954708
105167.13767975313,172523.7969000328,40885.404931461904,148324.73595254868
521684.7253875949,426346.20470782206,356338.0552244086,382388.1636515795
4219.4273002517875,-127137.62596111989,-171348.583373881,-23737.094110253558
-40749.61031890457,-103388.07934465399,-236368.26201681403,-15747.606161426404
303771.76404750627,228743.7798937132,55061.08296035789,328902.33928759675
85292.5404302706,-2093.9944362171227,-91998.3697815868,48900.893865781254
55117.861064037774,-6865.316087663639,-143559.9430591336,85821.523715029
179537.96431008808,144918.6930904896,-56492.87534749368,133166.35998593364
570217.1151050057,577453.9764994958,467653.6352111484,634058.3093890948
-138415.562324445,-163355.59512679424,-251817.07248383953,-151252.6635082772
44492.1347412779,-20137.919025210547,-102423.28816484357,59416.3018556179
227147.63327238732,80815.51562695776,12629.673605607008,196457.19622371683
273133.46216307266,200979.29934436444,47789.966759793926,343902.41055181494
79122.66235909006,22089.06120501971,-145680.39989587624,57309.681633702596
306404.6243696201,307662.0676352449,68847.8996783807,232148.75608760072
547792.4790097475,475231.90364929684,382279.7196605323,569179.540522896
-69939.32910867722,-111831.42856483639,-231969.15544601792,40999.187417338835
182475.12190585653,78600.13541043364,13573.318196328357,194523.50560551137
657290.8918773667,610308.5484910726,456557.04214008607,709384.2432243917
182976.63693055697,110843.47373461933,40985.416925099096,143208.7695255113
374048.25267211755,265211.8182439726,124719.71804835089,398565.14134731714
518605.12936557876,427764.9628720116,242594.18864513945,490313.36617956636
22122.732342256233,-103443.97341232566,-132778.0481210919,-29495.235845924937
134113.8785721442,60718.20870029647,-71891.62495290162,131009.17376893316
381810.6815620271,295626.93542019,146897.7816263953,399986.1479424805
663797.3076255226,479232.6971323035,433409.2481319475,553507.7597323852
668319.9510879824,502507.491583999,422252.0363019103,595666.5832003385
215110.94375533378,139019.19663621578,-18807.636680371244,222107.1373878077
569576.5546169132,443015.8554806141,353065.73606971337,480331.10406601767
363558.12347075925,400320.4083898183,186302.14672041277,473369.13690077665
577372.3354389707,494724.275582936,378108.15231694723,592906.8478481162
-70661.01692736009,-158070.91335234477,-261725.19403213722,-98570.29960298241
95970.61916448735,28839.077894505812,-96972.4990690077,110251.4220962507
614482.4497420471,626999.9860031735,522149.9669719731,552504.9973931224
-79748.35353187955,-165088.93649918918,-228925.93058424647,-58784.38917998428
739447.0514752166,605592.361611167,478109.36764931295,765923.563660006
-118035.32040435018,-100702.50351699948,-205004.80606323446,-153509.76908363996
652438.8616017699,506025.73656963673,421972.89399779553,689373.4305378837
648425.1157602123,646727.2444796427,506212.9839299201,676108.9482667956
329737.4464136965,164100.42537387414,45103.2141645808,264564.7379034703
439958.0044884571,368291.35664166964,294368.68341531,379534.2410454836
222033.71130271268,155117.84700230183,19241.837080088677,218833.47097472823
573448.5266140876,479135.5297266516,387128.06168493035,561801.8299315746
153144.1506567913,130211.8824500679,-98627.24516698567,156861.52015937993
249646.40167756565,115038.93286011554,47958.45913408219,246673.72149189538
213348.6900962321,179188.33875109628,57134.55837306776,228790.7642612079
187498.99393536814,189407.91654889612,-25189.32765846327,196838.27000699705
366342.93415881717,310403.3370953307,200954.33560691704,310448.17458711204
625339.6994947246,498880.9621363365,411988.0345813428,613162.3878013217
549375.4843552273,555724.2233914712,362220.68669476965,564647.4878350918
269678.94386076985,223327.33101410477,116514.50074945972,317097.2178001135
102583.69303387636,118938.82198654581,-76738.04403794545,75115.23884876724
685785.3160438996,585523.9468983191,413479.92552338785,628269.1534583445
337424.96909677086,282820.2204078428,198358.8682202018,377275.0924797398
418403.40585325146,349345.4065879015,168350.11172955157,286623.759466539
691091.1883463433,573868.2977516777,445474.62535107613,623920.8293153548
463460.7283011313,468129.60306949646,303666.0059092797,585683.1437121711
29610.228022993775,-25292.221578335157,-96356.06955117302,74881.75877826882
-4796.689227005118,-86337.56419562647,-154941.8705464473,-22545.249760986364
323538.8453140899,243275.37790056982,71923.33792046027,300775.9511961929
613510.0277003227,557845.4312772749,391196.5520856697,565556.2185554486
406034.3414829725,326400.7522383828,334579.08652909286,420419.1511826222
578735.442700044,596414.2544192318,396199.1086058591,673244.5312997573
105986.61280316161,93256.04462052789,-9961.561577162589,87569.49813355086
242652.5617307236,206110.55292731232,57419.71347999922,224952.45192160818
70567.08274553006,16282.09851694631,-75718.58959542343,93698.86296952772
171416.63532629004,39583.063851806335,-39086.94087006233,127117.33251683542
-125612.4617771355,-125358.93686210032,-261677.4319562051,-84803.05494855868
479574.166731165,367555.4450110452,282910.5937771327,436785.20912578213
460803.29352615366,481181.98050187284,301271.1360308215,494281.50690629636
508757.1715376122,520929.34699175856,386298.9556058252,586531.2673179328
408247.0182991002,394408.49914307985,191995.2441168785,436763.0772709891
254934.24194528593,170697.32616600022,103914.70469490835,290605.4597918516
668946.4553777343,536053.3758660625,469205.6931632081,716273.4520522666
547629.5517128787,451747.5947824833,319680.66490979725,466345.42633162567
-120040.02016480663,-140388.50437318697,-260888.2286069045,-52725.579402856994
666447.6299065489,582347.8078630737,495935.9235075739,688222.570363035
57900.543014721945,-12841.058446170413,-119991.98554176453,82698.45688078075
187916.107193665,100658.98968448746,-1139.8747365665622,116484.36214641226
84481.17449002457,-18460.765324197826,-75266.48341152153,14704.57674857229
662221.8160562727,533696.2889278072,437968.1098315561,577902.1206798593
-54890.791421604925,-196325.44230225962,-251176.18855633843,-71737.89952683821
491931.3474864698,483626.5604311598,238812.52052788693,545011.5177864322
484243.51745439763,357801.0003713091,231011.58053947368,465032.81458703347
300038.0641826899,281991.9313480059,148473.82929924212,378971.62916799623
591502.4480827521,487442.6221045004,412373.13251803454,549176.4597204127
269699.16372715775,291417.1618765453,85176.20066365879,337117.4043139478
382187.537701159,316224.9330502332,187774.34529917978,322008.26929058554
289175.8305947286,279877.2660113963,132402.09240804915,358618.7971041994
447836.441330926,383864.14096600853,141087.125208401,448009.3371872329
10315.14300102921,-32645.648208859086,-125136.96563397598,17988.428154822905
569760.7672675222,500733.3044872668,401723.3110614291,538137.9433238441
-137151.5914007431,-224614.4227737416,-288292.37534267205,-109261.93679364165
-57540.502056660946,-136175.98356229824,-171155.6952422784,-45622.27068549662
9537.646149812383,-44519.16250637232,-97070.20970777073,82454.57044796227
516485.395900158,478740.7125396689,385266.043600047,672714.1490993781
548936.2409632849,552429.3007376536,450022.63079383376,581030.7654159574
-62157.51319332898,-165625.84575314366,-212280.30623092415,-86676.3891130294
208408.8584512286,128244.30753160431,6581.306581184035,138887.0056407483
365664.0064496314,323079.0536824319,202677.53579046472,397189.08192419435
77521.00333323784,7791.86227925797,-86513.91207525111,124496.8371579675
153260.01898698602,72920.21446564526,-47601.63695757801,118722.47459297895
565179.4296406517,480971.4088450519,396528.9956846684,595927.514244423
265600.49478687777,242985.89138126338,71869.77515012096,270293.10664170166
677831.348778992,626339.184326472,510547.0488317193,756833.0875763793
651289.7767416332,557225.3272364968,369846.8628532068,573780.0784457349
24314.135671468335,-50843.27053728799,-176661.51025577902,26728.61600848625
114746.53904264886,42312.3364731709,-14241.310950357118,155766.99168356892
532995.9640835833,508282.69279114343,362408.5895647021,599853.6157134052
416504.45312546776,315313.05886143784,262424.7684622337,401010.82298809534
-25381.19953485718,-148145.02969013364,-190286.53246783698,-66302.70426293538
591629.9918691451,528815.7566580542,417846.2807991934,662735.8717242887
534808.2170778518,469100.0612786687,211120.26939626085,462214.7114336806
466494.97559583257,374707.9013161033,303158.72004157933,475072.5308536808
681900.8888315747,607029.7154810433,479947.099175166,639008.9759641688
234759.63012480526,167124.30758582498,72820.14467550791,223801.26023896039
-73571.82705496391,-153615.8137872088,-275250.21862345975,-139032.0832844267
177336.4836644344,89562.86229542585,95293.24491223216,168992.38778697897
125336.59397906961,28537.787612937158,-131448.06609050755,81982.96311457804
426413.61759910895,348597.3216429292,275775.67112304934,448207.63546792115
131223.2918852244,53732.921299031936,15189.068877626676,92960.18099706876
283048.2984884633,243117.12227307586,37698.27500131645,273553.8813364948
101087.34815448278,20840.61159703089,-94652.43042561901,179959.74117982376
-115531.33320761618,-181985.82673512195,-302507.4672515709,-68319.26292275026
568586.1581188971,540233.915936295,410941.9436746101,655044.8931978436
395008.4370987986,288905.380772435,176585.7274770647,305287.51978567045
64359.187541489606,89192.22876500036,-49827.49127428734,77243.36617590906
48029.89885549829,-17091.122164581553,-133948.68047477957,43623.69178147451
257428.57576467027,133318.5676176733,59368.55927909608,213888.3408422143
375305.12042153743,315239.9918818658,176896.5209652793,380800.99304433656
296453.68786799326,302557.4491732335,139980.05593460752,293781.5712892435
-137779.24189305207,-165248.62355010252,-319750.5305860494,-142049.0656214552
16452.780024700332,-56496.43525442766,-154607.97595906054,53981.378542893566
198962.86991473346,189735.23133275972,-24364.525130423484,149646.0370996201
561466.0053936741,449945.51045656414,353617.79025406693,579256.5326197743
-170697.072900387,-163296.52547286387,-291849.82671118504,-148717.8609869785
-76474.48697373038,-72839.22892039269,-217750.4420584684,-73380.16256692196
709847.3842259478,702349.6649622307,546179.7141704505,756910.7144225694
600453.867153367,454428.01959960174,357491.05342208396,513200.8706600835
349901.36499737145,274464.9967212711,162111.73958534352,303773.3479600259
-166269.91999009985,-220205.79212517012,-253028.18008819176,-135997.42578105675
139692.63894265634,13817.038947753375,-62604.007632854395,73569.58356778906
431418.1504507478,300318.4725022239,245727.51210147073,399508.56230517593
95215.00364772137,540.353965475224,-137126.37452244642,44964.36299072078
-39594.14586598729,-50452.2556069835,-218935.6271604182,-9319.191971949302
332939.5444431631,378768.7615319737,135493.1794646671,422032.6788019637
524761.365562414,431193.4477713447,270622.40800223337,460818.6177382417
533046.55327775,510333.92090365523,428980.98071846424,581974.7171101549
-10243.823539791396,-34099.102889120695,-238271.3665418963,-21692.713713466248
552755.591943963,457651.8631605089,329890.97826887306,554582.2232674893
548122.4033474687,514777.59180873237,431061.78332366154,624900.2867142761
71359.6485665437,52753.81951603852,-18134.27816832997,132175.30448137445
10114.209266844904,-97390.75127272576,-229375.15835542616,-28022.301444419194
-136541.76448740385,-206829.51059055014,-271104.3871931045,-112175.08165661531
113158.06115705357,1332.9397067596437,-5760.380772201461,135217.89257719903
457158.2228025163,351887.939376625,269788.1134540454,442730.56669343775
-81734.2864210697,-97508.13277058466,-236224.83157173113,-34940.40074029728
539121.3496862635,421187.7176695757,283188.77508192544,513702.5483264517
433913.3406896392,330164.7242951199,183331.3198625124,336823.6043116399
22101.136135320412,-51979.531033730134,-149462.06971924077,-26103.37201216392
352178.1761983447,199424.57045169175,110853.57370010752,280122.3688915917
334645.54646049684,346114.91759175493,214562.54487377126,336750.355296138
318022.5282689746,337809.56380295183,154937.96755181556,527917.950244527
278399.6102022168,146052.2412448806,44929.2618518417,193064.7049116738
424848.5647892718,357170.8852583333,205836.01832445478,422518.7090250382
62954.7670914731,9058.281956875348,-82852.46052460151,91135.60767965578
671284.4880956437,597127.7012450632,434980.23315791774,652458.8444441932
456109.5185950921,384845.0986876106,291274.5598762564,527549.4783832938
684464.4484186396,564086.8373739822,438436.52232940344,731623.426465529
389385.64982073323,434162.76859347336,232868.4646323251,441812.77962665947
142874.98275170708,74011.67562093749,-32316.9629853128,139132.34427062678
328842.70210568747,252354.9593567797,148317.89550387475,330585.94584004185
15956.10608286754,36359.31721703953,-133668.83461582905,97556.66007168323
651786.1852528795,628962.4716410975,534845.7763456035,752541.2246191904
411478.8799355569,358721.0362106437,235005.24534027872,371878.8883551813
625520.4171600973,510559.82287938707,407454.94465679757,586244.4656509066
5102.444837376708,17160.142979620374,-144760.2494288995,21270.409750663384
692385.180118391,600856.8874479213,494887.90695017565,674317.3200630799
259473.5248260994,182386.72534954816,94542.17484880867,267119.0943189388
281230.8563225963,321511.6813611839,130998.26516822644,317895.31093365315
652119.8876823699,496034.12230243813,318738.56083616323,523655.0711526972
487882.5939857246,393680.01189310243,357853.8555822094,504419.8627269489
394804.33338828466,335468.97811460716,288148.847293159,429288.6533344453
351807.1733914063,256687.15509251005,180150.91277499043,321456.02365063527
-71398.26907089615,-126502.58071314672,-273621.8877824082,-78232.2704495301
41158.9734887518,32784.9662703966,-96185.31407931424,126791.21330727136
-29428.301532824116,-62113.38803494838,-228239.04029993678,-53405.05667235999
341588.88031026116,230602.33471152268,90944.74380537914,276876.0485070826
519817.1377603996,387273.23272133386,282343.47195435234,463083.21414741955
70280.90482882573,54390.27973955765,-98387.70294691238,99932.75645338953
25613.631455393857,60388.69549983484,-31011.974476656877,79249.15050934872
25280.386700445903,-16394.61186920444,-119246.44516747387,27061.833033194067
-121397.10549043078,-221011.31116274785,-353210.87783030514,-96806.87379586033
22212.83879574394,-8375.260946463794,-182718.83918310853,39530.36418908206
634033.596844506,566724.7474261178,400688.49150865595,615505.2978834871
491339.1147684655,540818.2300411018,315470.8134248523,436232.30909599806
-69838.87002675934,-198071.53057118843,-239071.84827550588,-110313.399307305
399912.8684317175,318189.32732117525,274057.8008337751,423938.09642831585
313087.7095676961,269167.67459158483,168836.96773329366,281219.90004313586
612207.5380556833,601914.5352994537,494688.9567114968,615896.4659129491
142309.18771225493,73647.87074777472,5985.847876966116,132147.76290910365
-22518.882199147076,-118042.65124625835,-228370.43721675518,-1102.7346782274544
336963.6184767606,359715.65431452275,183365.32023145887,348831.0510381246
536862.3964953637,464356.1072559102,407224.5436974281,617943.9746633759
240473.25073286355,232616.65704939922,103372.32529755891,225362.65821528668
-67760.49625964247,-143769.18467247835,-212222.101919536,-87516.51857605431
575513.9684764708,521375.70728247287,372650.04620257416,509412.6226283354
750071.8445967843,555887.1098915297,520060.1953063569,695438.5807908515
446980.7619950775,346929.1345919868,190614.77039887698,448179.6062400122
671397.293829069,530708.7144731665,393131.94572452724,616668.9991349026
573871.3306295092,487599.22654802725,331480.44267862977,592012.3329475292
118200.3972060954,100248.80631601415,8677.535628684098,154437.0329931752
-17844.926045548753,-20903.619281013496,-186857.1387157262,6928.164238133992
348964.8755026916,357433.47570390196,241874.8995610308,421223.03310782276
449274.7678268214,404028.16806629417,274545.2907589931,493082.58105341904
-82512.11266102502,-140584.82545439765,-258474.14216350426,-99920.72096800304
582394.0152731827,571873.3339843769,317932.6849826147,568639.655208614
432338.65384497435,422945.4369849694,282717.2596799891,476925.82542431704
635906.7656811026,602828.2288194739,439946.7320383532,645849.8454516167
217309.7923167511,222569.67710649106,-10509.207306728582,230222.17711849906
634948.8080406894,494198.85331447306,378046.72986664856,544345.184426524
150624.70189310983,95701.3071019135,-38465.58407527604,141012.7706085163
-5233.967259888654,-44039.15428440762,-151606.48206818698,14984.124801850587
316543.34455999616,318716.42897606967,187357.3447639835,439533.9120155574
120272.01754280552,17686.312978589674,-120522.57921092736,95447.13557119295
120379.7483982091,102520.35216975666,61165.72274360142,133392.81834506732
116057.09728725639,54977.1056353685,-76831.3310906617,47325.06082948763
94311.19131210225,55138.83521953772,-113695.6795142612,64264.816198299755
236338.7292037923,159452.99757817236,-32944.32784799405,172414.26636500983
556366.5553573577,466090.8183904808,382208.95156459697,585882.4598781352
-70802.75478822831,-93227.21397122554,-249303.2478230343,-54947.789856483054
-48883.228005968034,-50729.896671395225,-145931.47276279447,-10465.120102202985
142431.84076010564,39989.02195748105,-43221.209682309534,100728.88636347116
468029.43724450236,419319.84520418465,313870.62687831523,559621.1224829999
600796.6558385654,641545.4580858343,477982.2744642558,638174.5674072492
-33111.65548465756,-120768.13266227074,-252771.26327122515,-69239.03976689623
216840.46987405408,149330.90997173637,74090.2708260559,197741.03529689822
200006.23593635205,170762.68655753974,86229.75572224823,204562.99534402485
607572.3112754817,572672.4870614063,393811.7851590172,650616.627447234
680410.6128473871,619296.8883356273,484874.4337500591,655402.8445770093
-127303.27249514114,-99014.38058996177,-262715.065544117,-82246.8208940528
426509.9231516402,353959.9176797513,249509.90752550913,457386.8721328946
390354.1948206986,248312.42550716083,105761.4145155159,277286.40789853747
127645.57345363114,85992.21509065258,-51314.80525787221,114414.86991641112
370342.0470648834,265712.7242192216,160684.1913107175,329550.65323418134
531332.765902803,415419.4381300758,330766.20412539644,514504.9582283946
146798.75238484237,174864.6075041038,-69947.88236133428,142545.61214015272
683574.6728916119,629473.8683540865,473660.6630352478,669914.146940701
287433.0839162371,231159.9577391299,78971.95679827093,242417.83544942562
644664.5485427345,538812.5258116382,404480.59104226565,651800.0848384879
192552.89245759672,86171.27739528846,-12928.7637487764,232750.63982311462
-90854.84714846959,-158592.93152913073,-214647.0080459891,-138926.25047792867
595126.3427035294,500378.36314099585,272716.9658177837,517915.0622663074
481811.45243263093,494012.17384343944,337862.0575643763,560596.2948240561
356225.8350323959,252030.41642267362,134218.8112593909,321527.58406156895
449689.73778047506,374069.8373281985,194675.4173990034,399342.0937785987
422858.96180076024,436047.73926908977,246815.76196169073,524666.7479835739
326019.4280111322,291115.81009439856,165208.98956001713,359635.70117414626
-147388.89728001773,-192158.2230830862,-304350.790320056,-118887.93806731206
517350.7924225903,368560.59866069735,336854.12527106726,387242.1409097987
-145408.4860882014,-145387.4245833605,-313927.9264127419,-72920.94955954421
580759.3846870754,484101.49216319656,306994.0027221268,588544.3684635684
595216.5397170128,551891.0930306639,439702.60078484507,643771.2341647325
593816.0183586713,561368.2297022864,368653.93289367144,640307.9406027775
164136.91014430276,115792.75157625577,61475.24888993148,173962.43789157667
-77471.84580368543,-122706.96607340721,-263411.57317583036,-92907.66963530902
215028.43496030802,118356.40781183331,-7893.507428332698,213730.4931334739
227794.46999093553,162710.36313882668,-3310.8723259728868,227331.11767614668
451363.67772394465,472569.7736683616,248355.2283845467,519115.23563208187
-22355.38385633804,-64733.06720716739,-170267.69671074353,-2140.507494717429
667333.2718313036,649652.0396189473,505595.2560301485,730625.390922565
200348.110565681,210185.3162995939,73363.22786558163,286174.9815479246
139733.4449097697,90568.90935726766,-23410.916352844564,143576.5083414876
304335.86063576385,260874.3711274357,136473.0086689071,338466.6282254765
-138699.56248362514,-133043.9375185474,-230023.36759376968,-104732.04805127997
-31542.916048917512,-143271.66334764118,-220845.45152284758,-73798.85668978206
457529.39541051653,423617.27198513295,320190.0301347462,444824.09949153697
80987.59412115463,-24867.62422161142,-108674.52217268571,46660.562778713065
484834.4612031678,409828.64538229955,331488.14583092974,517462.2534016074
196919.21464667562,144751.23495942017,68608.00829397398,191416.48864533182
591353.2809756915,581421.0082614471,357813.72826572426,744733.6011497045
174490.8098315138,155252.5122724577,17618.721979630063,150037.31462431606
645825.2338636338,563279.012691797,359111.4204348818,649974.9795673108
160866.71060095704,162219.1101162089,-25990.016166104702,150312.99440786114
385797.0450570113,375165.51885231724,227501.33250437945,435439.3724792759
263613.83286416426,164227.43233564694,51545.48408021266,200295.62498681922
344859.5538731329,309500.9136578385,183166.79364901385,373072.08571108675
391541.5056309083,282754.0378867785,171557.51362974057,352015.3303931104
569.8976072606747,-20186.903527523624,-130378.32004233578,-21760.471750703815
227812.10736185545,265549.0527326093,38579.83870026097,240730.7145913639
-11095.645645223034,-39355.57971689972,-151090.4266766688,-19955.61127419531
216489.91304829973,193576.76526218152,-1079.72746434086,222119.67754072777
571663.4296230928,509661.0783451232,328388.70146494766,463711.1882131145
466806.6294487284,446914.09877875436,258177.20009386248,418938.17566135724
511842.5023400608,413988.9387989716,265476.5634675734,455588.47116154036
450609.74949652597,417625.121706428,236098.03037810617,480783.704895106
525529.8546079922,423548.6423027138,252271.9808152084,498031.4909147334
-18594.26298447739,-76011.54511305148,-253558.76105133147,-64696.267483394535
335834.14709977957,259269.47875956167,129032.3888214993,292792.847282876
114105.07457989443,48615.40892974171,11512.006092165248,147394.77628443495
590561.7768640935,484254.1812193808,369095.8050802179,568600.9465696281
201544.5548031358,180952.0596353868,-76125.94521539181,237860.90589393652
65724.93074209546,14377.288372697076,-127757.13445724058,33557.857229872025
58925.43027595128,-14811.695721881348,-136202.4072035908,43754.9019946038
314987.4344082618,309966.01977973746,140851.8599393951,270919.99901271076
27458.6157709884,33631.653860747465,-105623.71931578883,65870.84110937337
85368.21374416084,32256.20030216896,-117172.60985113448,42371.15412670036
196671.66696059448,151273.82638453692,-15809.194533881266,137320.6497259232
573302.3344607612,559955.715704619,454462.55736081616,706432.6737137435
146859.66617774742,-20561.81274784438,-159821.32811786997,95116.06167937559
344712.33408053336,132816.159073347,42797.660313139204,285202.3535937702
337403.65247092163,238424.26623799873,191581.19225049356,334417.3982875778
-54472.29275701055,-105564.28624496522,-182077.03931606258,-49306.497210707574
-47606.391310425766,-94572.85773097991,-255006.2111536931,-23577.35836193984
2066.1973993448773,-119488.44104839541,-222452.3771605657,37820.20760099462
484086.651408863,447881.31292369973,293448.90876154136,541820.9207752568
487008.65897137916,519711.77150323754,262327.8450055341,550589.0833593186
108627.56963932817,30777.31205729884,-65627.93324954959,55424.9070287816
307434.5044411679,250741.53568267904,85921.99931785685,305703.54641264514
-105522.53228681919,-126526.57551659434,-240328.7220355909,-58781.84736542904
89222.73692839756,-11981.209728010115,-90123.2225027025,118931.14385879145
618201.9917298916,533718.4717517335,350446.71479706035,600306.281692229
490581.82816033345,414000.15117835393,399411.41668210144,539631.0242623083
214509.7898847562,153759.53279888502,16332.53404032602,185882.16462942015
21866.389688371564,-9175.568944798433,-125707.17825992568,-22073.12839627266
630086.4203775979,499485.0939426604,429500.56613761827,599499.7347871452
194235.23762571975,233786.71209946496,120558.86709112849,242946.0193900594
575839.8798307548,471837.43264563894,411483.7589073918,573388.2825650233
687079.1536466312,681351.1470764475,440033.4218293278,703561.2729551585
284970.85751213005,238284.15232967492,89856.06540384551,288661.38392351556
401216.958986684,305889.7547609443,165992.12714464182,398494.8384564518
756741.2089303676,531695.62038833,455790.511443874,584595.2844630815
13886.190838297829,11743.56792106852,-39153.27962320496,125425.73560840008
86733.1095664174,22990.191069939756,-75213.33794623055,141128.5494714881
503697.034090196,418320.2980014711,239963.45684339793,463669.58477133454
-46009.134062327095,-156142.5264829839,-228681.33359868702,-38132.745282177406
48393.380362702184,59443.83548975026,-161544.14632017858,67228.04293053143
167472.82704272808,108511.6777922397,40421.08055483084,74468.60744473292
257958.0950245757,311219.0771846209,146676.84214219078,305675.28096765233
348138.7697046144,321098.79858262907,199858.80548482935,417400.9896415507
484769.0322296156,389252.8111200298,304334.77273095574,487132.18866854254
398818.25057048677,344896.1332705162,230154.04088715732,427138.1338220093
369576.8240599516,220166.93345206394,146005.90022973332,305185.4017732206
-185593.4769883597,-134163.48249126016,-276892.123845157,-121261.21536239475
231927.63386354642,230756.01752941846,22672.723286307533,243852.9406279003
-4375.300622338196,-71882.87304836838,-173801.79191978707,35775.11326211656
178528.20329403656,105047.17154690181,-59314.26951336651,150314.66599860846
122277.68354106252,87823.85631258972,-47596.137483686674,141224.6535847137
617052.1173299549,608608.5255422641,339158.1943660863,631396.0510087241
601950.0059144362,505069.48603992583,414308.4533397703,520038.5958245371
184117.57130199973,78121.61860911234,42728.7558365023,296544.1712495977
7826.339925118082,-21192.010788062704,-148868.31303438323,47986.526165570016
438836.79909146624,381222.84213534906,299498.80771559756,411249.3951885848
542683.7424406642,508686.030013826,373618.36895891547,509176.462958443
469369.32162630046,392657.83376929583,274946.1808609471,480244.47814852104
123593.61693370156,56369.09094486188,-31352.706184681854,108129.36225300888
501605.2527683992,386998.3479613222,308210.6106438751,549260.8220076617
306578.0501807071,258852.94773669483,57603.990779774846,330322.8473568631
315128.4831806859,240472.59068947763,170752.15152522328,319767.6408614962
551304.127977463,495889.8104898939,363347.57145046047,515500.413074426
24417.172772787162,-10476.427756650723,-156415.79750826617,88691.32473267894
-55566.33157991129,-209026.50954711175,-231202.26514569635,-43485.908599323884
552166.454951206,490883.73568734643,309642.6464262371,489418.035706806
115711.32586060348,100247.69000499125,-46232.7112575412,119128.20464058651
352226.2832680795,298411.8702712414,202499.67672844068,326623.6566728717
24410.283703649766,-83783.10451316659,-161197.41088143596,-1960.5569356811466
478941.97341522656,436725.916096036,382366.2286188251,512719.1804204079
-52589.13185321132,-8937.783895239001,-160668.6515187425,27207.56309396343
624792.801059619,495530.1400397165,407240.3260002964,600319.051069408
420388.911088977,342646.65757309436,165575.20305884758,391798.60865734064
152677.75141676783,39028.69421362458,-19051.15315552405,163892.42251407087
257068.17342691356,113875.70339016244,36310.86976562417,190377.54612783156
-110863.75838663528,-221391.1324352002,-265884.1973594821,-130889.61820909625
-49570.57458538457,-140565.63288150023,-196810.42576981976,-133562.64335357875
250864.49766527803,205758.80769642466,54365.54649075086,267569.4065347889
294266.5523300909,205088.16939684818,88940.9301699287,236163.94712247862
46651.578393101925,-19412.639827423263,-207201.37000903767,-22120.605832616682
405936.0400269012,320519.5565727734,165201.878217667,430988.60440955684
615042.2569289955,476570.0157501013,377677.7889510073,609819.1975895038
10183.260689668765,-60151.69942793017,-145374.326291273,-20474.515567417955
368958.65972058405,339827.6414092118,259227.77344931057,378800.13245783316
221486.30005184351,156561.65778394346,35536.62143502163,187865.86923320487
-81264.78976404178,-161335.78461626737,-268727.6707051179,-146928.37636622565
157410.45805895503,99049.90905675082,-16391.61710688367,111555.32358858187
-15820.947080590879,-69892.72455099213,-193245.37102379283,-28206.179358195455
-49462.82864253363,-69281.08832842438,-202463.6777951966,-46046.81065162341
-179858.00504451117,-165446.2689159123,-304130.66118195734,-142026.00923198165
729003.6101847191,512977.25872415863,481640.91820034815,726088.0668722994
667497.0584349514,576367.4119623506,398393.94794341235,650717.8208830932
374543.33766151173,361358.1266277352,273260.7477672155,407185.5229714012
522694.67318160774,503784.6181007151,408292.01653768483,642952.6630016624
62875.439998112735,45316.10334131785,-79043.05092182744,65493.370523318416
417242.5077893017,250574.4687676183,256174.5724574232,361794.29138789943
88040.41237136279,76171.73851179867,-90775.68554587453,164245.9185438113
595733.2743234222,529818.046516517,392878.6978198901,611068.9931793304
377887.49869087385,278620.64460141305,142614.3721248242,312658.4759053064
292290.8030088843,196024.59119528555,155545.03764240257,396734.9078067263
474102.4297565374,393481.8040501112,272833.9004983767,475182.394831397
303901.76694240945,197176.5895224918,80762.94939643366,349496.13374473725
422497.9373538741,309655.67263562465,260401.69747283496,422951.25722813315
-56392.64451351535,-80428.08258965344,-204061.56731410313,-33041.325777064136
427185.19363078347,364126.97901432053,282818.79688751977,409182.10114966135
-103974.17772857717,-109737.87335584947,-222745.799046446,-65686.98248924263
-141792.62537979544,-177200.55754956254,-317957.68446234625,-149192.4292960299
594530.7363117714,543496.2920949145,432732.6011294456,655016.0236225503
553124.0985645019,469556.18261403777,339713.32947760075,529767.9277231476
413708.6161588769,315007.69737481384,214682.0783107815,377550.87187741196
64140.685574187315,-18216.77084447886,-138547.1546294926,96335.65182546689
693243.7768252222,742197.5310907792,577657.6965729153,713137.3669305216
433512.5214151734,421571.50080108596,254700.6005045526,422155.70832177624
-59206.82776697393,-156588.8311237914,-323268.8432061412,-90756.60459748365
391587.79022388044,358091.36167400295,209939.06310464127,507274.6197776414
291378.39512068755,288913.2630733154,150317.06837368954,336790.6601907278
-80887.48848940851,-44726.4037193408,-210751.47437417868,-127285.91557976615
118405.14712806162,140718.9979213603,-42027.66115647799,157943.7188589212
36104.311354026664,-66005.32184617774,-125403.79729833902,105382.39777181251
468151.8331849787,407501.68532030215,226532.06468787463,425191.24344127276
683761.3584631837,539497.3442435593,406752.2120051546,670884.3436449419
759398.3162816782,724593.2017485609,442145.8379666639,720966.9239366245
553869.2151139975,548426.8728959963,364354.98046248895,638908.5856747658
669292.0518711898,540583.3684447794,368059.3322736039,603436.9931233572
226841.42360218544,155775.02069239167,116909.78457088408,283234.08084016107
-107350.24254806584,-120676.56423641194,-213890.07064519037,-82533.19547937269
-123212.84767961176,-204230.5276328561,-294784.3687449837,-120684.0761752344
33914.69207623671,-20116.778490323806,-115677.63362266088,77839.35271519958
226901.1131158237,166024.82698444533,42774.59040592227,214089.40790419898
272259.91362185916,240677.24339168426,71322.67677846423,222176.49441852805
579046.5889221046,478033.3304130954,314364.74186980736,530017.6715400029
390947.55147254025,438277.29250444064,241749.14914753998,401692.88964228204
235128.19765145914,114677.03926837537,52719.428537685424,283821.30907285505
-48122.552585186204,-91675.8542153631,-158186.43878941645,-61331.892242933216
5005.040820466878,-26714.85434459767,-175582.80769225053,-8222.097969890689
254695.71626914828,300122.8642956407,87555.0664694322,295839.8107922836
311451.9878331624,332794.6129050229,130576.65795438574,385055.65264615556
373104.1943398046,310441.51368343376,163234.00808335084,343915.94490624534
571088.5298532895,513429.2205412665,420822.0370837868,592397.4914930665
-8576.572716504219,-10187.715310984524,-239415.23033516406,-21492.355268092302
-118827.14526324702,-142896.70975711092,-265196.6861244064,-90443.80667615664
-9882.524640373013,-4747.634118187358,-107087.3490408709,75391.18326903868
654875.7507011252,553696.6711477931,435911.797393208,706870.5244551944
131916.58512321336,87429.49751439993,-21936.58882708277,191964.4817157411
732640.1755869573,679005.9282876467,539594.2499363011,716280.9247047973
275333.95776295103,201793.264379423,75551.1870774735,305229.9008010732
224313.9302734777,166337.89780284476,88396.25984709535,216197.64076883683
530418.4884091283,594361.7264346634,429609.3425110165,637149.8519743904
406745.6982323794,431678.0013909148,240196.18325887818,400618.16437099373
128428.80525832355,45230.46653616929,-60338.22458183428,89032.062242936
603681.2369180368,447804.8402651994,417184.82477345003,621017.9090345935
393792.226911432,379897.19427983044,166463.87059069786,373145.55957321275
351783.91505993134,323814.0930824592,238240.0816785735,419464.9465962871
46531.33695250447,25646.766647084034,17757.000688398723,191267.85119602818
685441.5537888554,675780.4037988661,561260.3723227113,692921.1769941507
327365.8783619171,271877.03841727367,155362.49910026963,333260.215321718
289812.68482776976,218733.56754473154,48303.83456151269,344860.9339483108
563105.9354844717,449099.527328511,348958.5648318459,583943.3118761915
-86936.46290761884,-89012.49167031358,-300156.76188197,-141742.21356565342
-36288.809774678084,-120702.09566311684,-231779.96160032373,-70261.15670683433
612030.6610260406,547643.3009398489,435766.84460377495,628614.6705143207
-80842.86308333912,-146216.00752358977,-254114.23427957582,-61817.00112135458
490359.75437913556,469152.8641046593,213541.7750585304,442358.6957932948
42698.0615090339,-26962.686509082734,-222975.37863198674,65168.45606501319
412620.94025962893,352848.89490047155,203211.37565616833,379724.2323993817
229772.98317316163,231337.10244617087,70977.0884036012,232354.5417012584
-66090.07232295565,-91975.64643236314,-256288.34188490122,-72511.3630282525
-63297.349324881216,-119766.56236188678,-177593.01559951034,-81457.4655885584
-1613.6143702521804,-42049.872729141265,-165071.82553524215,9807.067594767723
667388.0630640073,554058.0009918583,473392.2222297989,626784.3055698264
40638.780158110196,23749.709861414158,-111879.62290436763,29032.6912720073
589049.6522162594,593097.5826034059,430717.4627683071,596091.3409190143
225186.11640545703,137449.84535832226,50358.4846498766,206136.71479575871
-130186.3988409788,-156970.82320425403,-300911.7249460731,-114441.02479075105
89532.5419517972,63432.488178414875,-84561.4563792646,172409.35905004013
418759.9117833837,256520.2250683544,147447.52844105323,353627.2139097522
286306.47175846726,295622.37441230286,45381.0008815038,254086.48225797468
358277.1595586878,282937.92091468663,165643.69003598008,333742.322881912
297345.44812102744,192599.6904801476,91588.01758546196,244094.85081803775
27005.125685778912,75954.04415870993,-165956.4250620223,32152.254947011126
66985.13928916864,99002.21107973508,-99351.16738589923,38167.72233303101
400682.7818459859,343605.92178032687,273953.6133748271,449823.26224963565
135148.60087153607,128667.21849778201,-56673.187749429955,132573.18818451732
494.56843310734257,-74729.78328155226,-242977.86962723208,-11294.770303617057
283144.2776712561,318554.21241649997,133229.6334756231,316070.3372524509
622293.1851313142,571415.1540608336,442627.1057124367,632705.6481753937
-41362.12875113718,-124027.7708156404,-195581.20887526817,-64489.50323147338
625465.344056448,569069.6335840388,395451.4467197582,553935.964725604
-13284.65019822726,-47737.48530086712,-155978.74786088866,63801.550356728956
72268.63020393648,31259.120364093687,-93527.34742841788,126746.3037382788
524007.7556362356,443837.32308805175,359695.1269520167,549443.2641485641
292055.33829678653,263410.1451430409,135326.51605878084,299790.7927300914
680527.6118908857,581763.3343383765,406728.1437336494,623728.9560797017
-94546.98664176173,-114103.49125573767,-232809.24671903194,-75853.61760285066
160754.58454349206,189609.09731986467,99794.46406092157,213006.99145665497
369163.1852888054,279289.24227873236,108082.8326773023,296585.58702307683
407177.896415503,340419.070705686,227888.98079176643,412222.402022916
222185.87843213067,240024.5737726452,49673.14422568551,214467.39811007248
158429.19746015768,116404.45680915145,141320.9789163313,265053.67040626553
684337.7712614522,664090.2129982403,491455.26385424717,675451.6627923104
245402.97733860556,198641.63263607386,80476.86814367864,292084.08630312106
554745.4812806353,417915.2669571043,307473.95395408664,582651.909073344
500491.1502245269,323429.0868700495,200134.22621385963,370599.1184537234
347832.7690324673,186761.86752159405,92063.02393085859,280419.47956138256
24380.798117914703,-93025.99456282688,-135298.84976333176,-51611.7603393296
339008.6267409442,369021.6815627604,225924.40666876954,449046.20911531907
72094.17847062857,80782.51485499181,-100730.87909055757,92899.79298256931
558611.6097250984,466018.81200062984,258013.53916537215,423444.5279954269
102335.9336119421,29397.922551938915,-85186.48823068885,44190.39241036179
544750.6057180061,490724.1798606744,315093.18859026383,478538.60849427024
190088.03116134787,83191.16172640945,-61433.93911092449,117432.66723390832
169060.94365789567,202713.7172604442,42950.107800372876,156470.1000761392
392715.2315134518,356449.40677883744,225083.28733920807,356198.53146977373
461211.1399796156,292533.0215339775,265489.3796790361,421099.5893886122
314211.19812280685,326297.9947287473,137672.3498096353,327323.9471580591
760474.036885005,754747.189117196,604227.9106239456,738700.8427757456
315008.4414063875,268074.7862713537,213866.97850991727,420027.14811844414
496410.21876555705,469619.9419646682,228114.7787967224,487215.2682718218
233387.36396820308,97052.62936699914,23288.38940588548,285591.8260210478
498525.3769368732,490851.4978501445,260781.86302988685,518918.55416705867
-8528.840283153753,-78835.74742928677,-208562.50673710566,-23671.199993335234
16892.79830571229,-70832.52652618359,-146317.3695744042,108216.54373619112
113304.83928095957,84482.01507341757,12618.867315732641,138278.40884933085
407154.86625911423,406999.894952646,328720.23282264615,513845.75032040104
256065.05313963722,232977.71568920976,157730.98114122555,211856.3139045944
436479.83218047465,333781.8155856251,277608.48807067727,444910.192871684
351420.3254884193,252318.84594354755,206887.75700451864,398167.79761745874
581052.7947362019,418147.6341984576,263758.3245154772,566983.7053542132
79787.99873502413,40363.39979448344,-29219.990563257015,172268.40880798665
256914.8441679394,232556.3726985791,97922.06219084328,278767.8219513473
555547.3302467614,525157.9129777234,350626.279026904,622183.3674022828
346438.53865629516,248695.71080762194,142919.703294122,303211.9354887414
676125.4541790886,606919.2122799163,495564.4134604797,607722.9197532146
408025.23186907475,451875.13211247313,365240.62965632195,474123.29952996026
290097.29601587355,237674.82004961185,110625.55276642833,270701.0993733393
-80148.2093821491,-38164.421426062705,-206444.61625699367,-17475.45071045292
446463.91632204864,455932.0507383245,238721.4484228394,409664.6075070634
156097.15999926568,217091.92438917293,127261.26296373934,299531.7106258321
341814.0852407513,282995.42149490933,161258.05757284735,353987.9130827604
335078.97781449126,330578.47240356496,168527.61382404412,382166.2909210741
54525.45464913512,74492.66919339204,-84994.76845410571,52352.908042583615
102832.43312238052,17529.234898610273,-118443.06029647926,71420.86349914758
666174.2896377842,542223.9897975321,408613.51603256364,587244.1301898281
222452.0491964696,135813.8840296748,32147.855932891718,234338.62250624655
87230.60549061478,61791.13622988458,-30756.21028995898,151264.80023583758
316622.85575741355,248225.30260475946,65033.91495437105,331292.8946800869
696268.4396485707,581382.1784179537,370348.921819406,655280.5169818175
655448.2727644378,591928.499302916,363969.39233307086,630919.8114334324
-111509.46904057678,-76648.28788807103,-337990.4953899968,-71615.48198622238
-137814.23420652474,-225358.35054612654,-270773.147935877,-116603.6232284354
61094.630577842356,68809.76562384015,-75359.1509451333,54757.468505147146
80294.5336917357,-7534.053095855401,-98648.98767141928,22879.41848815704
-37728.66459666833,-10377.523518595961,-164731.60867926513,-8573.153191911988
-105110.69017481268,-101974.83387055027,-202366.34521116747,-77230.71842572844
543994.2302045082,454762.8482779836,326345.38448480424,574279.541583197
245757.3730898546,147264.8288965437,75052.16064908553,257970.53771972086
-54919.17091923987,-88521.26199775707,-216167.53863634402,-59388.33364632266
595951.0792898398,469992.0212565954,350623.5165822725,485181.81123565685
-96400.9744166222,-184411.88155973208,-304998.6800973445,-130414.82913965097
264317.73579322407,211895.6586861061,132730.47290181497,289471.9999702795
313738.45680591464,241056.6992244576,100318.98837827111,232275.38209318777
484838.66346969607,480070.1965262289,330197.6176966303,462046.39185360086
234960.90256579884,80562.41638991307,67217.23659081932,196573.4647953543
349636.3130313854,302716.6762999332,221017.56440274382,350503.32425514737
512601.81084902294,373005.34515785077,269755.68268090487,458812.1864052925
379981.9146547606,322876.9516544626,114456.23706273222,342115.325709688
-83142.60970572685,-107309.74458120787,-255129.77436911763,-99587.5805948266
79489.21353487868,57609.00847125123,-90402.73045266932,44669.70540184947
87544.13428111502,49298.55080987408,-134622.81937428284,35480.78125495091
241743.13432454353,166208.64909036784,75055.16548409837,285195.67897389806
631928.9327098911,571645.3363579321,484909.1938405641,659280.4537874251
248510.03596208885,190013.68863247405,23085.24769266846,233732.0278036691
-42923.22897953435,-109167.15722996084,-212727.70345171087,-40566.65486861364
209148.50565288216,130926.85615760251,7111.079165072064,239065.15707183024
234476.5123024301,181207.1918199897,81261.52608659666,268727.60520551866
-9222.08729384013,-129975.67982268392,-256292.28760708403,5512.382057491108
209694.36491761415,247130.29081207956,194606.90411303786,281851.3197961283
303886.6696493756,236506.50335884164,172050.3636414737,394532.11701324605
287510.96731181745,226685.5257641162,24170.563963291235,229940.02928631345
300567.6854386196,271903.4893388775,187826.2772395917,304812.4787957993
42786.80974874389,-29083.028866319684,-144656.57126096496,84491.14589811536
186777.7007631571,121285.10942725558,-29578.81949024019,146907.24694907805
218615.08716778376,123279.95401391131,-10840.441544888075,190608.45515585016
664453.2731556671,622303.2819770167,389364.9800653546,637364.4186046333
616031.6742809354,540473.3009647361,373668.5981842014,579932.7514491971
613762.0135339899,501282.574426036,365087.5419123508,561642.7023044957
536702.0767762316,440718.67076837807,336839.5975775245,466109.73386268027
674072.117763924,582137.7473711336,408937.9073928358,649810.5875313771
463988.1584066327,340493.2384468602,321282.12388662575,416437.83432925085
381297.17481110326,255914.6037497779,63618.703399444465,254853.85320376162
-108617.27970117948,-142547.90582588856,-245872.42897411378,-103887.92813919316
244061.04766423127,192499.65265844134,-21851.55275183299,199724.39296803705
-78058.14068153716,-169488.39858038945,-285842.43671621685,-65052.272241362836
638081.9429324539,606812.967339505,457503.08551650087,663338.5058163276
118185.6226684223,86777.63453526772,-95669.09406018711,70080.18563625403
629369.6262862768,603818.030179014,454413.9638222711,711890.3349631494
538651.2766002156,494038.479694544,349352.15866361756,574779.8115319756
277975.5808090294,215401.73940866988,103998.71287019283,208353.17525778874
250036.42919409473,195741.30025174527,18449.344872558373,292529.9551027905
213547.53763778193,100425.72959805455,15093.373297300888,199527.58121505764
317423.4802069182,278499.5991659458,124074.91210878931,291754.5648856489
-38851.741417198034,-98401.4805075064,-209715.23985994473,-76148.99456760299
708103.1393702303,635491.7780681893,555560.8065914564,730359.8156090758
551429.6904350247,482903.8722368303,382239.9073486056,540248.7689917821
648917.0071081563,444342.48739338445,383908.9813522642,612831.9735197055
288093.4222105843,210657.56814173912,96803.83736808959,290640.5783820527
56697.51208563917,-44718.231959756464,-149223.62034824723,-3915.7924756810535
390049.8174147147,317711.5003210738,187204.12093132234,380166.28047586966
517517.6359594329,523734.39298167475,396025.61840832,524357.3035567647
-155188.13115178782,-130441.6422400623,-259335.0596558085,-150651.39986442938
453775.3170194995,335005.3820104245,199522.77689383726,430419.0233596915
154171.72176917433,214674.70591191773,-71047.82908128982,106076.98517136485
413399.5115517052,287477.9870829964,177059.62426403596,299722.08716468175
-13678.07357623527,2838.3074148477754,-159697.60111638886,59357.60249966441
17545.25834888732,-61120.024655459274,-135388.6608435465,14232.610161465534
501821.5429770374,480662.5674482159,308738.75057268003,505573.81193783204
194417.8436073349,105597.81056261598,1347.6200265877414,158445.12098048627
410785.9382714975,460129.5225126187,288816.3057760281,477239.336201307
466450.77586414595,408326.84318353655,299141.60442349047,468467.0806582072
160992.24001998384,91964.45462167717,-42735.21731218614,152342.6721048163
543739.322899116,573036.0578772861,347296.49181106116,622165.9522422291
286633.55970674567,261279.7901847706,97097.47813831607,367477.4264789894
-134639.54382584646,-184480.26679128635,-302702.5162460053,-121894.75214511366
299658.72125841887,167475.27365906304,48355.93553827552,229615.70285205543
528817.7542023786,568475.4507770059,283621.0063988508,561300.5896940134
377867.3254694755,294016.3593308277,183320.6224329532,361285.6758852886
619474.9658437758,665518.8018697908,401066.5658038956,742572.0677043609
19773.588388815173,3071.597954239929,-51314.563891139,60641.097789739375
-33002.73906462797,-101970.3232421116,-190460.6034763935,-12154.857006585691
-43946.62899061589,-102957.1830045156,-213061.66679201066,-82535.52776645758
35839.091708055814,37150.70987632638,-186990.8099434601,30499.9151468504
238686.78673598287,250907.36340703955,116162.57717209961,324331.4460143049
-103355.20106694225,-145972.51959681162,-209075.34051956423,-103683.8809560301
444762.4742625386,451542.5150642826,274292.50676372007,510465.18923381635
399587.8841209449,295616.6729024452,105583.67696959793,339857.79793544067
33632.28535317443,-77862.97927159513,-224014.41809893912,10443.24733335583
642955.1999533323,571912.794204944,369697.5889952992,647939.4330980529
735452.2470681649,703248.3127881736,554022.2356195698,822197.234062677
542898.6382239744,442750.32756885234,284249.26176462846,520268.2346720621
-53786.45004238776,-57733.55577270809,-223168.51071661996,-8714.391151679098
709383.1069332801,540027.898345036,419394.5479272596,639418.2075555257
383690.0095114374,326968.880898525,175116.6625740307,348099.5610911228
-45957.934297777654,-103652.42914490862,-218525.07138240396,-23407.11003014591
702408.1718680565,602529.2926327414,472211.2333442896,709368.3097716959
23263.96135075041,15491.93884073,-22889.981580707943,85306.36884519143
377738.0148832714,396651.4338936851,184449.00698170683,369153.14271659753
658782.8152265674,531762.2611920561,395349.17017709604,650865.6241344339
629686.7858439707,583844.3807199779,385290.85884217324,666939.2652821259
320990.70882644353,313276.88691499946,123862.38080279063,359154.9767452837
282859.91199285164,201747.31084182172,182967.15891649248,235412.17303593585
594209.3792728332,428902.9717456113,360946.435496507,475300.12656274834
142889.83368710603,103942.33116150205,-6544.6040774605935,71211.14898360055
717471.8199471042,712837.8897797435,593208.8793305677,758733.4101586745
73942.68965192325,20415.75739641022,-75585.90237440786,126406.43440772756
492639.4794332745,487698.19665200135,344057.98099891236,537706.2392668027
619680.8715015203,552641.0408093825,366105.5731831965,622915.5167066571
602253.2436598751,435268.4136665197,328097.4984007309,548353.2095809972
555195.2419791319,509529.982562962,366197.46610410325,529395.282768058
87189.3966865777,12402.687162446673,-158158.0430018755,141150.4871106766
283695.6070206986,154858.93555969978,128290.51733743935,236829.96736256394
-81804.74583300506,-130678.10458163993,-310900.9794887597,-112484.8929343411
143600.3892024994,98511.21444259048,-44050.893373262836,62188.229793923674
-108260.76874960319,-150195.26393873466,-321988.8606852357,-100483.66079017147
148125.76023052854,250108.93002912728,56172.58012494759,188986.08069066843
629918.7526067614,568703.3135556288,454805.1831044074,580744.0531702996
333911.20132871927,327373.97768743685,119857.13533120498,345158.6720473252
358431.7618988042,285391.1680559621,155443.21454957093,378434.90274968615
6294.982182529755,-50352.80991663691,-216277.0548802145,-28999.090498694743
440333.3252537929,322458.39736563107,236308.0246978756,372360.67328687373
582095.1033630662,608909.1680582885,393566.185167526,631408.4251580215
122592.43457723293,-28524.00746911252,-81521.40675341582,122070.65880491177
266507.6449946058,150644.18050672684,72350.87353977666,208676.09488287114
196429.78172390978,216157.45722092746,49702.88536780607,170199.49996405735
293381.83953801764,277033.2392703969,159237.77124904352,296481.6627771042
-57353.656009553,-130239.138872921,-211664.61147983227,-65770.98265716957
196444.98728372762,273311.86818641366,46787.788025883376,305666.4846005759
234950.98975209985,158832.46891602303,74728.15223399526,233352.84496400633
183244.51744893275,121555.83902157436,77903.68220280099,139028.26052573055
129978.65608010103,150421.82334567793,37596.99198537588,205933.3502554153
224472.2286699022,170912.9731689029,22698.97762276628,218454.44290066825
281344.6773884642,192938.59062050818,121316.17980403046,379407.4400968583
9454.029223229387,-13815.56491449126,-209155.00358974497,10347.673451229639
138634.8864005023,23915.831297991797,-89478.50864643196,45015.71458231693
374900.8334120859,303713.31658061594,132311.81909851602,386125.94743350125
-94635.92597499408,-147401.02107351617,-241712.09650931822,-93230.55205186992
265733.8362970422,225296.46268751612,98543.42399524071,239958.74585149577
-79092.80635514669,-143084.90388556785,-279924.23779784335,-107993.42650601134
470475.60622378683,364601.37582096143,297553.9652845587,461521.7785954622
-16717.211947312928,-137830.97779094888,-234547.2134293178,40291.577346919454
322867.664353732,222910.33882999828,105514.94699225039,325188.9057389605
205340.69624849025,195073.6801889718,72438.0167714915,211904.24559318437
588309.4966913334,431501.6323364009,331969.30721817317,594325.5931726024
606218.809057082,508874.637885127,383785.98701209656,484272.6890821365
511285.0453237522,430634.94028007414,351078.30892453506,544077.0922496667
280555.6098304379,134047.15185590019,92542.53348074947,221417.04046850023
237259.73274343065,239213.57850186795,130811.7158636573,290625.5987290293
6296.92394648632,4406.660732452408,-200903.17188266432,-3895.72218660044
489774.1209688982,395692.9128538257,272441.175066211,453928.5072962878
160224.90523384686,146998.84140607214,-11768.776629180415,232641.47506171686
91041.80072272685,60014.8046862341,-44833.90580251033,135636.65264660027
-140297.2678047159,-213885.8563976391,-235683.10519398138,-160358.6142140315
547652.9835508799,495027.14321793243,318541.8723850448,530060.7472639364
653471.9811615958,566885.2036256648,437654.1424133732,691233.9914215615
705570.5207629069,637554.8281367689,447602.6229432601,676214.8498792686
494340.2937596161,472966.1561700173,388161.49790555134,501802.34142243967
448886.21858713997,463938.9196690987,245285.44203876215,541665.1302238042
210415.66178104468,233398.7844246449,-37062.24706510571,296420.2785510778
306505.0062703262,258669.3621882823,99805.96393207391,333043.0764665883
397616.64529412787,332816.1132474175,294463.8965298713,379564.62019255105
594772.4914611422,467537.32800858596,358333.3089705047,605525.4652829117
123258.5323275876,96556.68696199043,24561.854510138393,184234.928217998
36592.05297328613,-76246.35559496109,-120583.07982045552,59837.54163086682
622162.6330068642,640262.5169529142,388729.78118748346,600454.1145622602
575188.3698278458,565417.0623278127,426159.6548444751,611269.2729925802
595104.9829853615,564791.382713493,447335.38516138226,682136.7890196671
268990.9784811279,220924.59640984645,108727.11050201429,329508.1551517864
582509.107651925,527844.6840938139,329258.4729475613,585799.6663475181
-98673.41470139625,-71202.88784687722,-223015.42155666067,-71988.32601851062
457766.70908983983,340923.9572683256,312325.4387836916,465503.5209048656
318027.8225276327,249372.34956679004,61537.26108631445,377268.37846001645
340709.34059340623,361158.26560912933,177724.75283124053,384093.0691369233
260099.6461930942,201947.6277546105,158473.57176664122,297986.66995543265
624670.6699370341,492135.76350629167,410330.4799095531,580085.3146132417
270105.7883593523,237648.69555624563,42820.93760144664,315736.247649582
115791.90906918678,-21211.445000231965,-52809.67968577484,30760.92704198102
178824.24520996434,147438.40173366538,-33339.38221066655,156236.12743989273
349243.68229006615,272604.2799460867,133683.66293322563,336061.42768519674
158381.10325847683,96263.64738479024,65150.40898629103,164042.40416652127
-85289.37204933498,-277086.6717448043,-301508.2691039935,-156413.2823744397
257033.56061908999,161739.8888582975,40716.6015739952,226641.99563587294
571851.4958923098,474815.0476325458,292001.89832139655,529614.1031747086
25547.710421335185,927.312679097522,-103878.52894334705,35441.122687109164
339322.06727352657,349280.75257162354,181580.5467570452,375130.27766772057
745492.2991449651,710977.8583514981,477789.37145862414,685977.6932848999
515711.4528715437,405756.26547179767,219407.36763162515,462698.987082356
307772.86122759257,326757.3452763718,135195.4902899817,344243.83670860226
52358.38243793335,-79083.70571739634,-144162.42388438276,11855.355523923296
244736.7255883515,218282.7341635942,85593.57833418134,261115.5522364236
-84732.6213314684,-181700.75738401344,-274428.3160375,-57598.64805092773
244950.97786132456,239917.44286226865,152064.7236355584,341330.03216109215
74981.10914272838,-68991.65157132968,-59142.83607267239,39794.83845295035
347365.45523400826,242798.0497723017,157251.59046357695,340093.4342652346
-35855.73698137881,-48970.50528142997,-162765.64116326167,-48436.56664000894
392109.3390086839,358615.32051014353,260785.09592514974,408675.30730978644
401857.16611815,399467.4996871515,279160.00505297724,443895.50124866306
294328.6651163135,186998.42078925716,99869.45081539871,257927.14023411414
715470.7624783332,689837.6463311277,474968.54736854916,745887.680546691
456227.5858354799,289605.6856359921,167120.2107779521,392014.9844770053
-110392.83361708617,-165868.1318506811,-269402.7512725062,-131210.51131196413
88160.49684789765,76361.29489031341,-89318.07596118946,116616.09382050822
203319.43233174447,112795.19455192622,39401.519355125376,229277.48958506924
672426.9644082633,621547.1407757045,434193.6720554052,680780.3238026055
462535.93440157943,294691.62660602015,225058.79347475246,485285.33253926644
4526.870223539765,37839.03211988916,-146052.292667977,72794.47594090551
477272.38423025317,480745.1958373268,367902.1416779021,449076.4213796732
489459.925134473,461101.630396537,251264.52029043972,536929.3448781999
49832.0620802287,8591.573294414557,-120336.75367056928,35853.954190503806
-35254.729442626645,-56606.799323398736,-115128.53365341434,-25076.615287293564
166568.8547700463,105349.25066693919,16.303279794403352,122830.67445690522
102871.33914400288,98873.69081050716,-23144.20954562421,126325.46237063583
278249.3999919881,167012.01792374568,34554.81651612569,266568.6841758648
602291.3533474547,466271.0726229347,305908.67547268886,541969.5229004275
473845.4632075138,468351.43745932553,347038.91281897016,575792.1690892801
626118.8184086783,565413.5727734948,476153.3503249091,614915.9396623294
447687.5309913331,399058.6672889537,203476.72250632918,436981.3292701368
256049.26158683328,210404.82578476612,52271.25366585527,295419.65224586136
-179068.17417532206,-190289.57914096472,-271667.9531387476,-105800.64816094708
301494.44201088743,316338.91655750235,46297.52843809186,222257.53197944793
284557.018703384,205222.70127582527,107211.20581631316,258342.78501501307
614217.9163273545,480825.1247838078,420506.5205352652,626195.6450575667
666822.6923833909,534649.6957396942,385828.1316241465,596256.7123583672
188784.15809549822,46482.57674159284,11598.54581200413,122880.55956256506
172023.27018949576,215025.09586307092,30576.472765990067,231601.5574003018
150062.65061798797,-12729.943505955278,-89816.85715474258,50790.18865023309
-29263.648549511563,-86781.06531632866,-224926.0408166399,-34752.52151317755
365924.62908247544,314928.1000922249,134186.717052139,418011.5079548131
7730.11047986534,-89051.94742328941,-91770.42504077556,10976.20435498649
326098.81031353574,320390.75544585835,158879.41615229764,359006.891477562
106505.73226007796,-640.1406963766785,-69969.95996061584,94887.17121108517
13702.791881054756,-203698.49930294155,-230002.7835046514,-51517.71008486394
-54828.66190134897,-5477.728455892648,-143000.80553826533,-34331.59363719961
610091.5971090263,587150.2847097409,526082.8198240421,661892.500936144
64054.277208804735,-60614.169039696804,-134139.9038064237,33210.389561398886
141512.71156798129,188338.04093737085,56322.785960569396,253225.09489929443
122723.73609840509,56639.212844144204,-24569.41709786572,163314.07958812884
454917.5571244926,449576.902061441,323734.51757045335,454904.90696243395
16593.41987827723,11247.582109085633,-142763.662477555,-4615.75188788533
653498.3197193076,640729.0814837473,435307.0845530754,722279.7940551538
-119817.70419334108,-173856.54648201598,-315412.193676662,-84494.0136653533
-50091.40962038044,-102505.55744207912,-279087.3266020125,-29172.52882701921
-115200.83002513775,-172839.26161826414,-232592.78013129218,-122168.69534154824
130159.68166037451,97214.34145449637,48542.935856308555,111522.77416228072
243627.15662840474,168000.49027930282,72866.79401246272,291837.34455513535
-184284.7273013012,-184154.90164867084,-262805.11441486917,-153606.01658427785
581347.796269682,647227.4836645974,464617.5789872735,715075.7645788488
245742.50418030203,269186.97230661917,33166.490880752914,196136.63684806065
-24994.351401359832,-66820.30652664677,-149029.2274329837,-1453.5564766788739
54806.33197560767,-38462.360303619585,-87018.64428361354,14825.463084147079
-128957.83882692456,-133401.81552271347,-290812.06448351324,-103547.92487932881
519483.42246592976,424908.62384942826,312972.54591338884,472493.9803831249
505811.5583620061,458137.11175936786,221526.8226421465,511891.77456881374
163475.2429609584,151849.41469344695,13653.933392374543,116026.02407245908
269749.6259945902,251964.96962875698,115989.50234112202,229032.0807540156
274384.8319402777,166111.36162113852,152661.94692014554,279807.2066705206
118986.48077276372,38656.765598832746,-104024.04838161625,144522.74742425862
-81328.56519230176,-103692.93538005924,-255468.73917538027,-12489.319661719375
688503.9750643249,506059.6154658296,448624.35240881646,666493.2921175621
273821.04072583397,150088.59918242693,44500.53512158338,216143.48114121275
622076.5563258356,544783.2488968878,370630.3900663479,628746.3139502276
571018.0374549543,446894.79614201875,340634.31271163456,560664.9335288228
-25502.102385113365,10513.701670450508,-140933.08449133008,30841.02302322688
623826.9683282152,571104.3008106905,407573.8025484284,621691.4321938695
180411.08497202606,164618.40296207543,-20240.71501872677,227523.8122534809
478865.62110551307,430398.0841268947,294449.7946956268,476449.27079197427
456094.73931390385,399128.09581633285,244192.25992928515,391589.5674879658
569356.6214999678,477249.4931456648,378348.3447718581,513493.81226426933
221727.72848929837,189741.94858214015,-1508.5332054960309,153082.29235275346
-58259.95805428084,-31564.178414124588,-219607.11638412136,-55670.70402045641
661646.252816722,586960.4783476719,438589.76616946317,682723.4855653045
570751.3311594906,483251.9452288875,347304.8390770536,509488.02256281
590456.7725323418,581125.3410275355,432905.59345542,651965.2084604804
-97187.28210372262,-112549.55170357414,-194212.47627383773,-54921.7643353428
474387.12047986756,431966.3243248692,342558.89992519806,558916.4416425836
491253.1309662879,424520.67806336575,279467.6619456224,520075.059894825
-101676.25140135572,-116134.95123146323,-194362.17569883418,-102865.63152068155
53661.79229988903,-53218.295928869804,-104275.55937999487,114033.69593099202
389184.81211087434,353040.25133096916,174346.8679259295,368393.44384756533
621512.4056061765,515239.0811353575,499566.39608988643,559676.9771393649
-105641.6478933334,-104107.12994055462,-245397.00730766298,-30592.95865709352
489270.732327805,449906.13060477434,332319.3833656199,598026.0048316792
25866.13134059217,-8467.181323084515,-165972.0747177237,36043.88340035034
670452.4490897758,542173.1378711273,465666.83477625216,588645.537274285
271250.5730259239,231521.66996813903,131669.5774785052,266822.87408064865
57293.07231766253,92052.43400497688,-49108.53778392065,79473.58345719404
-120003.91564456344,-200521.4019212498,-252255.16833655722,-145217.9459822544
585307.3519865992,556296.809472231,393429.73002385104,648409.8626614849
143681.15642486606,118071.51819788967,-99471.78740937007,176447.68869690283
89526.38605392701,2709.66623486951,-115224.43591271958,7032.393428859592
323557.4749113413,270076.0844903897,79971.35489599919,319992.4933836905
101116.46835184004,96910.72017471166,-100199.20726670581,33572.73009332351
744690.388538528,760173.7337466385,486660.78743266023,755470.9941108087
459885.9300767991,335735.73507692164,154409.1403090444,441840.7961359529
-62424.15533697087,-91959.27987618733,-272893.19053984433,-24191.07066139992
14865.333933130489,-95660.11151150009,-150760.27728140948,-39160.293624775135
535591.4657148512,481621.109898882,289727.29307336,535663.5993523947
-29459.280715028755,-108763.68886233907,-246386.69411337358,-116060.69342220353
446546.2618032802,341126.883251303,174450.0112761705,463970.78458182607
-192600.4327915468,-246213.58027299878,-270245.96717022,-152482.3432616493
423739.1174310988,327484.7841384342,190988.10919443402,436254.16804902395
452304.9143173699,446033.5563409731,297703.208726818,589179.8060460484
279562.1422942969,190620.8562895729,70483.10471591388,232228.27739940712
187696.02345364064,133823.22862140776,6077.566433534026,208861.76380752504
38097.24893623195,2530.74283356301,-132665.3604803586,52566.430666410946
472692.395497037,442872.20520397974,277208.63759107236,560123.3077178528
165363.7771924046,155471.80995358177,48988.11309945292,219906.0169990462
43523.744856203324,91817.80094626942,-114845.2347145055,117002.10612600506
53057.86959335278,49505.7047704265,-12557.500019961502,112832.32459426892
411990.63431319327,360386.9831897756,248062.95394705702,424727.62585223315
212495.09625657706,106622.46136798931,30253.24011595978,231707.02591531386
325331.47897329985,353648.77611045784,213278.29392475903,248661.34970512986
316578.52015240304,216574.22747796855,137194.66953792225,274004.21280187275
412725.877363067,323657.1406940379,149075.62659831787,290673.257199307
130212.60695954808,4059.8798564816825,-99720.7093682515,80176.86074844026
633229.0653965655,498941.16318600345,430968.5814320793,588057.5205970025
415498.0274596828,373802.6832434607,266584.87085059425,402011.2338527838
604434.5537597563,577256.0064778456,451131.4835004759,615444.5732901348
-83741.74923143006,-118732.19892687886,-200813.1094185277,-113939.81202017586
485069.2383543225,463717.0180696724,322308.6760597086,578086.116586087
515630.0808064828,414565.8572667788,292482.6831730207,533196.1152951642
227706.24891756475,197900.66037495888,14809.085280701634,118269.16273353528
-19262.399707231554,-60169.26878405857,-158364.52067903045,-44019.84251367254
179464.40327022178,33919.04145565373,-49206.82210717257,129491.57353475282
516424.9825978016,366954.7873159569,335913.02296220115,512535.67282779387
365966.12546934455,319795.6599260492,228119.40939569462,316399.79342436383
-18159.296592876373,-164065.924140019,-241433.05344521115,-45564.93408846576
-107222.95167227718,-115514.8438975052,-158991.06417154951,-40743.40970014292
127353.56755729602,26628.136758723413,-54816.944479965954,109135.62996042578
604986.8383070314,577957.5405014046,458175.7541723527,583317.377817557
-16165.326919205661,-45753.032533906924,-197651.72283266677,-82713.65847296827
424119.1132174565,484663.64138141205,395886.32793556445,595603.8906818263
607385.4279576922,639417.5350340873,415688.9435863198,632815.560178437
647266.7480861461,588464.5574371992,479555.14433195454,667021.9471331139
112767.48039393872,2093.4424982295604,-161100.75574282184,25935.305035061087
46886.824624044355,13163.115105395322,-62068.093036639155,112612.16003523895
486211.4911952254,473602.49647223344,298247.5898058801,472100.59096403606
584598.4385946451,630871.7261407569,462253.95197865844,730823.6883668837
316069.0320658055,212081.4941127511,74591.98205554101,284627.5948155094
295737.59519031073,243832.79766618623,136917.05164258904,319908.2787691251
143747.3947719708,106824.75489650003,-1708.5504731863039,162883.25858366617
195486.1249726785,105344.5415665236,24052.92449404602,189862.94012610917
513418.6447058397,449752.9667960226,330496.18987064634,532275.3521400169
448324.49831703946,413111.4269589097,289468.4128230752,500458.1583370416
28905.03481894289,-109110.32500916347,-156678.69681818853,-9800.610926946043
554420.7836936994,490866.1044946989,357428.8315805363,638707.4035905113
181575.6484137961,7823.237389981048,11229.424106832827,139122.45745916595
308413.25751685665,285778.3357396617,160608.06579658936,304322.8998867003
471878.76408042014,403398.16870555666,272432.8975791852,415950.75923805207
-54104.81941548124,-109782.49082384794,-248896.06918414688,-11919.92309915903
-61570.530953709094,-116068.99503920239,-285912.0493437776,-48263.007724622614
68318.12299787463,-13616.46777829132,-96952.39129348414,53854.09169885435
188784.64209806803,242155.17972304334,50110.54716185469,240754.15361644817
66992.31515188538,-30273.350665407605,-105648.67064429121,27123.807262245333
-140312.20632675727,-160412.1613859377,-251304.276816222,-139080.44686326734
-103704.37170299864,-38716.8136723598,-211554.69012670527,-38375.353867991245
378690.50145121,321014.51190658356,170524.84241231158,361702.15386586427
-10050.990930912667,-53252.433222289954,-208123.0435654979,1214.7848999137059
110618.80244355078,72277.29959457391,-82853.375248758,123568.23163228633
398552.07501660776,333624.0157790672,242069.45199067495,428987.97618124133
558833.0112490917,460918.7755652886,313507.06173525576,478046.9704413102
291189.74701860186,133866.13181167748,16854.24714256078,234194.35900774016
737152.7368294096,554887.555137427,389820.8886364497,648080.9507813805
669144.9981413842,595916.2022221389,383487.44954707427,531466.0069977148
374533.7684986207,208302.83476174914,181986.09216614114,342375.87101482623
257352.73668043176,228399.8551732439,41455.32759337628,200811.13723264902
653342.972988216,641878.8493984095,483380.8977871643,584723.4010851071
238003.0843804928,124652.23108895705,70839.62832649949,207156.63784203003
301575.5480120705,281764.3902026522,138787.1942214775,291083.0362691481
-31172.714260346896,-43531.307803637,-192631.7378864293,-119570.97022011568
501087.14857100626,464803.57674135396,376174.5761758713,521966.82134135894
263134.003652239,229667.30783237424,41252.206447033444,270447.441181656
-17825.52596703422,-39716.14717580698,-193630.18799291528,30164.335409923107
118198.47768970835,64097.80072374421,1320.5922370606568,129837.35320139071
611730.4714647315,393891.09255185036,378164.851354572,635999.0940137764
-90696.67034243298,-170247.46995095955,-275011.32655616145,-128844.76320378121
332320.3556508552,321826.79367224325,169932.7399683504,269756.1435434839
446253.99086606177,373927.9127137292,298816.1012192727,467936.6799134237
314767.5108182286,226653.15781727468,134198.11091265653,348655.81165560323
166291.59315262048,125676.7865763494,-49215.68129447661,118200.26941803587
405956.2980918726,408960.32274021476,201720.52546115732,422188.68458670017
301358.08803542505,217967.16309015814,92823.81484526594,197619.09154818417
508063.98900178226,470389.6740385265,394409.0383506353,557212.0488679456
-42577.709050947975,-94626.14307647373,-233847.22383925173,-68418.19556586212
448659.2255988561,414601.38162825524,307886.0406005746,516958.20281579194
392978.2051724916,279623.7996309106,194734.7943103537,417227.07471197506
436291.25921022054,333604.81596402137,247903.96690176975,382164.52922736737
292946.31651992374,237120.22310270113,98642.6503321185,281764.959200996
181069.73877295654,146505.86871257343,21666.5031691849,224272.23262988508
570463.8788286457,481559.2190413843,345906.2901381892,592573.8087713548
697401.4497636869,603201.9238997446,473892.1372805174,670471.1230129111
295528.8059159955,190867.9673661323,118709.4889680018,335723.988410919
101011.29892342922,15438.598466779105,-75871.69954197272,108084.71393194876
713583.1499274177,633489.5616779365,462366.6805772063,735373.4489209398
316539.17489144567,321051.5404049491,134521.0561181918,392789.35393593216
-93890.2342945431,-108364.56730054587,-280068.48008511425,-97264.11456549598
556676.5120085552,505170.4045154946,319324.05940202775,504552.9006552743
255600.01808360592,200969.29158203257,31660.900417951285,262334.79375354573
728446.5885331205,674137.2310017145,535801.9261821428,678912.4488378374
392461.50648665393,301421.35716900986,178476.1669320279,340800.1250114897
106641.02477278025,114416.48927066545,-55981.84609465022,133406.84448903357
350333.1174550487,249883.5360623937,220278.72492108215,322728.65589570266
531537.0034566382,446579.2151123204,307220.98023369676,507911.33133236016
363250.51788479707,334776.6123174038,194877.52667855914,394308.6716617795
543043.3916416239,443107.45756311656,317967.0555168891,585058.9379915416
-22458.05956724647,-62564.883724739775,-212743.69270919368,93619.45109779108
82086.47647892102,46722.35193841113,-135139.28922463814,49589.95152631006
310260.1313716351,231250.008815528,54546.17223166453,201828.78616615816
477722.1627507928,446643.7628364621,224353.0883561693,410739.979065825
580734.1759775898,395477.6652587091,381805.51061307243,633088.706527963
547557.2481174783,497967.4134738466,375804.0741994572,567771.9141042165
-134167.69322495,-138094.01023290737,-294752.5463777327,-74416.19221221807
155711.95259203506,119866.91781642789,-12730.67502429639,140759.5539386404
215331.26567525882,169407.714673889,68353.26659454592,260164.13893306965
4326.382466312265,-95684.98350672272,-139628.17068368266,19743.348408397695
284197.29967819084,228532.24866713933,146506.99993630534,297964.93377929623
223863.287695789,145942.64796777372,38077.37468013703,217031.76347284904
339819.4988907466,242674.29545133514,92877.0090977198,334349.97739929904
90834.14486139268,-26300.666060920106,-127856.9138426648,121897.89260310144
184174.64751151414,138902.0453444582,11327.30231114407,225849.01943404775
289492.86707917973,242274.0107607973,99935.49475626554,278830.42961617664
346391.55167148844,218133.83590616414,133105.5208864438,311185.58035778755
-106314.62214593316,-177254.6842752967,-252080.38426625257,-164570.60075403185
189395.26281681936,165743.19942601165,3343.772857591277,177309.94230526825
282797.9836858723,201806.8575563113,107731.15416979184,243961.7830994731
78683.48469876498,54100.72980885557,-48963.14885566966,147407.00676093053
229399.1422939793,131300.06227234437,73588.49243657256,187145.04965646972
684547.8158302519,496254.3211270289,384317.81679417903,571395.0544478267
312605.7601918952,281945.0887554772,155537.9403544676,301240.61377539753
90116.68167633074,93697.53394833987,-43939.23792935023,130785.6190594217
138744.75326927903,121239.7687777176,-41415.44627320871,138672.87667538715
583254.8291426471,511031.99865534646,379386.91142854665,579865.2486674662
311341.02822811913,275630.34323506826,112360.16286955925,247266.31849218172
345145.6960944239,242574.02903931984,214807.3608623935,293825.38931713277
528572.3143669538,512125.6556508208,413147.19848897436,515379.64549071016
264551.9303294377,136686.96587469766,-4011.752320602536,156925.33519358246
-33754.17636542383,-112661.31598077284,-170767.93939256138,-46396.225458342815
7632.230025737081,17376.72985731857,-18621.37419834535,137103.05744996155
440720.5035310226,379006.0788236263,186399.0091483331,418389.0214301039
304495.6970126808,132632.62625183468,66016.39099808491,266051.8913417787
274174.9161933197,192977.97380133648,81716.26670688647,296912.6143854585
483842.38972584007,381786.24943308043,228747.01130038383,506757.160519256
-85343.05423114036,-160856.0520734408,-261994.4963943652,-148601.85380346596
324598.9275296377,243138.58414195233,182050.42829927604,269254.7693046497
145640.7794965572,103936.94485123956,-72810.62577449367,127754.73010591837
379888.442163775,261836.0921159417,138612.95728760143,392231.84429441683
29865.85263789317,84685.25307534286,-11306.760659373482,137859.25789120933
362953.00193715235,235980.1812488041,108920.77537450579,339238.23531006323
416857.8586409474,337129.9552417442,194648.5979480159,436053.7949198205
244047.14124079666,199040.97396652494,99497.4504344879,237519.2183197243
493613.08100130677,372104.99197904824,253860.24752615124,504010.6657564327
627283.1003915519,580883.7137535021,463932.3090656892,637810.5700034066
80111.52100323117,10755.58291979949,-157012.54487907497,102616.44643599901
533026.4592811338,477289.05039946234,329754.2986931638,496874.732754588
388006.5013818466,250554.94321736728,151616.88755353307,329451.8863051287
-154966.22278257023,-156686.98511146766,-363157.01822953846,-105811.04341008916
611510.7709800699,537796.0989631568,408165.57639017876,670211.9409853441
305923.37991698075,274095.02781420865,176248.4888011961,315164.260828829
-9356.149215549463,10926.86400183267,-111995.9990761258,3755.953671414114
138498.36275798944,100656.8453325011,-42415.72062404605,120117.4184305605
206749.6853995421,123484.50631180243,-19931.281987190712,151075.04358388146
201084.72333056526,127070.83376637427,64365.55860183516,230618.42626173538
340224.2858534126,189853.29198442842,127183.46427037648,333550.9862921977
606202.4753894825,574114.4042707558,347606.3321392678,490849.22163225093
122191.45458296407,160185.42826829152,-48987.87164953479,140655.38772569655
-132101.3774328666,-146818.86311754066,-214811.58602657,-137771.5192406327
373346.6031049739,321187.3401255071,196828.62796021823,342591.68817358057
41661.04461225867,876.1989911727142,-161029.28647643776,-10920.169705809094
112373.81026219984,-1067.334482589271,-87251.60671754426,110543.77522259764
128541.950396389,81299.55118929665,2300.947684523184,122487.97220253758
652203.2572256685,474029.98954607185,404647.2056766994,605331.6364422177
78209.62674920121,-3032.066524349968,-106876.60404826328,103017.59460162965
99499.3867492734,25460.20918262517,-121327.22007690824,44758.76652745681
426047.23428259336,466616.10568502196,182389.03269879532,339069.66151244484
97012.78022730863,81437.19259205717,17870.18125000305,105943.5387809159
133947.06639468425,2418.852049207082,-98602.99639940204,124368.43231534376
457240.2883034237,404279.51133672753,263493.2804235775,446153.3597521181
340567.6437325182,256172.28724211804,136148.29795841745,247199.47834951046
237970.68789203488,194702.31210769713,167976.6330835577,287271.5104788054
285704.00390058465,147584.6080638531,63906.02947628463,206878.31848549098
366183.51193019375,239929.40254066442,128194.92119852081,367258.3981005014
-130757.2717568014,-184724.86768071138,-287293.31492672407,-132776.57255919604
244481.58195934212,160330.34097229852,69083.76823591301,257349.4928827281
633237.3042006879,594248.9628240473,474111.0987394665,662659.2270254579
16845.038529781334,84084.85652901535,-78161.21297552541,20421.461652720638
385488.86078960204,421294.47672200494,244399.99241653632,447794.0019229705
498958.704826328,467606.6098824837,260573.8733131626,443974.1871653041
204101.67708026862,91588.51150732394,-31125.85939239897,191975.47834774328
165222.14096824056,108544.02357727336,28293.630960393697,179939.75515160116
486855.29211189307,536929.9416477601,355011.8258233889,452207.183607184
752113.0405027852,596694.4345583618,461480.9084061455,674651.6593059148
96876.32256367081,75775.0889889748,-62550.818580814754,213375.12412644352
389901.7056850024,410879.84340938134,252895.24090041104,474915.73339850537
454640.47475284315,291878.1472971542,113291.16316853405,433095.9565451507
601413.3910818596,459107.6391418858,342043.0179936895,580951.6031696568
644314.0861376051,550142.2526180677,446602.5053909585,551767.4715528926
205233.16248707916,144404.7713254838,-6930.43265840807,203010.77049296186
302527.83550903795,223367.41311368113,82038.78492027253,253986.3091500731
124863.51311399636,192505.0960295148,-87918.69934732385,159352.72242257523
280439.24929952295,210734.44030417374,122510.71459185844,199855.36280085566
145497.19172001723,108030.25353316066,-109831.95422611816,109936.56620305276
286614.78994412185,217600.98498993553,100717.7136871306,175694.120446236
560533.6862723706,435536.42796297907,378774.1221495428,485610.2750895502
315803.3093337142,328151.73527188564,131339.32789738046,378136.76489681494
341113.8448788251,292804.6788360473,113759.49220855127,277923.6887393005
607078.2066873345,486910.6237272135,399810.50332395453,592258.248299181
33230.15474080993,7470.153875059332,-173733.6095266617,18608.41959432402
642816.9654114444,526732.7806550113,376855.86916061083,586260.9294160833
338648.5285773078,264672.28793968714,172603.52656258259,301680.1544317076
429777.67536062293,370323.2830460401,237164.56723788253,396792.3086855487
475227.06390253,382982.18703709636,246980.3149290504,483728.2315527885
277207.0371366219,216657.303922044,150388.1105992715,313820.86651136645
446426.58523529,345409.4740528087,201952.79472650343,419197.4744008202
-89057.04625640251,-205123.6561031267,-328485.318523405,-150372.78877927648
274582.9521375183,97018.44045176962,85418.57165822526,182996.94985993183
394415.11059917626,273212.2209555055,162499.87315684627,384046.2474916377
610571.453541236,635471.0720316973,463849.3661440584,567355.0564634637
409115.9836749482,371338.52977288235,246563.6455006305,359305.0228815781
577299.302511039,542546.8634230159,385915.36630439013,573522.3462048229
139486.88159627235,144050.55149969237,26271.78539899108,152797.159616992
306284.69591614837,250699.6948041902,66234.46120682324,313530.9871752205
177755.2677594081,111772.95013762312,-431.74123546283226,199068.2385043864
-38144.71228522231,-67037.41292905842,-236930.4978383269,-17085.910009343293
94273.9527728901,-34978.435147839074,-142245.8744049574,26770.272816030774
552913.8893712594,487875.50304978224,314641.04514208355,641983.2686130705
465458.08857442066,379088.4410370027,206568.1237622475,404041.2484534463
-40619.02529347991,-111008.31282234855,-196181.106606977,75300.37700514286
295679.8147617122,215452.08182296087,78040.704768806,270573.71495830035
461080.1273875048,369073.5137227137,265763.3377460799,506202.992463844
518154.24466923997,462440.68051535706,330633.7430757928,508844.9763436578
-108362.23388199671,-142606.7415853165,-229425.51678543532,-110977.22825050948
-52362.89547720837,-123703.17236934527,-209000.91696282953,-91372.0924758566
366970.78336432006,329620.82527573186,245131.21707289375,451503.04567751416
-200648.57257889397,-196341.53941878607,-325142.006052595,-197814.92502611934
200506.48264338775,221399.32930551853,17528.478700642823,291830.608917305
425297.7625961901,275151.20590380207,285438.1245177346,408859.466324762
437529.1423072354,400050.95171030273,278087.0210835417,501822.89971038885
62828.11918509938,88949.71119629382,-20863.35198613745,70187.12633363786
90353.72731612052,9593.96130342735,-81478.47176709166,123986.37453971792
-16601.79907549807,-71772.60510848515,-163165.0765875312,-49710.18107410718
616699.6920699722,550674.7411159698,459373.32022150105,559767.3290530574
201487.05455632426,98243.84035188996,8117.351605356904,261803.62386249471
624000.5275512254,474064.34788206697,405170.7481667915,572492.3673695393
11927.929384884308,-26341.99871196295,-134613.9419976705,45259.76955665753
177112.98955018353,114291.35602541128,44262.477090442786,206485.15727087844
614410.9282222351,606506.3345599556,368307.975427023,711856.9393116778
227903.51072770578,194433.6019436206,76071.86156540096,296826.9616598446
198996.90681079088,99553.98444050096,-17554.514358431683,244784.89709967445
56195.631482211524,-92722.99180424039,-40024.126459775725,-24825.46280136518
50291.272591161774,80467.43307707435,-169559.9941687155,99921.55909570586
711961.6077919477,618457.5518769783,523573.1385652585,673574.4438904794
-11632.391273157322,-63393.63096089673,-144691.51092440612,40537.31834282819
319375.61601569166,283435.35187915445,139432.059497179,331215.61834678997
98443.60202638037,191558.5172462765,5085.6478932300815,139772.22810605343
167911.73299876705,139620.78318100818,-10701.968371034018,77487.15518211655
581973.5124287563,414807.3224160392,352403.71099818917,578187.4418812694
-117148.5435436191,-122917.56636138452,-255815.15436485142,-111033.78128889599
610412.6427409796,493415.8486472154,312720.5561861206,542563.7576646131
180826.66379899567,151720.46374619694,-11256.086252113222,202201.87262150936
484132.4827652697,408803.57642629184,363794.35961077665,470050.42325651774
-153102.3269542792,-174014.08857439586,-292345.5639723886,-75112.74988826661
-106980.30970874062,-94163.03033798095,-236203.2475069497,-35566.16037432698
131122.17173220403,44975.03004183411,-39170.29220671789,75022.80108224996
628084.4409464961,571553.5542311964,386371.12552130583,573043.1651175795
600439.673742451,558541.4699665601,329367.54740274535,631725.5868002286
499034.6495513279,309938.3775490867,277123.4102088455,453215.83463679696
141767.97755075956,148971.35262980463,-18628.260319928988,205439.62198773096
482934.9012112791,427060.2725406601,287991.51844821894,495567.626623243
280696.53806892363,280653.5248080767,164569.6045140552,317983.5234877574
-65728.69616120122,-122764.77291316021,-166589.7009280193,-16397.28276897827
292871.188684748,256198.1515360215,177079.37393480842,339995.4680046076
562154.5015043931,386286.58739210444,430021.21893747116,635507.0096056282
460177.51254161075,342299.51767878,213306.85907947377,471777.8907725968
635285.5879002188,573349.8946186551,488064.0194587981,648190.6784876578
627963.8674090996,565795.8030998979,483800.4577465962,531579.1860944215
77041.46611618227,-7899.943736286601,-94775.21542337933,121365.57619625621
244637.02259021462,212846.38963470282,34311.9610096307,209796.97055233514
91450.16745144431,-51164.34283594671,-88867.75926300464,102879.0290538168
493546.7534602628,396044.7084328835,210073.55717901967,433407.5071919552
485208.83156087727,336233.6094967661,347710.7163158577,506991.3960532949
-103022.4115625408,-175877.61659741384,-278600.85352127417,-59748.333316210774
591148.5486316809,513222.55920323334,361637.96873399336,654425.7905329072
502967.0195432295,445564.1396883938,377012.3775219311,525742.4243546037
-74954.62855656398,-106916.19050727907,-131531.51133676048,-8189.374554461683
248918.42917002097,150960.1206302693,6184.471804113942,199850.06179958617
223928.68777493015,224854.01315202983,94047.74914110487,248247.8089905494
37857.977872931864,-79240.09327067027,-115415.12914820935,132446.41449695616
254580.07147316053,158744.282760032,90778.72688656708,190534.19540967757
586932.3845389127,476622.4902464801,362530.6993050467,584834.6631520053
584737.2970292694,551113.9261093216,350332.97872772196,590967.5487853372
404133.43557145447,311912.4693843839,125520.85695064592,376400.670244507
308445.4473540941,172166.60826192866,131027.58005858376,224855.46582173347
794692.9241014253,656238.3876539948,436076.9678238699,724867.7931305489
600848.3254321781,623921.8707368413,389476.8632943571,718940.0901646849
766.7392193907872,-52235.725649044034,-133336.99358594924,-18079.227540171996
605539.2919210615,569964.6859949518,415653.9589166924,591802.2751144923
631607.0119244135,528119.84711164,496079.0595629843,583461.0012935272
-73859.0460249738,-150803.67885633063,-299546.0541665076,-61094.791940506664
510954.0270777461,366649.6356866375,234989.73555076553,448900.94282385893
512462.55267087533,437447.89371065143,316522.42769000935,406268.9592302438
540099.857280852,613242.7441066029,275028.7974807805,525459.1775175257
544928.9601840908,484354.47621896665,412934.4215279982,540725.0270270347
294357.0449999616,322366.71939304355,142741.77220440318,382363.0604714883
144809.7515688266,73499.91831991228,-623.9096606138628,141204.40041645663
451122.4664527882,482345.1810585924,384561.24786442926,457243.82617219375
138093.50854146178,4797.710229934892,-30897.708612828283,75994.02027974068
310239.9744720063,251709.230342192,101032.55178551516,302076.7743730063
-91989.66824249458,-155433.84981702932,-252657.90790269582,-120763.3451050421
329060.9546723253,244168.40149099973,24950.939629806555,296455.95534312655
434392.99867947144,423712.0813692061,289283.7931253164,531083.3884048723
121523.95916553191,132776.28526295186,-31440.303124719532,163443.4463498448
5593.761300470913,-47490.451890016615,-176248.64478161943,3891.977012246789
56304.17338303116,25521.912074135267,-84279.11119671084,46500.76703249407
395253.0732852258,294479.3525688768,168882.08669734152,431242.84015659685
458071.4507756713,387836.7240537895,281201.44982154097,434274.07122855354
227495.92228883074,194657.6420364672,61363.06291986711,230719.67612873076
65077.4645235911,53403.26644845947,-50418.60804338509,83715.19874891196
445276.1120337526,457051.055094306,312456.919796631,447258.35169931897
366300.12706871494,154739.49491317617,209362.275744383,315538.8397462376
51904.54231297085,-28744.702840975486,-96013.5428386475,19824.745498592674
112667.81840484904,47048.30091520224,-33541.61182713811,170961.16552488145
72323.46545947657,25094.914732880774,-97135.53573289036,36458.72389907262
287721.6428860284,291222.33610724146,124771.83820102236,374578.9629902883
743088.2490366499,643281.4171713004,467579.04048885417,654417.4062686458
-10986.328993376112,-58443.837033572025,-243284.9075399149,-43421.27701231127
296846.9471221897,226514.1624791507,156717.40530064248,338470.1242803966
-90823.33696083986,-104551.06568447163,-303074.2630201792,-113052.54957049811
512784.5904555374,545124.8018395456,291737.89520756213,519536.1852039682
-155373.37571001874,-153690.62852296856,-317427.2179617312,-141745.96152557724
663006.9152677958,554099.6163733834,433774.5212207731,680800.631845406
-9472.049240252585,-52813.67565470503,-190981.69821172731,-31838.31064700341
511252.8486814019,434650.47060554,364767.5238359149,459709.6973718159
294457.804194491,271528.9846141364,116068.9678821147,288764.277622593
626748.682609539,526864.3005535209,394094.10673951625,610008.8197668141
679390.6974691884,555067.1534608125,439893.5081064637,604106.9757730346
583068.898367828,632773.6305648957,473751.2638166159,646736.2739086233
243433.41539632063,163219.99529255647,31068.853640637826,228948.06625933154
336135.61576626915,245741.5190483136,101797.64743922849,291542.88873540773
416542.8889342183,361812.92688852083,254060.04447355017,371353.31306812435
76719.8264057422,60265.355723372195,-45555.00380687823,81878.50225874677
318993.86845454853,343338.65094016946,227069.05199371197,420047.7538622307
597384.0403602582,408277.9186044128,334369.34715026536,577437.4888345206
-128491.54815580358,-181727.09585596237,-312465.8962283663,-111082.85054587852
239562.40329802048,186253.15869755694,95141.23548838368,212056.40810144471
215846.55444817082,89982.94227144739,-46597.68937589729,171409.35866961745
566864.4344404056,549245.4463350072,382928.9260539281,601838.1279565347
211641.24297860172,144904.2594432364,62681.635842550895,224328.3342853214
621076.1060056968,519392.4007405932,484404.91890181054,588750.0307400208
517971.7556745482,416299.2293439725,335500.68831246044,539171.017076266
332524.0563263423,279725.63406212756,88910.16018046555,306449.2677468235
-143576.76171983685,-233824.26396480296,-291537.16253356845,-160927.93974746857
735551.6580851865,603637.3506877758,518319.86288756423,617155.2700224072
155778.78577918094,169756.49359349813,-734.661302045919,251784.0138793242
-55643.51323895075,-95397.02971576934,-221247.58985800372,-70139.41549083684
-67626.3519167857,-121642.3282645967,-206550.1433629488,-53482.858938732534
352424.7039207368,185931.86071928637,42011.97851781617,263053.9322162528
643628.0245019139,645646.261006186,383788.3051136916,637039.0028213491
141767.05136122252,108366.15338118724,-53002.97748582519,137137.83435665676
422219.12215165654,342329.504488565,143917.2986861664,306933.1035424442
-114537.62435908528,-189751.4133988506,-264093.2444162128,-114834.4529210527
186853.9941126129,186575.19857791672,97634.11376522644,263787.1855067947
568609.7147399134,494631.9602954335,380315.0419159834,651338.8498112985
481051.3458318311,445689.64303942467,268921.2172590352,480189.90266879473
206608.12544596195,243606.82061978872,27372.150233420194,240837.39062298753
84907.96181786945,67022.92435386917,-154124.10849037662,118989.24733115162
635445.7171299779,623081.4776971173,487072.1300480723,575994.0572437542
45093.51788424153,-53476.15039338946,-114999.13066447689,-3723.122001599695
-40168.76918216731,-105853.91564000677,-197624.26764150505,-37010.42217932048
256482.28515184205,125534.48485858587,123001.8111780259,213355.50208370318
489625.19063690444,367076.69355558814,276841.79193152965,425692.7449386276
110389.10833861993,78042.29215554975,-29637.372895953013,137564.848023777
-95510.79990723997,-143903.2904670764,-193104.1935244531,7510.771603567817
232376.44320300792,149531.03722883272,-28053.111758561805,196405.04141961574
331490.143002226,239985.21759083867,180399.28807061433,319942.312396497
539327.9531773423,351220.17952308175,349045.7387685684,504483.6598885164
304924.89121263265,244744.61009949527,71758.58801683597,292242.4606931055
263086.6574071975,230027.21111286094,15683.523196600494,260104.67598054477
-119741.69727140362,-212243.43569728575,-316637.94983469055,-105145.45640968118
371841.0303815836,311539.2874863689,178763.6692320822,354185.3371579724
80540.79365688423,20219.401762482477,-105122.0375658801,44423.41140633996
594585.84637405,582102.4811118678,411059.34903925157,573688.0178414399
288128.13831614924,125859.20064047759,83332.2743992866,225011.84089295112
525100.705661702,447665.7005831122,279896.2748140129,556050.292189061
-120573.9327002496,-187421.19259017892,-312382.1422165871,-123681.0890333869
715382.8148216801,705514.7665643354,536741.2349592921,759379.4951859277
578321.310940329,433687.01061357756,335770.5345244438,587747.6145736389
430643.2046611218,275294.5804123031,278130.5855692483,369536.685739559
47120.70214967965,-31853.679508145142,-144896.0386015125,57371.9906516216
447470.60902616114,343579.96581884765,140565.50643205037,342243.1282507464
100002.00962660764,23836.619944553124,-16146.186103449669,138175.1504190258
508831.86217758385,479046.68807624304,306309.0625036014,519697.3093017158
560815.6974393926,454164.1136976506,342432.1597182576,537290.4142748052
-112322.70192261797,-95934.42293937388,-232438.01364523463,3397.7962455097004
585579.5326558601,505392.9319418068,363970.4028893892,576343.207144585
522873.59334822674,406200.83449674014,410507.2342788648,473832.7407481645
57389.782748365426,24855.166321110795,-65215.52731934388,118493.41791371896
166814.46243518242,105907.07916598883,-39263.05599566805,163420.27310633345
330345.0824504184,280464.5845883896,98768.61985974945,316602.70437722385
112358.2985535143,141709.34438428213,25802.902750380803,125516.85726269695
-149105.68041627365,-153526.37975958583,-306660.9374879007,-82678.20324317814
250157.32546788128,187682.0108588807,105407.03764062014,282337.97837288864
240516.08948723495,189172.20917248563,81538.56866241118,293936.5511444531
62591.21222367976,69394.19525279221,-27175.775531956693,168627.9120212742
199892.42363116913,132528.03536016936,-10198.216321676387,192120.96915993828
615323.9686476158,643213.8842163284,396657.9753070958,651851.9200621857
606721.211343861,504223.2206666139,370936.98113969003,597930.6197598365
668215.9892364035,526647.8811502082,436502.0338304023,609477.9879300131
-4651.993663466885,17823.832381997723,-117822.36158493266,69596.46360908961
199012.57923174906,162495.60575600376,13853.322804753552,199267.34340123832
-63226.83680270094,-148301.8971851705,-275335.5980030367,-122897.06244246516
411680.50307771645,359273.94050325744,275031.4663021045,509475.51675391186
73648.60347761284,-23815.105480088794,-11135.064837458194,129486.78855154116
333893.6366771064,305932.4387666321,235372.6786798531,312545.1749257342
650802.8662379929,563224.4513818438,497749.08999147,606732.4485006023
223663.41337737849,127472.75078011479,-1990.521910307929,152113.44476087496
24082.65814750525,-18031.752725270926,-159419.2362475202,21794.46629920602
617024.398159192,488794.5159481199,368879.39028404874,523972.9395266728
-100919.48259174085,-148125.29361763824,-212819.84810428374,-85390.95879239857
403426.03225088585,304398.5450306145,231677.49196853058,331266.2643954697
483310.69637647853,443265.7969157994,295402.1691232566,477188.33319261635
395923.40686034935,375435.25262361486,210275.75656894932,393239.0382679008
58970.78975652263,29629.825072420295,-69084.58068249666,122642.85846077232
751841.8736009018,602553.8910961787,448278.9817993074,630798.6438533645
462854.76836490235,432698.3045426507,321638.30160731415,485779.3471110293
576062.6152319808,532249.5745550694,446603.33399078774,583073.9129603885
196799.53473164223,76177.70649272145,-12460.884940182674,159036.06964458863
137340.00641238294,45908.3164935027,-43480.68071310199,107519.15013655706
231130.5232157301,94103.00002113543,-2164.476283969125,261443.8284296447
510448.7382543436,367247.5963947184,281281.53923264425,443001.4767910858
464853.7631595739,399714.7166931534,246250.42322147603,519996.6400953609
43383.01517990406,-104385.55450752849,-87764.47759952734,84363.01735409815
-44021.72535662714,-129070.72876865155,-189033.58440130576,-191.65596122131683
487203.1760777127,463586.9097412706,355485.10107252887,518947.78322322795
178111.1885626847,81917.87463842705,18073.585459100897,159869.7864093507
-48462.266772702686,-191687.06227143347,-219565.5220706294,-103580.1022984673
108783.27041969704,41790.89143915218,-89595.12711954792,140120.29400117567
129930.1710464647,71300.08844855544,-87361.97761002311,175316.29093412182
33019.78668028733,9387.933077605208,-76596.78084522497,49690.22366111737
-92775.03931745992,-110431.88684625132,-232345.86250056082,-118020.37797487708
509628.6769937114,465846.62836423435,339318.9169323344,506907.95471532526
665436.6626784939,676551.5158372514,504180.93319843954,722675.7036704717
-75475.96785144595,-163618.29130943376,-244419.47779305186,-48923.5257565623
33693.68012678926,-79259.13614220009,-194598.284068299,-89334.68564026395
107423.32320358488,68569.57690741075,-51067.64625890122,119834.04582544696
643126.3022225453,614431.9237165716,406115.97265196184,671442.2209514612
282923.5974661234,143156.35870992194,10845.801385812578,252083.00910692418
-90378.1403271869,-174825.30089883885,-289511.9830350871,-70800.21185684577
303394.5344115823,294489.8393772985,134659.1625300101,329986.284391157
39166.86932137073,-51268.728630066034,-104895.23074328958,77728.3439906527
36829.55144473084,21327.676078751567,-151374.55112108495,78562.41005894274
-22756.280092993926,-141728.46321335854,-162770.8930172925,-8744.87919831596
-118885.67725033202,-145282.1390636767,-280183.17817086214,-54496.70894152578
61123.51841289352,5636.988366438076,-131406.88428861223,-20984.465910392115
-110682.63472223625,-138251.68928576232,-260665.2545976431,-84615.4800394008
395270.21128425666,430970.42940857436,211017.96302403312,474998.82343114866
44670.508463121136,-68416.05051021109,-195504.92609112483,-28080.46250656189
262615.28524467035,234301.52906373038,134357.16505412676,263220.8617058302
351126.5525773782,333940.3742738627,238452.629713204,389625.04770415707
94041.28998440946,-24328.99279175722,-14059.944312202046,93471.83447547327
359329.27034671407,252199.29553620587,74250.64482622605,273495.979275857
523003.4335496023,375994.01602054585,297423.69880372635,503123.64648295136
600959.5075417052,530513.8226447133,447956.0940504436,574678.5131332565
120359.1387751383,90098.50505258306,-21768.590505644097,191229.600313665
397226.09129853325,394741.1511532394,234084.35199626884,448177.87709711597
327981.8659442726,356539.4321285327,189191.71718506608,418720.39553414914
-108379.95591140707,-212663.75611417572,-258755.1387425281,-128598.83302572719
223110.7502731249,202699.14189136506,98056.2713143666,217151.3878377783
-10162.498465427081,-109972.19985260657,-219332.7071470422,-5711.008555790002
236888.4126139226,214437.6402831769,92402.44905354758,330015.9922343057
532149.1845201473,455213.68719579955,355086.72575586,582546.2697285591
254012.0666434745,184277.47232676775,89759.00909691991,210471.85455764085
-45229.294269613514,-55850.767511799815,-169689.58505269967,-79675.61019799951
157960.4359335309,98444.51183027658,58202.03463406034,198756.90474946203
233661.28433320788,170496.91458571085,80655.52447040693,277333.42933780944
122468.78795718937,88173.00882584718,34914.17638240405,177793.462772712
440867.18702249613,338215.14445417235,212206.99276799685,457675.11311329994
571462.9834616014,552753.0236482637,360745.64574462257,561567.1851038283
500188.8845302856,436099.2249276368,235287.59334303846,454025.96852255124
378655.9442931289,288411.5337714569,88695.17439245002,316402.6015332927
754632.1487707964,656874.7679086868,504843.2287076417,700802.5884298694
572452.6105336498,464302.06241740333,337408.07314474497,660273.8501577482
779424.1919644708,753455.4531990846,562370.0534792739,758778.3267473145
154186.8105194664,66898.05066496099,53830.58788903372,180373.78980392579
369922.04185018246,312301.01279319986,222585.8103290887,386502.2221698791
270723.81112887396,217470.47607806022,68275.88723932579,244412.8415851869
195205.32957871037,172426.26535640052,118582.86725076206,228878.73712982878
644244.8369544907,635269.9347796123,470250.4772264295,603079.4642691894
-77186.21127886907,-141092.6022944384,-287664.29167438374,-78845.44325797661
611128.9290171296,606252.0336290782,449738.2376345311,613091.0004531057
503480.41141457146,553787.2776252909,396065.14893395745,531855.211713193
727854.4121498247,654341.3555501909,570374.2863674049,727092.2284503507
43743.41236695659,-9321.356240338064,-107822.72989776998,46191.87321373739
130868.1425982971,54360.65820703353,-76412.83348103415,77098.65565590095
480637.12728947494,471210.4535896878,330501.49268383614,508710.93884695193
299213.34202407824,262838.9615711953,145754.07036607282,336675.45305006474
654290.5504329144,574503.1001007336,367258.8452752314,589667.7156825729
400988.3373383236,337614.080348718,256181.8539739052,442270.34868865483
155848.1053221675,185639.63015988038,92034.20204199094,264603.20914719906
133685.81663129758,98787.82119284768,-19260.647049628198,82431.31068685907
-105523.80432150979,-135155.82308878866,-231700.03634420165,-106067.80750772881
27644.232644747826,-12375.799078115844,-142185.78515929717,-38251.62681800086
330933.9329984253,291054.2566767876,141123.9359173017,364211.39779326634
597404.5184268863,592728.7752116269,458075.00576651667,639455.47933119
165530.8490600118,124579.34449249378,25147.83995217888,197534.05098153558
-33133.324823451985,-47171.76972008636,-204841.01945052837,962.817204887222
541541.4133108743,548414.3559520105,403522.1522891099,612655.4121481744
304976.08740976616,303785.4346454736,185659.6381113329,346254.91065708804
714009.8573883977,596641.0877876075,301953.6749246621,666324.7060228917
633370.9174745867,503640.38300277246,363861.15043017676,641778.9448286067
7998.184641031781,-64790.2316997851,-214811.60417972784,-55012.91039421182
351172.424218731,255542.49976051948,279498.4983233595,248834.4846718954
621096.4574083826,483972.4518180684,351949.2639175245,563265.2118208013
395982.107817304,243459.33280956035,135517.24036401242,424237.99454299745
452326.3277683788,400883.8864534354,217223.42555316142,412850.5840813385
26232.452885169652,-56518.235172245535,-188317.02592684905,19877.900891388883
152297.04800851597,65463.685735895066,-32284.305274851853,147670.79262622667
13966.087845515867,-29413.117061261495,-141020.37544607348,-18831.06164641981
70515.57539988798,41402.320589280105,-96081.41867236583,148543.03657548619
457479.1205226956,484695.8796868782,301911.8385873955,523017.1552529058
657817.9706270476,641338.0453105026,475425.79925198935,666147.7645678727
581383.6250771701,589808.3768299546,377735.55558660417,614069.2334708653
48866.875827041105,34425.100768617354,-93913.44166438945,82381.40339122468
156437.00069572392,92595.39824762242,-78875.44313357444,86842.4401252967
106175.30048935395,149849.85489928117,-8480.287885586964,104586.3354753817
231999.50238252757,161489.95194622758,119328.86755682214,334936.2777813028
321819.36030739837,172123.4611223098,44410.33907447383,335871.9078397739
492834.4679296081,393250.46085801674,367772.89849148726,525330.4029451722
127068.51175680023,16054.953120119986,-51175.9516679378,112237.79726319504
689251.8770397296,614588.1135712811,500984.52486388956,693713.9516705675
-19578.840311747743,-104067.47823586216,-256244.44969778915,-71445.43309336406
639603.8478198317,592681.6324827995,489315.5267287096,574274.5558476581
689790.4300059718,599165.221992014,453395.8319646291,626007.9032571726
289997.82245987654,128693.54068609432,39700.99574444059,191501.64884261694
405227.8748647417,349243.8159347514,234304.96345234243,429927.22031514195
546985.8216590557,405521.4368476999,321202.4950305056,475962.0323318766
-158548.93619722966,-226342.1703415414,-313521.52053991344,-135109.68090586306
9086.782433371234,8358.351122345077,-161256.7365136902,60184.19285913347
275080.21429412975,331947.03540806845,182908.29361247353,300377.7382050501
233354.61170356476,195363.04454243009,104565.09114033694,354256.4761726826
279043.5748887629,269478.6826474052,132304.93754460465,405952.8581885238
66999.32013497222,127517.63818331051,-74211.98498516041,151212.2176302144
-38703.25374075782,-108167.37376825546,-193323.2990367788,-58989.5221208866
323326.60606482625,299928.7553076396,77541.41659022053,297144.35898665
598315.7820865582,576766.1367170359,457287.8513164279,636832.9991350404
164882.18124780897,140034.66707791446,-25030.128327569575,84716.93711717718
196240.8588940259,191883.24844267906,41077.3291609016,188177.98475444375
157351.77410000563,113806.53809640964,34730.19958459702,164692.16968784644
93694.01577638276,97777.72666797682,-59640.08181949926,124955.81033641368
-142528.52621890162,-174093.7622956299,-276837.2151511228,-65893.5430719126
375236.7692248407,383715.6817393111,194341.9269143457,337461.67703484534
-113331.7693582417,-159306.9024344217,-292843.5078407218,-53193.489901578054
573804.9687918287,583457.8103124348,380207.5627891915,567370.8868504022
51654.67883796664,-19350.420389621868,-138228.84264267504,32809.53006621951
-78720.00737288222,-179184.40766730852,-301258.4709398416,-169749.28574064805
198461.278172669,119040.10608815844,45093.81313434348,214725.1602193351
101455.97158891766,24745.461709090276,-62195.09726240125,40617.98198760406
548284.2110804722,516925.0103238169,413173.47109147103,646877.785720187
385495.4341562006,380868.6644507791,255527.18696845334,372479.5206449856
429449.269757848,401247.36979226605,200292.5582488717,438067.69191260426
642295.5108447406,592889.1756244439,326503.9752121627,631998.576651695
440415.90752708074,380734.53638512664,224699.59063455276,413638.9630052132
556122.3835551988,425207.4444309708,265533.9948117554,411339.7026513453
159531.8444288656,-26726.176150926505,-60688.43855368078,106699.46796924947
582842.1422519644,551801.636668144,354358.5801063614,582790.797374374
181280.4830968678,100490.07910439535,39826.90960045194,177791.3905198007
-84314.44836924406,-67362.93262262008,-171714.5920054005,-7126.723761927045
315818.66861186293,276280.9829969938,165968.9651942962,460490.6185422845
810947.5135905943,715212.2297228337,523236.2471808145,718216.1606452758
-38039.64160000859,-161060.6015339584,-244120.6538277238,-97112.7139125932
442093.9954685904,327877.28532467294,211870.78067024832,435402.8592149415
36888.210860145744,10621.437620841083,-74404.34267040144,80504.61855844222
231068.99209474702,165253.71778680081,65681.47236847889,185315.52344787575
-70992.32005180052,-177078.07037210686,-235603.67426839308,-165395.2772044816
303488.34201683453,266422.6438275884,119174.90391489456,302659.27681443095
627977.8712301811,571052.4939557873,355574.9803696601,582375.8909061833
60819.38533036469,592.8899490525946,-94433.6784015405,27947.551522267284
163470.58462945034,40672.51692373771,-96761.2855575973,154616.6625022865
-122238.28604608518,-165456.04449565016,-258262.01184862969,-96050.83821546636
364233.9692778564,342925.8948274151,193143.4161745254,347440.2242376235
425910.07670869306,461723.0119855583,316086.92412003875,495424.320444542
164147.3354198269,54443.40573197778,-145306.27488671994,97266.15038840682
410457.4507122872,315334.0379472793,262368.5335219735,417118.85963835055
310299.82614257757,372560.29614188254,266006.0906439292,446342.2202854828
345195.4382745412,277034.31648405734,138789.4814683079,449062.49948036426
543875.0605896713,487320.7654711013,417382.78033580806,466467.1392560187
-14129.182518977614,-56172.060788531555,-202826.05348287366,-24029.96173838171
529725.1144574881,442312.8960376355,400655.33823252376,506133.0489101708
314896.46085332474,187758.9911804851,76828.48707337445,303162.23567730526
299935.09791772556,176918.40465700114,82272.50058142457,225728.73867686337
560513.8057460247,511503.4765943652,360124.4795196245,537206.8093531588
553994.1372763906,493758.84514478594,394227.79866307776,626936.5300106634
711866.7686732076,653214.5034286336,500131.1632788299,686320.1763993909
277450.52850941464,171613.42680930346,37912.31586176797,219501.4242405818
16987.698932394676,33083.82197224058,-55577.66591169976,98391.45967238606
474351.1504924004,368268.5140331293,273039.59398494766,446078.75647192064
722104.9138187235,741113.1815615199,478481.9145515881,740439.5595949399
467814.444847567,431818.008981969,321989.9182552671,425828.04577295086
200328.43474672467,122640.05789020017,64694.22501385189,197624.92712715815
-20641.94891452475,-55129.433971894556,-196826.31857115828,-22205.16731681797
-13317.015916765027,-29435.958298585203,-93351.24730245955,41483.57254685939
441566.24499849183,395415.25007251836,219626.37173527945,435484.4336680621
409685.38847945107,506697.0827659054,242755.99896817538,424203.2562728905
-85241.8938613435,-150989.69949967938,-309267.3673634018,-99106.56462388753
45733.72896284866,-10589.39101882663,-108149.77193451964,89765.91995850322
487839.9967064869,476685.23097177176,311422.3783723345,428300.30720282334
310994.70404630166,194997.7794389081,96480.64621814538,279700.78549961164
-116062.15841847169,-88587.47389729909,-217750.88810160366,-14094.667953248485
53620.79071918689,-5605.759595914977,-119855.20261471043,70815.98508784804
71872.55742698023,21348.998379090102,-32528.90615378041,59518.61317059561
555330.6828164526,480209.6650286331,286089.40665674524,492262.4072948961
575697.3736791725,494830.8474820814,416579.72824342956,602868.2923040891
360517.9052531414,341357.7980269034,207865.6873320503,441360.5813004314
537392.965616407,452724.0623368623,398777.97537026915,619540.0333322764
-38445.352627952,-152524.49321254384,-234255.25412711827,-126164.48622238747
254626.53964621725,144465.84902882273,-2500.681073582149,199834.47917812213
11415.936218085873,-4470.950733317994,-190460.78050130792,11198.741583948431
398983.66108614113,382115.9449371669,281261.0540750433,231872.93118902482
12249.929638777277,-27091.936418697354,-168064.0698637038,42083.78077692527
-42244.6181675705,-107738.36071812129,-194743.70046756347,-80495.27594025084
572856.0252813878,497565.4594841277,337744.27193329134,589123.8501131162
-8644.19095837971,-80536.28544442705,-232952.6559728267,-22279.13317699643
432394.4829551475,439188.14472841786,204706.82462123898,473171.2090622253
-10640.880428265664,-62129.33136678842,-227348.97926046385,-29377.26358372398
-86947.09822560701,-111288.97116450453,-213966.04889998795,-54886.461421601474
302070.3293494636,175627.33273051132,128744.81712493149,236518.97337960207
274646.52523717156,177000.7129060137,110709.00678418658,315504.5424095561
420961.8671808862,341260.62843313406,274542.0388172687,355664.1424386668
24057.598895664443,-9846.413610955351,-75286.62958965648,113250.46906332253
224796.53304300446,211648.8261331747,82545.64993271651,287117.86694643134
-175281.27190079523,-137347.63897141383,-306999.3162540528,-144427.52083978645
-116237.36277080438,-157368.88994529203,-256845.76062448765,-118407.76324796089
97860.96318403038,138996.33883731416,-57527.918788659386,153325.2548616965
549055.386812035,474132.82962277415,300005.9002341527,560023.5034066683
237079.83060300327,151565.93554995838,45030.48971163749,164351.98656541656
347734.1128127476,301569.5436569868,126530.7689399342,274932.16138565354
350029.44273539074,297852.72351820196,191733.47422909283,324495.4437214837
223937.62606212962,164467.34761596844,102136.70386415394,226998.62845190172
416385.28326503094,364049.3053403089,181310.7702922551,367926.95385280345
603921.3694811885,522562.3391155058,376112.8424656178,559297.7089700236
101040.91780278774,134093.76019517577,-45345.27995191596,133102.25858049083
226060.88813619746,234713.68324700696,112955.49309731228,263021.2005687265
-129468.40958752658,-133635.6910998345,-221877.80544736254,-90640.28529965674
301602.7591694351,112280.70372789784,111613.18809907453,266354.18733376404
607835.6319209826,440188.1136598324,384597.3587420697,558070.7502240627
742067.6889060608,640744.6886175158,509252.43630005897,730303.5935841782
-27817.31991251395,-19046.96713407524,-218215.95527053322,-34631.85358616611
433847.5793241818,381288.8142032946,307612.52995755395,432789.51907696424
474834.25674971286,396428.77143982204,211476.0328057825,437765.7583069464
-48068.60602387297,-182733.9542744772,-253212.08354307292,-105248.02410636906
597130.0532661097,505588.80266452325,413398.93930046225,619041.3052800854
554634.4024073668,522342.09789103596,303991.15077379823,584095.0789763452
426876.23074231076,245181.47483469418,243787.55063395784,442932.62629089796
508881.9221653021,488871.2092209073,377617.49266699504,557363.8511657177
230841.60452550044,83182.02308788104,4390.898989197216,171147.30945392582
110815.9026075002,32697.60802555224,-46967.77241491957,98878.4970950028
677781.308623198,609850.2320260487,500279.97937056015,661560.9252271282
199790.0959089836,154727.2367451334,30779.59245932952,196125.71134793223
489356.30305379326,461597.44797132397,216338.68331552367,527484.8905820521
-13560.369535708742,-16409.701944046537,-117677.99183283583,85361.0771498147
553335.9585550355,449231.7806622636,391815.87403883133,540462.8056705637
563173.4923468425,462768.54938387,286038.75976611674,555687.7784499028
250057.6553861805,284947.68573278293,64513.04923647561,269911.7901058175
534582.3219520207,488242.74792207056,371470.5343382766,529155.9796435665
760046.5066207445,592164.4211763057,516000.57747383264,689349.8934317536
-62787.56697532657,-44253.15809789073,-209014.61126308318,-39181.83951003302
654584.5115021071,581881.7855736937,449085.98098783044,655940.5616179935
242573.46737663855,263826.4544392219,63057.25470513129,341728.9708840677
366447.05286987394,352109.6799851707,180058.85226549848,368697.2829721699
464937.4304988511,329108.69052525307,151765.51209844113,403498.71195487713
211874.14570113888,197112.09170909855,94125.22966427275,188952.4751869198
269150.32348515023,153900.1077565092,69597.71656243259,235474.90181589348
324029.08751582226,299281.4585599984,156847.76387795864,351536.60863255255
468373.9459267359,425745.1061062524,320128.13121139084,449181.724658248
-139793.1207268514,-141061.7797871047,-281373.6854667299,-44659.20488551579
620025.9627818116,490814.42974796053,301064.52487866173,507467.61367155286
596675.3699648462,631990.671104003,421044.4324082857,597456.8485237765
323221.34190005355,250298.06061919546,152695.25652605703,313770.0971818266
-77281.22893319727,-167145.78350038943,-234111.25848938507,-110564.00206266256
526947.485690933,420910.06231884926,209096.25998771295,486801.9010065652
645361.3966829835,512003.74378503393,413111.5029812659,628455.2035357193
181972.31476065144,46310.69949790044,-41136.73642000032,137796.464127369
468973.16012138524,466642.51257984096,369448.91800605063,444976.6797773413
507435.8065923817,381981.72955945437,243692.29728612734,522046.0718144468
77739.63828574703,80725.78314546647,16974.531020714086,112393.05111214833
216095.59002722125,222667.63389367517,87637.66318398423,261821.5213910446
559691.0631661622,607160.3051482758,371804.6413669577,602344.0937503742
483505.56001443823,410391.54225532536,355497.72152208316,485436.081603406
180381.2917288877,22926.58859871002,-71496.99389347935,104521.27987974545
-15631.251270726672,-76932.02926133212,-226141.48464551027,-25919.1447469705
63501.073750115815,14614.22812262096,-105023.22497856035,19276.28085714829
450867.78077339265,379827.4086301682,289385.96988359594,521202.1736078961
615145.0728244015,575590.7798094284,413560.9927505512,634973.274662751
33901.52835471765,4025.45972119167,-151439.0729279071,43498.6142922726
47705.84112252912,9966.230534134316,-138118.1708574528,41365.978448750335
-66019.77745274885,-91284.89307095832,-200399.82054242247,-73181.70671418565
355409.9619105788,299429.11922735255,218672.52652715612,393788.79639048316
348252.21122986765,285275.93883486616,88837.24295807595,285207.1940249725
-75472.02989572193,-162520.94444597664,-263666.26409171737,-133057.46210888162
209220.885709701,141965.6320582959,20506.847564326832,178491.26622082118
57554.97875801113,13570.227673911722,-108280.13538182655,56609.60262595862
43791.778973971144,-21653.162777436897,-141766.0231273069,59547.264041780494
709606.1942065619,637884.5746139621,467455.673385647,658919.1211787139
251723.26050810202,158794.16458396695,32840.41260004055,150105.3755476399
618595.9253859455,627822.6187400052,431612.2213659772,680138.8262289579
120919.50764472678,58862.590954640764,-61946.40403739305,108229.24639966316
-118654.18635192263,-146768.81961003266,-341191.27794161823,-96041.19331532228
250597.4717567413,167009.4326096893,33999.321738418425,237234.64492465043
459491.67358670523,375454.45929994166,258742.9743231451,462885.8478004886
73464.32735766517,19373.646962594124,-86383.68345497118,65424.79124860407
503342.15561329445,394009.37164749915,221368.56362432207,447727.34734610585
573426.5299157102,494122.31985613285,446165.3762214271,554559.1977064705
264079.2932807618,236594.12483044434,76004.10082511965,282070.6145928992
603982.4033914604,588736.9407018654,397893.4345851998,626705.0822351845
77845.75971321971,56577.969790529925,-120841.73073250812,88853.68830712361
-17015.90549494326,-70736.627055427,-135361.62578778685,-42473.575868469954
-130808.67751770501,-182681.72839211533,-223573.31435071037,-74259.9600672148
54934.227053887094,41718.77272193949,-122307.68930621608,89609.10788482451
-65535.219574322226,-154250.03899288492,-235413.45784628653,-69916.9751711064
-89155.07373977621,-117813.47580882709,-184734.43389046995,-58253.45588685735
245676.79397348373,155541.3970016461,76175.9297561649,271897.4742025328
563372.5746278893,431583.7618050341,420884.98786342365,525946.8135288942
68931.80851502332,72441.53261540562,-39428.18299122853,76566.70566437847
270543.5031296946,222521.9383077561,21842.42537311092,244670.20842337958
-53220.547080121585,-60303.01057379856,-135984.63901276508,-21159.295806395472
596388.3506445705,522941.24375428515,381778.39116241364,464191.3839761894
274996.4293178035,265036.4498803264,138430.07906116743,252590.69896039285
-158726.97052530735,-163626.11754035612,-296121.5316722694,-117402.1020257594
338687.4794204859,239394.67193473317,125618.70223106805,229487.5625393819
13514.718919017003,-36364.64424007427,-118797.61018533178,-7775.6375223657815
331487.0983187598,262588.5858687321,140343.62403425586,347108.7395933501
-66228.14138811233,-119872.9462355909,-187946.37830697035,-45512.92352799751
-9402.437440948095,-104745.10383643449,-251654.50382588257,-16217.27795431175
91484.04332251428,23221.05951093894,-49874.29516077193,109663.40891192714
625464.4114195528,492076.9109787836,424348.3906198811,597972.0131541179
-36535.836355193984,-59680.14961412933,-184369.87581913848,-2889.4522273744224
341725.40626544144,285227.90866206365,121383.83545730519,303167.79103300907
-90320.80488124036,-130276.92669053847,-243396.99068002275,-103450.99894146837
11192.333258209808,-77531.03852553427,-191233.08201197907,-39309.50897785986
140426.2624114385,-15339.520300096716,-130415.18115120847,85795.28607662185
231673.61596327124,183810.18160902825,40634.35561092885,256399.1378819493
239234.29636131984,140716.67741266103,-69411.34933639341,202938.3523127177
467353.95206427516,441563.70140630554,314916.64887613803,459650.20399153675
577419.1568009292,526003.4281362072,402196.5274625099,662525.8396104125
23780.638201777474,11010.669297821354,-94093.5426448303,75989.15948019444
130571.94838627998,42136.454685820965,-70427.20800811367,112001.97883910337
147032.80857048766,158950.62810544285,-1195.5020243652398,171565.47312708315
66939.5203517226,2287.800216231728,-175782.04762477987,13207.968962298299
529850.2300368908,514344.29007931147,379701.6526916423,586178.6308892483
536004.6165322128,436738.2743900302,373001.8478508557,514569.8352437265
119258.66114694113,129488.7686106367,-19114.65756875102,144560.5394204005
71588.45414273301,42429.37938297086,-93792.95010893268,68885.25035824289
691965.4295639533,521453.6280774353,464663.9356187213,572980.1344914194
-84474.35091018718,-49755.01792434993,-134762.21191543143,39415.787192577496
22827.164455289254,-137637.58113623247,-186684.6255254568,-1303.49879050022
391138.39155540476,299888.30025590374,255429.96747429867,368305.46560064505
307415.2759343408,307889.7394084595,163857.74314359622,328841.3358174717
330305.77825740026,181412.97540580644,121180.83878471574,317165.6723637531
275195.97423900745,186943.78481726954,91283.38075079059,269310.01628143457
-9618.71461521869,-35339.76567765378,-163310.75836879597,-35729.01209079876
-37412.688220463984,-86497.0361018359,-247937.73748124845,-104455.90974575042
475169.6732723941,379431.88086595305,313036.8061009209,589873.5341814368
33063.05423425825,-33837.73046388873,-37525.21719608479,39273.88049049105
549883.8208632832,378567.9072397221,231531.20502588106,479235.54067625816
119000.66056001722,102992.83759789029,-101520.25199722126,150471.8735044374
28455.812517670915,-37834.48724176432,-110291.59161084506,70263.74023928889
286403.5988563525,201703.9096081265,83936.9870455151,278707.70350860734
201800.9754759441,111144.13063678169,-38758.15504560433,257155.57289629919
110904.19437025592,155238.57472357736,368.4432813314488,209732.07483225525
664147.4404064002,567366.3478329165,449439.8820511709,691361.5249087564
546917.341743165,409666.65114899667,338355.7780979073,511181.09463436855
420007.682944744,368070.8857624186,233466.43034492794,463719.7480938467
156700.69418657664,115349.1525975439,-94067.11979445454,152265.02832809743
310164.7512874552,291047.7620356941,113585.17216249567,365846.4794638592
-123557.81559659127,-115374.32057906536,-240498.58710742323,-86934.35086988274
524291.5962133515,568657.9554322909,308051.9472436664,535529.0053980548
62841.22748710308,69574.1383979643,-54245.43136146478,79620.55786879081
268264.1879699626,126265.78646441142,-38457.26520155673,240834.05469491496
310443.21032112103,300590.32720502955,188491.18965757173,273723.19031794555
-77806.01299820672,-112687.88048557029,-220720.68421822373,-79098.23503305251
341406.8171997741,248603.5860296652,56623.18731701409,385780.3892262812
-158729.40828930703,-209013.4487248474,-317937.71005125355,-124643.09202290751
-87186.77652612439,-172698.3373302301,-221313.72954851447,-70104.01353103155
538206.1217440803,442422.97574363777,342735.9064201927,437826.8898445016
467615.44019516755,437574.6235065827,319190.6117065209,473589.7766418811
560777.5158591592,590009.8872380282,365101.5799535812,526273.3592574632
-215775.29586916033,-192566.31947398477,-327947.23049488885,-140984.66963449604
211668.94777018984,201585.8013659207,59010.62634180463,255813.72636003385
70330.94745381724,-2634.259298752295,-101984.32195653801,52255.32553236303
310878.09814414603,324394.2502235988,114647.17455773056,303127.35636357975
143215.56217397493,83525.1141109704,-74039.43813122006,115508.60254262143
226324.4112796128,146615.55634536815,-12996.126201801817,223718.10568801942
418429.433485024,408799.8848270704,287869.7532277469,508099.53425346466
622063.1501455279,554854.0786062786,269996.3600833521,571165.0295305008
137176.58372996817,70829.12954885664,-69633.32351855736,106731.44184653577
586657.8750232877,579807.7319194821,456387.4244439035,549706.0493231795
325730.64070789935,294127.5052597483,118953.88542194897,319981.128637615
391585.17099883314,301678.28113908914,214152.79109120357,349180.61880860303
337194.33876419,184961.31853388192,79358.28051707521,295549.6925763667
-111653.73424853495,-204654.10622591234,-297134.0522122069,-111777.05163513904
244937.35648618557,212646.60058675427,25119.196813600487,289417.793023144
158550.10196992627,136536.8580967529,-74116.16223391856,125100.93820189056
412079.8533642411,260444.72524775227,149193.40507570433,360143.62861022865
246994.35605247784,211954.3521915233,154365.2848581972,374669.6853541145
-62414.45093734411,-74004.06074104382,-156093.06100103166,12799.673699694395
11827.693108453532,42133.10478086874,-115628.54739248473,33596.060102495016
36369.81175466778,-32260.34972279152,-164141.24830815045,93064.1910060657
-116561.1107988109,-75641.54273064085,-207517.40431777312,-58534.25225016411
649448.8344613137,567979.1267207302,413828.7042774771,629517.8857203075
517305.0769283861,377500.8293347524,279435.2235362363,362595.63952755893
510586.8651275914,501794.4444625261,279250.4738884915,507426.2082627858
-88288.22251317254,-146089.56729041087,-282893.16070612933,-144982.0448261698
-85424.22630505939,-190260.96442688606,-215086.2387272464,-71365.27002120216
72573.72427843488,-10211.350390163832,-110994.06361463608,22858.341957257246
97376.67773141246,37700.799888625974,-118747.7638058688,59409.57666300773
663003.9500835247,560411.3768959648,490192.82003996416,735576.8919105129
605081.5812549449,476171.67608071875,325265.5423109649,569950.0693666227
284834.42205156304,229919.2586950428,110660.64896292298,279490.39437965304
612449.7040221631,518192.5454877005,402907.72683571663,617794.3559043582
-61833.86923165724,-60638.34535073844,-216080.06341543666,-42565.089561484
-25183.736470825505,-133728.51359198848,-241751.7258628083,-92847.46242639079
176139.96081637405,135716.0401921071,-52838.25938452117,259397.26930055837
-35693.94135239767,-20000.748816524167,-162626.42602904403,-18386.25615847006
232622.36489650758,241631.33868080878,32760.38362520153,254959.45331252576
188312.28883682983,80745.77316950122,9495.370471519069,188130.77814054093
168029.1741498406,-8910.783440495143,-107377.86731297267,124914.92639220355
558394.0248072871,469175.9171663063,313750.3816300407,498694.5012816392
622251.1086501258,584403.5837161604,497568.7212433239,683274.3503697843
227048.28569851385,243486.94722158893,44825.105062340735,334558.77889677347
456525.63131729036,448899.24029379664,343003.5043875914,458686.1882793661
212959.12201356993,191621.7710799668,12729.246957994066,199661.66242721898
293854.14805816207,179578.8532132248,75423.38124219049,276983.5929751283
115148.48291210842,121977.44300926896,-51756.338626738056,111295.0396052748
291362.04381111544,257208.39677396417,56264.62466958107,309491.60074858053
142162.5344599716,124259.94689255825,-57390.46903610858,130579.09973058663
102116.40985259262,68890.52111620142,-69981.57127639803,90160.58656907221
38105.704160109744,-21296.8925592436,-58616.63672765554,90326.14238383458
628874.9938723564,491519.3718507816,373481.0581170198,558887.6624983856
170.80925903830212,-97686.69702995411,-193636.58678164502,-8571.852656699368
485590.2539260279,434324.47326480295,360477.1870368902,458534.33663374186
128565.02503827843,61573.858847778756,-33531.23965309595,164753.23271091364
549254.0656204249,485305.78911766945,348172.7822312416,618122.2180629419
631862.494810164,524029.2973368496,422992.26229970355,632842.7530028066
305993.39613467385,279929.9507697136,190177.11449664924,401729.4137902092
63170.113664987264,45109.10431455355,-124248.26003037667,74532.99591216084
69235.62830775848,-43990.42916643212,-95118.5263966457,93639.69497798104
91384.02431780903,16132.349977698526,-101099.13558462332,132968.0871693869
-116336.7216489315,-162812.6372447202,-285529.5012073541,-114454.31516531843
604093.1669301603,507237.5599448206,390972.69223843736,664625.8726087117
626606.111622093,496045.8376653928,389881.662595863,638680.5161009475
415251.4435765338,259740.68290627282,240418.1057553552,437858.2578780452
152495.56760588544,175511.5804814538,-16810.280129952123,237312.51412960887
-34152.33886223158,-179322.3617544251,-225759.21865735383,-85408.5193889417
120595.95331543242,10488.432180227246,-83966.44287156675,57672.179191717994
74727.15486729529,26047.010591411847,-169623.73545047443,95066.8994414421
524168.40042879793,548539.4967253632,365245.3181757071,549974.0639867475
660600.8581137885,559734.3757440511,353345.4508501502,655244.4552379143
-3749.325741459732,-49305.379524295044,-176944.0255562982,79653.69422331173
352433.1697532815,249483.58545440377,187681.9158037441,359309.5873408294
-72260.79907603015,-123175.68483427906,-194904.6433936638,-36787.98617516289
411726.49268804316,394409.7148515716,180617.89566232404,474733.4904625737
176148.34476620448,63489.53065101174,-10692.143542302423,110543.61292589223
332545.7251336593,186876.0789807106,136959.8323770914,302757.72266694857
110238.4808580539,50670.61867707665,-49295.237191988854,133208.22801223234
411061.5496629302,255293.10595931392,147891.1857863369,307621.61820802256
319293.6160986946,182337.98212745076,117497.08468019986,269395.3998245972
21252.6831464626,-46614.99598505825,-92930.42981907248,49436.19568005612
428571.04217705224,377122.7000480512,276975.4424014896,450270.8303231811
600446.26862752,581776.9041704461,421906.1398336765,513625.35334398865
76895.71974896232,32279.321351825725,-138372.8392285863,107878.61021284363
-4729.245589397091,-97828.7629426645,-200326.83278046735,-102393.2837326022
382527.941784568,370023.42286528007,144346.02627132437,489149.35423911526
-44441.21733284864,12171.016970346216,-137647.14070856583,-15051.69017492811
-91156.62868525449,-143823.74059410498,-244676.1027567922,-48914.36472500628
505030.4954827867,462813.87141791475,261444.01972982555,439054.3420453239
-9491.799647933745,-57631.74333434639,-180404.50205975887,-35098.552321903524
377523.989719262,397757.7955929092,267359.57863681624,397257.0467910395
399749.45458563557,268277.83786893776,245584.09741458728,383040.3898915085
493424.9717098905,436454.7783953794,410577.5532166463,526292.9190571506
384309.0136031525,357998.9335261935,190212.62972441863,401669.9361232708
503791.52460949926,443760.54595025955,337369.11067505286,528195.089679205
598478.35822269,566746.2222671162,352561.15591185493,558562.3171324583
554711.5861195158,455135.4805137862,321756.01553267345,523973.8650967318
-122709.7863358176,-132393.60264068685,-196667.91701322794,-50496.42241066968
469836.4582970247,374089.4952904122,162337.1674901694,403524.7314038328
353778.42535040446,325546.8783128675,193811.9633355951,428833.96729561477
405210.51431419584,287205.35355999705,131369.4680456462,319504.0843691388
-110521.88036739046,-197641.37115955492,-284060.80066505785,-135550.40640700684
392816.3493694875,333596.03417280153,158288.35703146132,366489.6477921816
-87613.97188245831,-50442.91813651018,-226945.41981951252,-89504.60846515303
478661.37702569074,453990.76442980627,290802.5410063851,438931.6104466398
507289.4591161106,376860.2067054786,265998.0448186683,485933.10054278455
354295.82824036584,351253.54515198246,191399.7871298393,374054.95613162173
705118.7710933031,526502.8365397984,367062.10415380227,632225.8805799235
539768.5450347487,506546.90476791956,376237.98782249645,592898.3300832754
380796.11735733587,360997.159607628,245927.47113129625,365523.0308203903
-2244.10607756878,-49329.774613075424,-190783.57989679952,-28332.37212446949
705961.6071699052,699368.4284557616,517679.3657794177,675877.5391897208
601431.7344773521,448671.3658730363,295014.09181336244,562079.3473872931
252082.66626954637,165346.05929168884,-14984.627012204146,241654.9331958876
-167769.32173653704,-155902.21358895494,-271176.16374643537,-70777.56511252956
-19735.76534853864,-158752.24378167867,-217629.75383764209,-56298.379500451556
576989.8199394313,491041.38686284795,398862.11117138295,557674.5775065047
138355.92574358778,161216.23959200655,-17999.540034517064,164983.91489573196
209725.76175685343,52410.48503433145,-34262.92217759008,118264.95115523797
405298.0411054783,371958.32389000244,235379.600268536,433917.65155351884
155443.5345421218,110483.53452301002,55427.34816084441,157464.5670097971
497017.39321599004,515887.4072388464,321561.8669947275,539409.9788910045
492692.52170654363,541414.1953307218,348815.09776328795,614430.1709792952
-17038.78320995177,-168862.4664831155,-289133.1235011881,-62924.2240246546
625613.7965724331,612060.1281954278,488922.26157867967,699178.4891599852
244504.7982245636,314200.64249172644,78128.64619462332,284717.2043873003
392233.1537807407,353994.1441364067,208662.6909307295,361580.79629961774
547984.5454451351,345336.880949592,268261.5713946712,425812.2617237943
487429.0651912786,488981.1247457431,235317.52996527613,428298.1461688088
304011.99577160715,251850.05330523755,123929.19602464442,337746.7159258417
230632.17289326235,152123.48713341623,43374.59294197871,230597.0568813698
173883.14703960659,96604.04553821718,-21712.757141927606,180143.4775526129
188417.1407524289,128817.94841732201,18178.94260270591,159408.93442444736
784364.2388117078,703427.1248012886,508583.78492173355,744530.2754719667
680807.7843497528,591976.82005872,429199.17104712187,688517.7152671532
319787.3438412711,273722.46385233675,98531.96777726512,309360.7317300468
345542.874552383,358405.3432668266,218365.34746816312,446749.2247743176
226576.7600473879,131084.65284454369,-4283.461530601489,143601.2581459675
412754.45862182695,342181.5656276854,211058.65452338255,359358.44332327915
152499.37233594398,105265.27171736269,-3269.2063486336265,158651.2784410189
449891.95380169514,371855.53846119856,183332.71631297702,404391.3965358827
142246.75838421902,8143.738028286491,-78809.19463277841,79516.31558861746
-98399.90038336866,-177939.2854717389,-303635.8166591098,-68406.71409001044
342334.057870238,189327.49493047455,168910.306643583,300307.89341778914
161649.96842498716,94451.38038285554,-247.12872913933825,218576.32758423232
-116910.22275813203,-193764.81882612815,-268825.54678074014,-165153.70181417308
-128046.63776872901,-257099.81034566957,-304651.51815228915,-112764.30545906222
254255.86934229545,265614.6007684617,151883.85679395718,236726.83905217622
445567.41832376434,471683.8156285279,285140.21803202434,446984.5633676223
-27042.763335444964,-3591.7981236252235,-60697.506771165994,17706.71659008047
65589.7905124129,-33853.5884579994,-143710.589048262,-39545.22882081143
-5836.890115369635,-62139.218316414626,-162028.3221814449,-19658.590923573356
-26876.976254105393,-48809.24652610067,-168072.9749543536,55241.7652846768
251780.03865183867,181160.5904372409,103739.11349217815,292853.6927162885
-45182.27819079143,-132584.35515824554,-206662.4015507691,-40187.00076063577
519896.4709707418,358251.911673662,288407.27270403807,447683.7298974163
376704.2477818006,259156.79260665784,107585.27073260176,260000.33295282768
124136.09582827566,182840.82939516532,-49963.35188764974,157414.94937131938
-63915.65009990195,-91534.95666762238,-152927.66740479955,-63239.68469600921
652638.2640384994,723859.1237845449,462296.66989949706,795404.2454893824
628501.834749385,647571.4494659489,402918.59158653126,645198.0897920036
625518.4207995604,573823.3928862663,383302.825925631,562059.6476703964
556337.8894643395,508766.2179545134,396646.1801836344,629742.7482571714
-461.75831573456526,-27486.86535631423,-146658.78094622528,-46251.629856122134
700490.6223099339,671851.895555432,451773.01403612026,674081.5041569711
410255.9328686184,387505.1361495429,255767.37505096907,426430.31725201744
-114950.85297081631,-139789.67618766945,-292918.41545151535,-103541.48554131103
109007.28372909501,-55012.69772013731,-157874.83629086078,50813.621768872836
-91950.64926811488,-143918.51107868447,-285223.88923854317,-113992.1027306033
161155.55876150238,107732.4260460874,-41336.85488539131,150991.24719333672
290474.19175759505,160233.35050280916,37867.96676960529,297112.192224005
97817.26638565038,35619.468587535084,-80186.08252520498,75333.73768124043
467383.65898798325,354119.3045578721,168171.83020054817,370333.599749984
325880.02155590896,317802.43461818004,150856.82986391045,397801.3565421456
374345.0614638992,254134.41494258284,127301.84243715706,356522.22374817706
492033.3630142652,433522.0878765192,285777.2255415347,430134.79146499955
-103319.4393754981,-93390.99394270527,-242924.56868615787,-46402.91742925439
167504.61399659526,64285.487724278006,-92381.89485624537,140955.66090516245
-96051.61341167765,-162913.4090632985,-285534.5318321196,-164710.28521561215
482353.50709454506,423532.945534918,259962.0225950071,487560.1610648574
489269.75008818205,497502.37828048796,372078.50119524053,515477.5666017046
450771.0369292771,388443.0666551575,265352.71780660574,366112.380701978
526198.0642727779,469088.6395452445,300084.699848608,517403.3456034784
318809.66414527665,237820.2556629019,132670.55294061464,243832.71514278557
596580.6956091279,505753.5561548942,361716.67037881643,569997.705402801
326112.79414369015,246689.934456993,119531.30939690827,315782.8969600431
-42531.832610923215,-40266.527590500365,-162293.060908765,-38160.42243943474
488570.5456282963,379182.3461406218,289903.12786062364,496006.35647960694
-65602.14209872327,-169494.96714734338,-271994.4482272979,-111783.62760747224
169724.57122020517,147090.5505008638,44757.80498424056,150519.52998557873
822642.5741415448,734410.6060541458,504006.7996265519,858062.7383842175
514742.7381758486,524568.0694209498,407660.3318427728,579408.16929806
757459.1336101261,799209.5169233305,580342.9439290831,838989.9569622611
28876.52970783494,22053.902406589594,-104537.13962300611,59565.72838428675
48276.32252513408,-9751.440750195528,-103160.00999013835,19235.157427542552
178885.81239056028,26492.612370151328,2523.508824773249,168784.57901820214
369900.03334270185,290317.2124977255,79776.14280058164,329996.34322764166
574714.0208618685,462827.84799719113,419262.0996018773,543871.7402241128
399492.49876676966,306947.21557151014,135889.83581681014,369215.0523273917
267415.7248237664,204737.2907849669,51501.95357807155,286704.1077626841
361602.4528075218,259003.9576495823,49248.503727481,340195.9188091868
188739.52354772307,169320.60084172268,-18780.369099538075,208267.54668955982
502256.90646038984,431119.5570403045,253771.11385012057,554864.9203286641
447689.09275913716,389252.5583053308,213317.20447242388,465052.19110187737
134293.99547123478,86884.04792459519,-24883.91419927345,165188.68072730256
436116.54167092824,390333.52309291787,297185.37378098967,481306.7926011613
778973.1721370099,686753.350293488,583426.7416753628,770132.1589602013
651482.9112490444,587759.365304356,469920.67354058183,598549.2076651314
661654.7418304223,541482.1496273575,432010.694983397,646876.0061917668
223962.5972420466,172573.83471105457,69228.2217895427,222245.39834178216
412235.39088133036,372394.1401757635,222499.40091858106,420559.2264622402
317261.82114032004,259663.70747315814,185550.69994606706,352827.2961872958
162511.85832416546,154663.59230820206,27406.284032643307,166086.30236533599
678929.2837601302,609459.9306539339,495630.428249247,699958.6368550092
166863.48066648038,153658.71901250177,-37755.40784718713,187144.2259609294
612811.4437347054,574721.8324085574,385761.47722204437,667825.0732428373
512781.5441708262,421738.16486562265,288992.83130169415,541092.8993974704
71751.83923498448,36853.273726624204,-147939.9274842947,46088.85444921127
-92416.38032280287,-154278.01110605855,-263423.8280011387,-53253.717591508466
702923.9634713021,663721.2460256065,472828.6412121254,637733.1588595274
467316.9621155114,400530.8173256699,230353.22308097058,425672.3383200101
353355.79340045946,249469.80238592904,198307.0411374498,447444.1587653514
58805.92193668918,-19900.34488571086,-84824.02316040441,92068.16018682555
591547.4954677415,469516.64770972077,244930.1277452089,540395.9286434081
294511.9510711179,239594.44738631032,100212.16891578678,235862.01544135774
507161.48444671533,499094.39888393704,350910.4130984318,518876.67075925844
39079.14533302619,42605.22390924534,-147271.61205487535,78650.44914240646
449427.38192736136,383642.5095451047,293007.67078811687,460491.85269834683
-84531.96143209969,-122291.94099997694,-287868.1013805146,-23797.204210291442
484584.61593478103,449209.4252322492,333271.91276844253,486230.0142055834
860.6175063751871,-52762.88246085582,-94840.34053008491,37384.02082272305
371346.88056677417,310688.4857648036,187508.23277539015,336333.24532319524
610549.2568830193,458996.92827930185,335981.85094171774,621511.8260371496
643226.6927300743,618254.6883436278,421752.7438196031,589902.2002062283
146752.11670392752,136416.69455559226,-31333.88160202524,196045.21078537998
523226.1615260859,472019.4096655332,399137.573529109,509990.18550534965
124831.8537756335,59249.052085522795,-55777.22743737756,93261.76718121697
-135460.4994156747,-131948.6982607931,-312289.64375591616,-103839.05555976264
542881.1626150401,537891.5826065976,430339.7625765976,504131.5959005146
585716.671607851,457941.3432626615,447263.2193333233,534695.4957322185
715258.388152906,571952.0657682614,409616.20821504353,647060.7348049919
-65099.61455054226,-206061.86267110135,-244044.40125858132,-106985.63029553916
558911.4517104125,569274.9946230308,427823.7217415866,569777.2927332697
590791.4965890939,538370.4161906801,353236.4169542586,563805.3872293306
737996.7043022977,538166.0036398261,507972.6536381744,658499.5556895225
458698.7411602128,351273.0766201824,295015.69060022314,410559.1376471708
357093.0411456928,291251.04847017827,213735.43497862318,370263.4852243103
373869.8655177858,256717.12439273496,134662.58901887992,375119.9343792809
-150005.04743111786,-154563.29142978584,-297738.6754512721,-114572.24712469382
-39915.87001240649,-17382.277285284363,-205737.2804566588,-16703.37256065139
-26357.055097627628,-114293.43685078312,-167198.21025185904,-75794.10717253404
351004.18985736044,306463.13602596766,165147.21551674872,385902.12138098537
-96310.38313390233,-98741.61977245274,-152960.25800651836,-32256.38535404601
514980.08624660166,433863.86489295855,271510.01604363404,423467.25254083483
153948.88555442088,110841.21493635513,-84442.53831265052,129601.00998865825
366037.9068777062,302387.36699003517,157094.5677872888,259375.48600108002
158920.44500954496,38938.79503499938,-42191.096171787125,158151.85812170513
154925.6260761025,105727.76585537754,13710.287560191704,164029.26034874865
83498.25235021696,143037.08910424204,-78321.13517941139,124098.8956209094
-36405.760955557285,-93701.95846088667,-196909.51595870452,-43085.54687566409
495608.9582675764,493863.00858731417,335108.36872199166,527412.4845178955
-138900.64087988675,-130536.23424791289,-270287.6514586241,-147038.11498050578
-41044.05676399387,7219.468002818408,-210501.64904358046,-13101.312381815922
93404.36806069501,119748.03763785376,20423.75796071184,165697.12401667424
716352.1861503648,599421.2251237468,418964.761983995,659639.5027803897
-6818.80190058297,-44604.96265177522,-224146.03868038778,4232.520073846914
192896.2142954619,187287.19211434224,48002.983714527334,241512.80684659374
324556.835808438,276645.4896890563,101770.74937100604,430073.40843305807
280138.8851679914,218234.29406328616,47658.38585186424,263263.57414837775
66373.74301069963,-12544.542737120413,-125556.18008616508,126480.54102332599
-27590.292126603075,-79120.65299052082,-176996.830399325,-59448.79651965434
629957.4024164549,605698.4219694978,426906.29379817273,622463.3112927452
722023.7160287336,660604.4620698143,501045.90401876636,690886.2363616903
251817.5366402642,167287.76732957398,18875.540996918804,237743.43441906432
447462.91591239674,399538.8470815413,269517.37984502804,439401.4783415173
-57153.83706085454,-46957.44187118247,-131226.91395909112,-4945.506947426242
589944.8044972064,541007.3417283499,396432.92337204644,693249.4151810608
415416.3669285604,327252.9437560276,215617.4141706254,360037.5648955209
318738.0305231974,220773.60554185486,56975.24112608633,291462.85887998645
299325.41644233535,314429.78479339473,98455.7249016962,392529.67313753744
643627.2349884247,559880.4359975664,391553.22162013664,669307.5358484192
2197.891921270988,-76576.31878710823,-182148.79866067105,-58828.44034598803
10251.337981085177,-85906.15579101176,-236872.4708583526,-38306.33009403263
671828.7473847475,511262.8784426453,442330.20392190607,613719.2647198141
379023.26527235773,357210.845873771,197953.84005797014,431724.30379827844
433017.5189447006,355441.9732014447,218268.2760643527,362774.4009220372
384360.4043640415,315166.27567167964,129642.11835823127,384548.3395541451
30851.14816101524,-12872.594743666123,-137397.30969985016,14990.847538464179
566789.4308665066,510683.2056409705,351245.46042673034,562166.6893226246
637018.57896893,572161.0022515084,502203.26251929614,664876.4940655131
-100680.33543277008,-86104.4535581363,-247608.56604149198,-72753.87566028512
607549.3371457167,579973.4357808568,371894.6732442257,596266.6417449818
593415.7011444033,547694.2193548437,379657.17652537883,570142.6178858152
688364.5681516945,569293.0149638252,486365.82072274655,585686.3003057681
-55243.55837286869,-34379.9149813953,-150847.64700479986,21324.616093914956
618708.0334437392,590052.1420559704,450508.21440495795,658747.1361723568
629848.726106663,615573.5402353129,366766.61041484505,618612.3508879945
378182.4753580041,276923.9640483083,192484.15101899893,409732.0489321137
283350.0894912584,230353.92845864838,99750.6838872931,320268.29495697736
482548.33163349505,421967.9609021753,304450.17459118296,454300.2322655412
579159.8519165926,545968.0684108373,439779.0400134806,547045.6698184023
-30944.616977179016,-88785.02117291064,-258228.22953548614,-63673.46572422376
119532.56905458088,-62872.52801190363,-148293.36362663307,44909.32708537823
399540.0698844661,368578.9343969814,193183.55019784288,361294.29450302105
67709.14684490068,-41776.456328703905,-95973.78424227156,43099.477587718284
154050.4536496963,156673.91182719218,-21354.53546166804,105630.08158493985
348150.26898533676,205244.98695029877,77301.33686180937,352155.7102950134
174880.36536517018,251288.16569643898,-3822.521909957519,221860.39181204746
-29889.508110481605,-1767.8656762160826,-158475.39855988894,-5610.003015956667
297403.3037206428,246436.10744691396,114421.92717165488,338602.82785248966
78505.42003080086,6685.839551044861,-82427.89121156861,6617.706651111657
435283.4353115674,410771.5762385265,198577.15240689123,487638.4760271264
-160341.98268184258,-161647.78280041704,-261908.5955892041,-140662.79380523582
663716.1192029358,534894.1762218359,449082.19935040234,717163.6700225403
497727.25413269794,464559.07004528283,306637.8793091738,569388.9888787481
-106920.72239215835,-183237.7564061985,-215976.6277750401,-89315.05273951427
325581.52330988226,209318.07327206118,17293.55528137379,348236.52421954216
-23232.469062159245,-122425.56944826542,-243197.53185555933,-41651.823929216596
507143.69537711365,423607.87922318524,213395.15332714445,482406.07510591927
259003.58195672114,88607.55930221698,86912.12712467939,286091.469394658
162732.2191312482,75901.87767645996,-34311.351869726204,174646.89332591498
480974.6416666311,501043.18127116596,307762.03552632127,539294.7127809888
658072.0741887267,530785.1884846678,468794.11106835154,602670.6384179015
543047.1087741366,511196.1297593324,402390.4907659332,444866.7873440803
149725.08996330178,93134.26263258094,-33297.024016587646,123422.44562449178
326197.0446194202,274592.7031819825,171895.42167996382,446280.0392011496
635524.6436284462,614026.3379817831,377372.68053855037,653425.7662943427
91685.49100621731,70729.41344509088,-99541.45079428866,124601.24459961639
536301.5327895363,464558.5934201918,360761.73302812746,479141.15469640447
399038.1557853384,308389.64571848325,228451.19467067928,371817.04507975955
366393.19477977965,263596.50038756453,216302.7007523371,363012.01996800303
61790.45791767794,93601.09109460865,-33669.419489070424,138352.1255429634
613766.6707585419,481400.3184001822,406163.76881477714,613762.2979055035
56737.2652961493,-24629.73869027925,-155793.5002364277,62064.74655093101
620695.1864549816,591267.8841970006,485067.1413831321,708520.175082477
508255.0800206844,489189.28826652316,283826.6938850604,501965.9009451906
248523.8869989916,198930.36349910148,85090.03901004046,231709.53587384603
199098.40016680188,203439.85286309558,22999.093115148367,235992.61699679622
301555.20207355416,231776.15354832145,10262.430880425614,302778.6731548264
62191.09999114752,-59362.15275980276,-145279.35727233993,57388.44840400573
590893.5718667691,481127.98930643743,376659.68026102206,607581.618349171
15556.847686194465,-44975.214114987,-98593.92438942089,53074.774561599246
-2107.1464807973243,-37025.47979832452,-128746.28778305068,15003.290984400257
-145249.61736569594,-174282.4097337806,-291597.2306797082,-63767.63429488125
-96576.53234378697,-183437.282906976,-197858.96489865886,-61180.3047541377
14319.21454029018,3453.7752662742278,-199246.27560240705,-52042.82463118003
283617.94344931503,243772.9216447221,109608.64917978959,270279.0150637354
-158873.061627888,-143558.9141156458,-242695.26530841098,-63850.32509322057
220696.35300987505,208255.4118160759,68605.9915574874,260312.88557705353
736122.3577012806,582603.9800333192,472650.0691617044,667743.0213726489
633970.8789483411,534848.2687018565,355161.52219570766,596239.8174155462
669911.0353809556,589465.2747789552,440294.0165599551,678262.7665897375
30321.06811956584,20340.90383154608,-116136.454243251,47105.06079293555
473789.42713362526,388164.2507559577,257388.83744792303,447407.3414036494
419884.3199714316,352519.1862122922,192660.80648853758,425983.34635361785
342898.36233570473,338457.5060468364,248313.63573396893,312924.42266614526
556147.6387774339,507831.02778917924,384696.5451013113,538632.1593078009
1882.5895115157473,-43107.61562810361,-178015.5165040901,-244.74304896016838
654077.6061574812,644335.7660260901,449812.1800423934,685658.370070369
580943.9144009664,499605.49346517003,394140.7542346597,654137.8874890625
-16810.51944310317,-86316.93148846918,-250659.05522749934,-9583.700916524976
373293.3781752018,362769.4169036257,249646.1783526641,454647.6068444232
444632.9739619666,429004.3852199011,338993.2421076918,511836.0662801936
367766.4744426457,294509.10531256325,136273.03855892317,414218.085281192
509218.2501723099,441017.5608135527,314050.10455567134,531733.7415298197
-102654.41071058437,-155471.07699503587,-288896.35684447037,-101309.4720453684
427264.3671384817,344696.5812091398,174255.06621510745,408289.4678221117
-144590.5945361571,-166009.52764739835,-261265.32191441098,-117784.43684965372
-147990.97083248908,-234122.21456651925,-326664.31121949607,-144651.6883369314
192777.42200738948,115290.1004252719,2158.3021362103755,151885.74380485842
140065.27967052162,56194.5076050912,-62520.18040975905,141735.1230846669
470014.92783305084,392445.54486773803,248202.72771464405,467485.87611367914
107490.26940364647,35914.309765862534,-112173.4234839885,140042.91106418916
-71513.97211491386,-92581.77985568868,-188193.88780049945,-46845.56987129373
10170.114147177897,-28898.56521221099,-134068.89961248083,14899.400178406097
519193.2561252499,470576.3978177017,339212.486918182,580768.0785438663
236588.31720318762,261997.67400382657,103642.56332477194,269905.79202572245
183044.15057839442,152156.8514139481,-28383.540965051507,205814.83746809093
593584.506495497,508969.13344697724,403980.54907906114,532691.9303144013
259337.4145558559,230900.7252204488,108259.21239750704,286897.66095618333
581342.7770957344,530236.376122904,461519.44821172196,590008.5159458579
151209.7410874297,159388.61881517665,6355.514067961252,253930.19162167097
565172.2568797697,492616.338846239,379033.32901614706,562438.325013832
-24395.2504867526,-102309.03058803797,-268087.8271610224,-37591.3007496401
133310.17622044147,36133.461569625535,-21292.98239952163,86307.45165340579
33588.00081783789,11470.29857485334,-120007.43612853962,117767.71476819797
552667.5080621047,510984.4607455123,333292.56305412424,581764.4481429092
122042.44290540658,-8677.68764121388,-108636.10777439771,49124.96526427916
-99066.46318565455,-137042.46093638468,-280096.9716274291,-28331.035847910913
288372.2317877015,288413.29670184315,139033.85020414286,340176.8394300818
175706.52088478394,192862.04924789607,51645.5144534969,223684.06085767318
103294.80542614544,5842.748782785842,-76052.10451561038,121287.60949064209
385028.573054333,405237.50131493155,293243.93154479563,440684.406282346
18466.880292702932,-38680.85944621783,-196620.58190915413,75675.78876953304
221562.88584190654,147236.26368951716,50176.79541583976,158071.19354272098
-72055.02316555183,-115435.90767484467,-235840.31069109228,-60199.209382875066
300948.1941443292,155980.96879402385,95865.34897284803,307903.44746952294
718139.920253014,662423.3621521825,455897.281722827,691068.8746814094
515845.47378801357,473162.86877936637,386028.22200352943,565780.0114798129
555460.5369579024,489391.82478354196,390467.68025296216,513149.34628002485
444013.2555887037,294891.61348318623,173140.63317635295,442221.7485111217
24358.464935743483,-26258.82346397906,-180089.99734369898,44563.14939476666
-83902.67700441403,-122319.06959794456,-281330.7430045115,5298.843041697284
211570.4381257171,154236.9165192563,-73614.34616963076,181874.1398128831
107693.30409048346,57835.3162540053,-54947.68973556638,60036.578711623326
263890.0328861821,269326.73144482856,77087.04849928734,318383.5268301526
367645.41490199394,279915.09097014903,103441.60775431246,333422.84441081225
-78201.74152981106,-197528.37746344163,-301432.75550799316,-126474.73460935138
-131008.59486866265,-187546.48434482567,-311515.62446006376,-113213.99330850382
137837.16708731628,58835.89902324497,-69837.81467585638,155648.78268903913
380850.1292317221,431185.47150950844,205469.6578416546,420585.64179841185
139237.7893502809,35524.628433917416,24848.36311261577,193308.5551797737
600968.5347054813,527054.9699273284,381896.1592894533,599615.1331677849
700880.9209525487,673542.841198145,572648.5725356602,749004.4837587627
730819.5617498874,629285.9686844014,490612.44014836627,726690.8479867224
526837.1135477105,432979.38810942706,323222.4171748406,550051.6405116422
241054.53348635766,142687.41718519386,84616.18506448506,227157.64170215477
280719.3602653991,195289.59696441493,127902.22950939927,262331.16956559406
313052.45121185353,287401.8779066639,112245.2389867598,240818.73115258012
96411.76545938989,106508.62411903648,-39758.4889566811,87454.40906984755
672169.4043613656,565945.6183376778,431923.6762346324,703771.6113876838
37354.63754629169,-143341.1610928605,-158174.57746206172,-23030.222999118385
-119681.41566652135,-96878.7525646828,-168895.79035103822,-100818.52912828856
249169.2894405987,248489.61052784382,33502.96288825548,262434.6515931011
203066.98538999725,143218.5646074931,53889.24105880177,212167.8279620374
704730.5189278971,588770.7018412151,446598.9720410266,686945.1531233133
736594.9603734466,584459.7529216569,473161.76604865387,638617.8072560974
533775.2170937677,534630.5989766188,366240.4440142589,544285.1609453615
322556.74508585455,392572.7221528903,219010.21867960365,274327.29159470426
-15184.095408362977,-10579.316513579339,-136956.32890210365,104941.72888411523
259612.03828317288,249245.7447536022,105657.52626197843,360757.10567321244
51133.56792242138,87344.27128641133,-81718.06869786256,109018.91818129341
70532.77844831976,-69990.27156101208,-135130.99617858476,56325.93164532923
526029.2985816062,437879.58226986765,357904.225284757,483366.8834908088
14661.530537743063,-30541.155158831505,-157383.10432511562,31894.042262114468
481191.02678672783,462786.62689063395,358049.2639157709,568040.6979758879
308770.3779926705,324616.7767485955,196790.06198756,338499.8470178776
206247.79859340214,42114.65560037026,23187.073088890524,110866.0036521426
454807.6447425778,394973.24546180037,241051.94151350448,448854.3080403652
230385.84675770148,226001.60848095396,106997.78367979359,333683.3435127514
133066.71581873368,78942.73187707877,-14879.106302761706,155244.114794421
422563.8952299139,282218.69364698685,203920.4850211962,378034.1379184853
-35337.3823738083,-172573.92924191663,-285485.6715606981,-95610.68034977064
665812.9126441779,566323.564227575,439088.73955899954,613705.0164326313
842331.1680655265,673247.7408668308,470384.4615705431,813219.5418947409
470889.56422363257,332704.4338272783,199090.79771728395,385069.0541728925
386234.8324356113,317491.6808145669,155767.0308706651,361275.6014248382
381807.7907797183,351014.39188557,216229.06786690257,410685.0066120478
346922.69440878194,213137.17875267868,88311.91983684106,299398.2515791125
48816.45190967491,-64337.73813833401,-189776.0394301283,33717.1346156504
637451.8154448732,598821.3058298933,432017.1717832106,640977.0851597458
550426.2468093024,484176.2391350705,405794.22904435,568178.4458365955
62181.286676171934,-14841.549416449852,-85129.72734009323,33414.35877067479
97372.80543896486,81256.29460395139,-68379.09867828642,108190.28087783395
93436.19586453703,114143.59942504228,-45345.66218342504,153462.28032828635
529259.7010224308,521391.5598277801,433837.4138109671,551423.4418620658
52287.79861981841,22395.415798826725,-136519.82464266458,124765.43950378522
73191.61679082201,115015.24691438384,-83849.72769682761,69075.6471621421
97473.40680493414,81662.03851367917,-64018.685632535606,106043.96050870686
283937.0779632324,196796.79657303984,144911.03501832508,203490.18999409315
268624.32094826375,242905.52251039783,103170.66845977516,312925.87535816454
496713.21414904925,409579.37273558555,330708.52708343323,501564.6134958627
711060.8843193937,615395.7865247005,514411.86133121385,743026.7037198485
447147.1872839924,324697.8271045245,219874.64052889752,462330.3203325254
554456.2033330349,572371.8555018704,400880.6990492424,598408.3331313757
15938.50375032745,-62979.35505039769,-183255.11402622022,21253.817579780705
105735.85689032229,60136.3924964614,-30978.002668305184,200740.07577790215
487016.2502083826,433404.9018976301,375077.6358944045,527440.1735614323
321542.25455419323,309999.50107753323,136122.00738523668,322640.3086568195
526618.8083884019,419520.05577508954,353221.489357161,502086.5018500192
19686.999383108923,-106921.20849816687,-192244.16603298648,-7122.999501340964
541464.7546779078,517753.59637529985,399850.2869979986,584711.8755684425
265096.7794668593,229351.03570644907,2733.465427022311,259650.31822324952
533450.2187814624,518233.77575935936,307288.4001330382,500508.81694063684
728243.863002673,595519.9572691289,517299.35935229005,719906.3516488164
33798.389294515015,-10366.900787995546,-81131.92865867121,78304.57776628388
113951.32190013235,79642.39202713338,-18384.641548880027,150444.41404217423
-27063.288271960744,-118805.44010723085,-168997.2335584,-11691.516449270363
395493.8744781272,242806.7615976784,248839.15957060165,397273.0783643824
282823.3682082989,114459.741980399,12045.826488020248,218097.8143607315
626279.1200216324,580703.1036191238,436246.7707932844,615610.8395100862
81118.34660419996,75865.52258415392,-104767.10874592,72321.18743342778
10720.669355521502,-38294.78507207829,-130640.75807310326,-36986.849473989336
153129.3234782893,27292.66722631757,-36754.479734450346,95046.5664582121
639109.5489285667,570021.4647349215,526799.5974038678,643758.4567167407
510604.92920161295,432297.8134868563,317978.97149298247,475506.19418521225
557829.9137092526,530015.8519269037,279493.4949087852,572922.2330635125
459255.8902062868,405514.5881809108,217226.55472160352,388139.54853034415
134776.56572051335,114869.29783314199,-75649.68617245776,155245.0560002759
267477.05784232554,281250.72973501217,104885.66997453128,325638.90199639206
831755.2266375311,728048.2693969454,645267.2444136819,779884.7910278642
114086.19203592348,30489.566619298887,-53517.68449293473,137640.69045269885
299846.6055717182,158633.8665521954,83236.45195652416,162360.76685536257
132276.2260429439,41260.987760980264,-19142.811196631403,71312.62079829792
677114.6624700339,584319.812798576,391251.96946965135,598633.5424302376
-6184.328430610534,-92877.60515497281,-175820.42307542445,-11455.025187704188
525767.4384090356,475349.7313121662,255139.74990925484,554478.9473359326
220227.19724699296,219399.06212901475,42385.721747021074,192656.67741363612
380400.2706339316,335068.9941295278,181404.50934535987,397355.4900889683
202863.7594369182,59196.92980663967,-38777.6432839433,98375.11661430367
485499.58229137515,460064.07365341054,310376.81692735106,538140.7216152494
296212.2589175665,193319.59447940532,102016.68851576408,321492.3045239961
-74884.54142509896,-166707.87739744212,-282976.17141332506,-62393.01337368204
424357.9825134617,360856.6002538636,283581.1542242018,497402.63987317134
270960.76423601294,185858.38498190802,138179.9710338601,334695.77332757995
497475.47206136514,462156.576811032,349249.12178001215,576521.0359544081
370192.52246722265,270874.8197053103,193901.35816004558,459335.73162859865
563743.6120605455,504597.7760476805,351678.4873137914,604814.9542869686
-124184.84311179403,-85791.03290854895,-242612.628272752,-81194.3567007092
138314.52532459015,105627.83268538257,-31403.960751413135,167147.20708561793
719694.342260178,570425.9161105151,426508.0003328171,679443.6147821173
150121.26974773966,43678.08145529311,-41501.15339185158,134732.29558602523
468912.2987437446,397994.15985430754,302735.1792271148,486134.9472888394
-60179.240760546294,-132059.77582598396,-246375.99649714108,-61323.921152014285
-175613.85700798564,-222462.68787695526,-321168.33338614745,-148623.84382955538
139707.32893462433,76455.49156330654,-15386.69900722208,175919.15053466335
-49158.760772995476,-133132.82739999524,-218608.3860119501,-84085.43871993804
233987.10349129722,158485.39989196777,30196.88881562499,232361.38647516875
77009.03452649072,-52952.77383982658,-110039.92868782382,50061.37734843651
327394.6536121761,273285.314389245,164646.03069313115,396440.2814936645
439438.10944195907,353588.9286641744,238409.88228670147,453533.813432705
386806.2228373318,321385.8110859925,158867.56686198444,357071.9560581683
256003.09917947196,235561.89048538683,143464.49362814485,354119.90369195293
249492.62489640643,171154.34871604398,41345.726805633865,262019.01710329938
19180.42329371866,-62833.06729381229,-149735.08895623125,58404.42815866263
184159.4212401153,156540.8022563242,-796.6394542562775,123109.11734787212
300031.12676390447,193198.61742474488,72344.34154035209,231938.52382797364
-75020.93818477722,-151725.39332821505,-213934.46863120818,-50379.05992537516
519507.46721665503,419615.1976806596,358008.46437453956,568957.7279487029
680209.2543752198,561830.7997132519,477303.5929060577,621329.8640687878
-63803.41156244301,-65524.82223571703,-246879.01115823764,-56145.61764893733
-216824.05234365223,-196207.7640909925,-278193.35337836394,-179246.54884757468
-126728.70048236876,-220797.8948786204,-294408.20515809755,-168478.67280616076
372742.75023274904,324096.6857158358,180105.44219446846,408785.05187763995
-119633.24539555097,-204205.1561688478,-274516.4359395284,-113991.98139950703
206584.9381341742,63167.163700610516,-68022.80711621162,196964.71852215973
238466.3007648458,209478.07718584582,24848.540428807028,260233.3245473106
535306.4045735603,445306.900186479,322197.01352005673,478454.49806307687
523468.9862383057,456938.43905956345,368969.15679278946,478939.641608407
392749.3112953607,307277.53624357143,223923.94162124756,379821.8817864235
-126467.10250217805,-183402.75313656934,-284761.0910790471,-151339.29827504006
566298.3796733052,468214.6523703181,365404.17511836416,599049.5217529149
103528.05550076673,-12214.876088188961,-81169.82116382977,124096.97451110347
282924.17241809843,180427.35130044026,41958.01749325381,279383.1586166227
549252.7929069102,588387.9695744524,374165.7833211754,657883.2528945019
-97742.45248566382,-127972.993041787,-271507.2252769424,-75668.21676627145
-77535.11100558366,-110460.62485647039,-246843.10333773168,-68626.10100399092
651932.5979740929,577672.6134569624,407096.5686210763,599842.9084854168
607341.4588964987,553276.7388714596,459143.75440034375,608268.7842177728
500616.83044758206,390223.04949484044,244674.37735423737,391478.9026869362
180146.88457673264,178503.73425869434,98371.66885852895,225460.00492129475
370725.8794652916,225532.8490756146,55439.51163441292,320552.3484492948
528130.3910660107,435405.48926086735,394378.82897206163,464066.15641400847
-41984.124269584194,-182582.5216928994,-258213.81041691848,-131268.2183517409
525810.5104845382,468573.2430360707,269336.5177652999,503130.4949124056
129053.22763362667,82541.65990826231,12419.961629482685,173620.3499230832
516082.3227666948,406608.20970989834,265809.378490194,490473.84120237513
411359.65191080375,374640.12382984045,181211.76898373011,392056.9074735156
508594.2271731291,476344.0370780227,341895.17279665417,556701.9809851767
218095.65405945713,140845.519841169,54546.44664987072,204547.4628255742
-19730.9079234713,-70945.9093712059,-191217.76592293027,3894.1138032872695
-21717.928398141987,-146737.2090324167,-201666.50915669976,-62422.9333032741
406150.3018281573,341373.58904566884,211294.7936216743,371171.845867694
612239.6746171326,647768.2129864257,399107.82830744213,636656.9910380677
-25937.324551921338,-20843.97474460653,-126236.20185202482,34711.392837403924
335306.8887352336,385403.141528885,152165.573715016,403056.6377873868
-39707.008274671156,-37890.32355488156,-239941.68572961562,10976.747479255253
539522.1749091806,535514.2914264426,420024.4440068583,555554.3307261702
449446.6909854668,437317.2717840499,319068.1791610789,518863.2362038065
346985.56040252326,312464.574469574,222825.39787470957,442333.02208188036
371292.54325109127,316991.08507963514,192525.15449556778,328479.07151149993
42313.073778509046,-23638.638378120493,-54387.676495178486,72115.70901565813
612183.8149684733,502446.04867825995,422062.8396908898,620457.5231113557
274322.67174603697,184083.38509843533,46996.221839456004,345323.14673714957
542383.3266229157,472487.03701215563,294614.4539363446,558596.4845679523
537442.9594299003,468436.0751860236,306239.84173820564,487008.5968379299
561185.5297566457,542802.6073262037,355022.93809438276,614152.9427418078
380128.89555269945,272183.22363328724,159219.97069447406,410993.52198839735
175471.34783444216,106775.81962080009,4603.638884353568,146070.77996247995
496403.19788091234,406119.6591292503,294756.0755308259,541091.1051501391
462658.748024581,417195.1285551777,349161.87323435873,557336.9178391255
446177.27223719656,349862.2537846253,342637.0946244787,446347.40836218116
-102808.06506079575,-190553.551620331,-273333.59433114604,-144570.996452405
570324.3467907929,555091.9955986461,457479.147900669,582891.7665396403
437435.71475629765,443986.90949406044,289677.15269172355,430728.5356762253
193476.8362584333,106342.29566969431,18828.425158900092,168289.293890625
82250.10230691859,-44498.695718989824,-206556.04816942156,57360.12077196641
-84289.88366377121,-115092.1989791799,-185264.8290864792,-84112.59273631469
169440.19834134064,154848.492321476,10414.318055684678,204140.2761243392
-61930.069980689965,-189918.09812087944,-289801.9812151094,-156426.87596899632
377169.7392034596,358506.99468077545,222215.40672059183,410005.19044911955
132527.9702965077,103523.00027057505,22368.64445852011,168408.78053349385
168419.42073766468,72272.84643477853,45386.67647194199,201916.7396797213
510650.3117457458,408797.87865674193,347653.471882793,426305.8712089674
596535.9900350994,549577.2116082232,400448.5720707518,591697.1684818594
640120.8752074635,475078.42464037705,361942.9862288205,568075.9279522952
356545.9744579308,274472.6557804323,185582.2756244142,381338.08098517905
722648.7656867667,638340.6897218099,480731.66216746264,647802.5205976232
452975.0152711248,316275.13102372794,215532.08234816685,479337.60809116135
636959.4983765148,587086.6754080665,436837.99827983684,703768.3764731854
228858.53552655154,116696.25419882347,88526.38032335741,147643.0821580775
515534.31006335,406866.1840821813,190691.09461417864,377767.8174808178
354350.64672318683,239355.45221988217,168837.140748127,438100.3946938737
170793.80837439722,60645.458655525814,-26083.151209061034,186174.88751912152
-116187.51664628548,-165968.2426070206,-242376.11868724547,-147202.863161764
563321.8926484177,435771.7281190576,314254.87605408253,509722.0634490651
689349.5162920277,520064.7648787163,423594.8673427071,635577.4383942503
212596.6632949363,279044.6450292405,174259.4269561416,316062.07415821427
715035.4371729686,554620.46328671,433070.2048883744,688346.4866196075
31545.519513195148,68190.89685284696,-145031.5385227239,13129.356791923521
413683.0193807179,468687.2180990792,328597.64103458356,548812.674208258
174839.3142053421,85008.74522130389,-47060.367348191794,139841.17909744394
417106.2707195787,351383.8640411913,151865.76425034413,370674.0450538354
283768.20775571,262330.43331480434,95529.10216420691,355863.83445660933
668103.5036738513,651923.9651649233,552971.1257202433,679693.9456029146
411628.7673880968,320082.32902762364,297187.9798871953,415762.66193159507
148793.23897760897,79525.07030496211,-58011.03366791771,147919.78380280302
521081.073200157,526512.3226238356,365164.64773985406,545050.4074949673
318958.92104729405,307285.3085045058,142416.13423119718,395587.3148756274
584978.9009474786,583677.8411639486,346184.9518664073,637444.9151459131
443669.76737614337,418025.4517218331,232085.88908645313,439007.91166274145
473112.3760749677,440213.16899294755,274990.8578318644,509178.62864662556
133331.78219764656,26813.024187266943,-50049.04300149833,138864.10878614685
70269.0951886815,8065.293935895432,-131831.73850664857,90679.77344390727
46555.71596210066,-56471.97238795366,-131814.13139858574,6132.564975816698
-22963.590175815334,-1197.0051212210674,-173683.04358954984,-41059.5656215722
381654.74731756945,304214.43801739335,230978.5205741668,397151.4132158987
-91770.09695824463,-106541.95898553496,-246400.7634310344,-33386.13227648387
-67725.13383895211,-134678.65698369563,-248249.62495837623,-71507.01623701234
201212.2457699778,184910.83053233265,-24732.280851597316,191872.72228311433
694663.3073721018,695861.6955345452,469826.11108703644,754475.013758109
298448.5092490652,196004.3949746641,166094.24410893524,304011.8904256575
557391.2312270403,475605.1152625788,379095.3935313291,593632.6823671025
239619.54831936106,196347.99872271123,17555.610184023506,185360.58897381555
-32603.06152492977,-124568.20362628024,-278946.87111269886,-49679.27765174577
185529.76560653397,155509.18535123125,-416.5385098113911,133774.1014854121
212734.33102518646,305406.86240128265,142495.64644007687,308995.0955907656
36682.1730390602,-39827.61803494475,-73371.22391689825,2875.032120422402
-13135.878803811851,-116055.21543106623,-247546.75996701483,-113667.90537869144
-169732.23175837245,-163791.96450561273,-299412.6786420062,-169604.95507926674
586723.040699441,588952.0579472203,520908.08430409816,722061.1168571112
370676.43787336093,342131.7842102047,206813.44943178515,389489.46720572584
44997.86842786858,-49811.64427006629,-169854.03299448406,29683.63460886071
88825.47409450158,280.91123972600326,-132258.31572823937,71985.17974799068
284017.14672939235,320402.8284606845,161556.6496739589,310430.7463266436
517536.58264496387,444907.3425150942,307631.27731535956,512595.8838758408
672886.9942998555,554373.9744364035,395226.64619001874,611084.2506166135
504426.5750607499,433537.86352931673,291998.04708895145,552717.0788495075
182624.11170844408,192814.01673519483,67972.26385056344,129628.44292083476
142272.392305661,153309.96073236968,3220.5455908668227,175025.34094365814
561109.704397544,517042.5971600667,322515.29772089096,564302.4157730611
443940.83425998664,382142.1732567481,164510.9665730449,335181.8886098892
-101866.93164672481,-140949.60126405815,-293165.34151928476,-72128.70513336128
27011.30082110688,23962.09185665869,-109529.24988608249,102019.92038808332
712407.0142924448,534191.5228742622,409106.59415354126,670478.8019395289
206865.93717828242,248087.63161734457,78345.61689281778,209049.27382619877
81863.85985462216,110856.63811487798,23799.53608611331,109840.59285541717
33086.82674538484,-45226.34395786765,-194915.6508603763,17644.570370240253
62351.39444994298,-25977.73194722942,-128946.79599255079,82854.0693535324
236042.77949163108,252756.63591924112,103409.79474276688,243654.8293753178
803657.0575670397,696174.5739174583,526252.5748803416,736005.774307033
196152.29377530864,134639.87063519226,-62505.191249278956,155473.60449733236
598977.8219538825,567208.1717107741,341064.9484216181,556720.0710265401
317875.3147441357,298833.49718921585,212045.35268222436,363276.2798927375
-134405.22013726202,-225204.35730694263,-305344.0693076854,-125282.1146403554
50686.97735412896,-55506.32652787224,-207216.1488993743,-4343.835564592155
461319.36063499004,360881.0182960563,286086.1467893601,434696.4976579248
64303.02162870963,82467.71260170673,-82291.8797226667,107550.81856169715
442829.11598069814,319900.6525201036,226757.1110739085,496321.8647704215
239113.36605291336,220675.0292584272,66484.33175820753,292637.09232668823
615289.2938320083,465910.52923306567,289884.49605980446,532172.7872928214
109069.54648736527,-37548.15978432412,-145304.91766843013,80182.98569162644
327090.0798247722,340259.9590757026,123248.79641323967,369836.35035229824
436224.9574736523,492602.234365055,249265.01065362978,522198.43413175445
398392.82350789243,303249.7249539357,244316.68250038987,415501.0309102362
258016.09148210613,262760.25154672354,105727.72360861243,287594.7472138958
-91024.26350412244,-120179.54922024102,-271124.6734966404,-120458.58702449832
624791.3887698271,581670.8220476208,459853.0498510144,613961.8704752468
255663.25039407716,183960.0073243929,99282.99776862736,275395.1477548204
521624.10644816747,461982.25572507933,335029.4026514031,636690.5560840818
744011.3242699828,623256.618307027,605358.675611375,686634.5092687274
313267.95913383283,318067.2844565059,155468.00225870335,360666.0015935522
242003.44346695626,148223.9392586504,31838.89534436015,208809.15492523427
624308.5117106235,480316.0927236284,405384.9277663488,556681.1620517077
411587.74100529857,325675.75610988506,167130.25925224065,350795.9813186497
429356.833105722,370014.2700393291,291743.9998071338,405886.35469614854
688336.5296069,651783.5053131154,590109.7322051272,717717.105275597
718884.0938428983,587619.4130051259,431431.859855513,645456.2627097263
41610.876731632976,-104630.6904848449,-184793.0561090677,-18415.243952625373
315402.83176798734,304749.70546183165,130373.04125239409,246746.46109544416
-2134.5487373837386,-13558.278501527151,-154709.6379763448,122992.15365276334
657571.3438693576,638901.819790775,453676.8161707689,664510.1332891188
384162.8203918745,306935.8923813944,137995.03831453528,331026.783494783
706628.8245953652,616084.9820356527,470638.2598168369,675793.6132818558
336892.50761876174,214541.59962767537,99996.80031431897,311760.17800308485
235598.03306379355,97483.27346123662,16275.326502273441,196964.87823007978
440651.73848968465,443441.27145201573,304925.86266868084,534321.2750387525
707975.1712423298,570941.3812437863,516274.3358376898,651423.8999638029
742255.0880237557,628603.5696302596,404614.4548160912,658327.1454944338
581646.3925925933,451736.1083334816,292828.5662772282,500094.93901030207
652874.4540451539,579859.5267174144,398098.99105326587,691032.268278077
236902.10193365032,132343.57947488187,105269.80369091185,260042.2615916091
350844.10133805464,273959.57472098526,161121.01832758915,315325.42925032775
28460.591551546357,-6425.6842154162005,-168476.6313276901,-37733.05351976084
-62403.0271541439,-185084.60878503713,-286163.70795915346,-91306.22573971277
-30804.207464395906,-40344.331594160874,-87161.99091139087,13335.203650924144
652511.0359841392,648675.7887604067,451365.6355662666,666979.3854234847
-14632.540414235787,-54611.577493639896,-148281.7287197658,-14572.262189975649
211403.31948288856,218811.39651053667,70954.47456427477,216162.86440474563
195547.762384346,122031.73813521699,77666.39524768165,207303.7686628187
485597.2823496136,386487.13960005844,231086.4200898005,465115.5135717442
244557.98665259278,194144.65471620113,93325.84582390194,280858.30591677804
486639.28527047567,442379.69910553854,316202.4428664601,438338.3958077552
-58171.123285936774,-106513.02717869973,-243209.72709343844,-27400.84945364535
-15227.699534344836,-79069.9153354285,-165512.93235237914,-11421.083086526254
279456.42023208924,194600.95183490159,116414.83148838428,317516.48427087325
457520.10597942513,353165.1586458923,183109.18172499537,444275.21609273995
-45893.0925089739,-29703.744126270933,-217952.43594165746,-43062.021864396986
229974.57111666817,156159.82947821834,44646.07183609356,229700.29142061202
329853.7034157731,317073.1765597912,139805.84030186362,429117.6725526077
458922.1527653469,273291.26064305136,254731.20338996814,537530.6016810832
-139782.27580401488,-151285.40516757907,-256451.29423729016,-122543.50045644329
50595.91146989085,-78112.47694439668,-181698.4904111129,-26316.722262928088
243829.2434597821,113687.52668359887,-26835.937494997866,163624.54322333925
264924.8468414311,95171.14264375111,60905.64559708617,262922.6764841563
506766.9393404883,336936.94421271945,250196.32533426234,441067.73101326823
184253.72568946378,-30793.582564578857,-96564.10504888231,132444.67129948153
35215.04310659296,-57214.37840082747,-162526.02067933878,8564.613743887632
98759.1304399987,49887.59114787937,-79776.77751563431,97041.34928162722
181445.6322305411,154699.95876261045,39417.97347217484,226704.02152401663
437248.69629013224,309222.47768601065,216019.78253474226,387932.9245667531
230581.48651851108,177999.21236790495,-34849.14815308852,223625.2211071814
673968.385471002,628135.9509114064,479476.45587873843,676623.0062047481
-1198.1150057393825,-66193.60642118589,-167203.05908999674,-40121.387731024064
670378.1227235992,601094.4321384081,474900.902546598,625913.884169165
134252.60145893844,107167.9170293978,43143.67066682177,173076.86663965916
585133.8330621545,531341.4404903625,445567.3988052254,567319.4064453819
161980.721407464,61937.25360653212,-123685.07649841357,153218.99140457693
411208.9695870398,267100.7498634899,148543.7845852758,364455.5226237286
359587.4692055626,409488.59281829046,195471.41114575695,449711.511675108
-88513.18504288472,-109051.07312047662,-182973.14282612252,-37166.13367409835
347173.8761143063,272740.2794026666,200907.5982442248,388929.42441195936
485748.6846126495,485975.8310976315,284621.4547333997,540276.7424849102
-99633.97680787719,-123696.94421245635,-236155.68968535343,-48882.80566608731
53642.84561152558,-24979.113065598183,-133486.644105534,45045.020744834095
65935.1497527234,85813.94352118601,-139111.07693415054,34177.87651184271
191817.52055654244,109378.92893579032,-71426.92872129998,151158.3314454978
391667.6359154704,409218.86780924746,193035.75947152416,427675.3775703212
117460.26851221093,11027.187281257939,-83457.86204714025,90536.7114746715
394750.42358545866,297141.8033119135,179651.5817174737,361867.223102432
107065.2150447939,58824.60613020952,-40608.5471185887,64309.32492461917
53484.562223943416,37035.20000500593,-72175.84766371956,116847.94454817567
479998.39223564777,490293.2818706153,417803.3015292847,543413.5536055013
489327.50674319896,485015.029530601,246288.60389490658,487568.9804644587
249423.83309381246,217937.38063058408,161575.58294171526,168937.97190066706
15440.36312685028,-11542.23640417424,-220875.25842922262,46079.84568269842
20866.454462903726,-27668.46683980967,-144468.35910598084,3556.629610200238
652422.0710153838,551612.7761003985,445195.91977874225,685051.8407576394
193102.11723419535,172904.1502563092,-2549.4543836219236,188758.6560740436
25196.49124710681,-31094.790039677464,-99462.76329670602,22468.955253184773
199050.8083265787,90581.95069798711,-24602.32944252668,147913.1243373194
99036.54257004347,69413.49058466894,-160604.76181940973,136336.38877285912
124501.11816272454,53922.64639744512,-72364.74342598813,118817.7841126963
454041.82019491086,459205.12143930455,349407.0678198711,568531.2434835846
-87831.8739424788,-180755.84202795656,-253797.63862341642,-47373.88301468291
298152.186844188,231625.99070309033,85783.60817833478,247109.61072715605
-27035.492189480516,-71842.76443853305,-190801.03656445513,-54189.01337215572
374467.3679399487,299590.15267200733,217708.47784532444,393414.63850249234
210433.8735322263,83496.38911932439,-48508.98610246321,187047.63260221935
620688.2873867422,659840.7771429832,429059.53382919694,692201.6178934495
263781.1691791405,223467.88326084916,64067.49945050327,296074.88931009616
286048.82540169964,191967.2168136728,23494.652127437177,326298.1607052393
510286.7610051818,366916.1542835707,311554.0496579944,424367.3274227326
341007.44986815774,305175.08548681287,149407.96898632462,334185.29701581364
360277.9988531446,373893.51363614784,266774.73629342776,385537.52279504423
169998.3120876397,131517.66660150373,50097.66868536954,227114.53681058297
383907.3943266225,394204.4298676733,178562.89117377508,406949.04265402176
173820.31839329947,68641.08536891744,-30673.127380358055,125617.90634712216
486049.2296822716,379506.4634088327,328075.5117276778,379911.10855436546
163205.3089206937,86400.69569757523,-12924.97116117482,158658.41399253823
468697.028185389,349496.18259706534,340373.0102999873,430007.86352274497
613193.6169934319,557380.5974448342,423391.0425932222,646348.6050501745
-111157.66919119417,-196730.29342666006,-306620.7453563585,-142508.1005579593
56917.490899991826,98091.3116624346,-106793.46393767057,85068.45231344155
233300.37645480921,148081.65307787678,14038.201537374523,192086.61577183683
594357.2903115931,528333.2289112343,389114.79944536113,563932.3677746078
415478.59344880946,347677.74651288893,207170.59780052712,338391.92796115647
613151.6132082767,487431.5309710393,345662.30194837716,612366.1015100006
87496.29187305807,-9719.252924953471,-51261.73975207214,175037.55934194394
319417.41296562296,144680.5010664598,62052.21013641381,239626.70799988578
44044.69373762398,19402.018151890137,-170349.80209414242,26045.276271603652
492423.1719861701,497296.6123455351,387410.6129043703,606259.8140612263
474287.45359653584,427813.57274173666,252506.54390814982,440757.6249082328
210166.93699934252,283390.27460521867,145294.33739948005,291936.998528522
-150010.3982938067,-134673.93697322928,-310033.5015686704,-119927.05941587657
736580.3263967864,626001.2948870449,425164.61330620607,681892.1801579196
-100677.36711903574,-209318.81455618236,-217546.19313743227,-123120.01158204745
71871.07573179074,60928.967054518405,-82552.18709839077,114721.8445750206
336494.95032677427,275527.3873106396,171632.04067188269,427345.2867973569
252637.97818954347,213444.23964953516,72956.07271764753,289596.3128952946
458785.06988809735,498164.8436170124,250240.86935848545,457565.53714495746
34467.17131365044,13330.317911145394,-129949.27718864568,48838.264965609415
498652.1205676887,410726.9631061272,287073.29770501854,498387.05634582136
440274.79968972655,322769.42726138094,190777.7857650104,378900.74557964096
631053.4598439003,544636.9199623426,484578.97485833976,637436.6282819316
102507.89802591258,72287.5659708333,-57165.469586965046,143687.95459077007
533409.7636662679,438468.20412219735,413432.455022961,488961.13813547743
-55773.5110096744,-112433.98539412377,-247361.31376931153,-77906.57392946497
-195274.15558041865,-232957.43193420314,-293400.8074667037,-98651.17568036343
622854.0237289739,486387.76372146874,338396.20601170906,512104.0866198845
31719.782789852703,-71892.69391479378,-174819.27728687075,18850.952059904987
-19073.87980452564,-64748.93359520601,-252467.64462106326,-28859.29859650467
487602.8516718126,360813.7801631477,323763.0726560849,456927.4804887477
301270.3714235296,236725.077679549,69227.93544139364,259622.67561555107
-62465.05564874364,-103771.99802944151,-160182.31329021312,-60077.85908949794
553215.2924290316,589358.6063230387,381674.2598176348,576755.6374140568
483761.9219094522,430384.1667658575,275666.13879800995,406263.9013449367
180816.69112452643,165093.3606718682,93778.70564970025,249160.33943714795
448244.8742040247,449067.59450162714,276527.870301572,428470.93622234
387211.4482667227,331114.14167589054,230784.5845516777,337565.9426570976
292668.97712856764,241411.4607191825,98840.81194508972,246545.83026543178
-71764.29692207387,-159491.9959388107,-294063.2253634226,-149057.71503919648
384380.8273477135,341792.6920099653,158440.08918199106,419219.16266224906
779492.3209367772,726246.366320058,495191.96538359986,765731.12972169
136876.91638719442,-9988.864500392927,-56944.487383031985,120787.93358115049
396895.8235268869,337305.4938627839,263524.14325219626,396603.83615859505
293777.7762450351,165490.5618346047,51073.93098839361,282409.4939142148
192186.12798804673,88930.26545105828,9047.294930305914,222420.9468426829
565350.5901866397,510636.8061116524,351570.1265553789,505990.0327691861
685603.0724083921,591007.8510217303,476143.1341881711,611477.6826568216
699974.8240304173,685796.9749505327,372151.8337095225,702065.5632979518
347440.85597840056,226791.1397465287,132008.86049695394,293053.5152124949
244095.5055817318,236126.6578312317,104024.3984084432,259782.9381829789
37770.28275272902,-39026.21278561477,-178039.45815441996,-7852.580348493706
413597.28961243073,332776.9979740045,176647.49186650373,381418.7400809245
167329.192470268,177956.6598877689,-14564.999897781177,163925.9112567976
221370.40416198713,130168.14360936405,105891.71082873235,187546.89976270695
271678.6858395102,259704.28915547812,73933.49435408972,243637.42718387884
142630.84952821897,72767.92561790801,-90756.08946107351,128395.25502990664
555075.4299651182,543927.8991751093,397025.76745912305,595111.0330366499
-36414.79533648008,-63689.66019179998,-194574.88619199622,9018.665050943964
-81842.81344441592,-99814.25753912347,-221994.26323735842,-66741.92679764179
187815.9444074846,151961.82801402546,29938.26399162272,203271.28467114537
387939.25906201266,324184.3310425754,144215.15736400557,468178.7268101536
15315.601153472671,-41178.968106508546,-114508.65549698891,3756.276145768934
181722.11179712624,258329.46415182238,71289.7112536052,243692.7922181004
253632.1687253965,178497.28321329714,-49511.070664426894,208662.95855960576
232302.4161699199,142031.4686754055,39433.025646987255,144099.88469449803
229437.11686698254,258999.64525095955,122395.58475823689,343342.7687555513
504227.8145863073,517991.9837329602,274361.4801699844,558285.5319630962
315669.021060347,234509.97031878098,124827.00100387435,354449.42048906954
530299.0111886758,470384.4624649462,344731.54461299116,542446.1732856733
-51680.44064465031,-118516.31729144364,-249206.4686165566,-96233.90033770987
341022.72134609404,294659.164321681,67927.30316955899,276991.80345024075
-27180.546164346742,-40405.13073852548,-120204.82658661588,29426.659658574266
-63408.072040876956,-109481.6112019748,-135944.6387952501,-55063.98196920083
150620.70708254096,19921.91798700753,-44439.04083406844,195336.1763203392
2496.386723575706,851.923484526109,-126471.36248524213,29622.449690604117
411978.3078053278,334402.4570786458,256335.8402958148,423722.4102891622
163778.8879117627,151563.9355669975,10047.83979794092,208630.6682141343
549980.7500349663,412152.7083926635,242779.32097077498,500189.42160394066
8303.387322028982,-92473.98354413145,-158448.57752372278,-20871.374281789933
76044.28901838243,-3806.165733121801,-162114.34448568022,72630.33075204329
-41049.12608476216,-107386.8667181292,-182063.8245374855,400.3837672767695
-3620.928872105025,-84549.66597736272,-179858.2019927866,-32784.60996204935
419984.6287013618,261256.38778533938,179263.8517007582,352546.36864530446
344141.71279647667,292493.770564312,215901.13649430196,314008.4201383861
322952.3264934381,267615.4644096752,72728.36397517461,233157.32550174708
193940.5856806438,183794.4040541182,27667.17310006614,199287.9187576233
759695.9638776395,691217.594583696,558181.9541345158,664861.4247845353
632853.7411662261,562049.8395258705,261883.55203749554,595536.600239244
-108713.69808373379,-99384.70080597774,-256155.06026940013,-103626.94560999639
499714.6971748981,407843.3157261679,270549.7815875792,411808.5885059141
65033.91376611742,20787.037773916614,-142485.3154409899,109301.26363101124
504083.2683852867,438218.55917523,282404.2146510603,488126.5920112146
444156.4656618362,396764.69518671534,238873.50101596,508445.71065073065
259812.11361871124,167553.49938693014,-27045.64892807242,188441.5132755459
215955.98076561512,100329.64448545896,-41268.6193047018,206080.0551639467
385202.32541984436,299665.18891608645,212370.18201763078,357613.0235939566
449104.74216310785,431852.83054722496,341322.1084104148,441721.432494359
-118502.85916857969,-109221.38363562251,-228435.59103114041,-76637.53014406381
-100550.87047011103,-121570.17462328804,-213267.41399718594,-88892.64472128259
226808.6788074146,150748.65255413286,-2929.506030837423,242943.36992844916
-30838.44819571916,-37069.85891384969,-189960.57475697703,-54566.45380130119
81070.84223721235,82964.26906212396,-41178.11985586514,101690.38321786886
563814.1218738644,518310.2333150301,376252.0124974364,491323.34704046976
78881.38588309404,3022.307905618218,-99963.80017670512,62313.58796748775
109581.00749568781,92250.28761027893,-66471.64431768865,148441.6753225925
-99655.64118170732,-174038.23280614067,-303065.2603486555,-113845.89848111552
-18120.267426538514,-42871.922643032914,-233634.13493081153,-42362.593706101994
413818.0127115991,401909.417718566,170600.92729986482,462128.09432940104
-126782.93919490674,-126803.96001988137,-297363.93272448285,-70637.93381336553
537805.8493099043,482415.13267025957,376765.39561410435,556527.4084221155
731214.89975771,703853.5422864719,499023.3942127897,774730.1150669584
239741.61626024428,205551.25752971997,154867.8133050569,276837.88427063636
343096.936206267,302013.56473101897,213509.20578732318,373875.4291202795
643442.45761382,630750.3634351271,426822.0679223548,663935.3365589404
352397.2808937776,375443.30648252985,182699.7629707331,320358.5796175401
106130.42491638893,60385.35168780503,-138144.37004418083,72371.68840044364
530313.5428282567,442742.5927828384,314446.67773690564,476753.1510886337
197534.3786089972,113463.84729489114,-406.81410127400886,212094.76700079825
131268.85281041823,46089.04805984441,-10261.939919580123,126526.25478456973
296092.1540776768,313927.11243636766,114821.18263421627,392952.09388773364
-69178.58583332173,-27355.133324314374,-212919.19435053435,-41613.89489668148
86634.71705863182,116998.0005496532,-15525.484468815965,124960.45298571303
241609.68772890093,59923.32145890908,34543.217839040095,215090.93488889304
86871.18849809945,79360.58906789229,-72016.20261763327,110147.70218787633
71976.04497811815,-14933.018012140645,-156470.20137972233,42056.007879886194
332249.3471851873,253525.59495738428,212637.03018023807,285076.5452321193
535257.3945803645,497849.06594898517,311260.5546925686,570816.022413864
127784.59145345527,52828.78167747555,-53134.993476769305,7634.633251272317
435149.44336904294,416919.92597705184,269759.3341011808,583830.3984832224
596317.0831103742,482984.88188619516,400309.3694590528,543419.8212875961
498368.0702451484,453481.2422166808,339560.57492845145,535319.8242320216
345704.39853625104,326876.64407573896,191593.96604185808,448929.8264822314
300632.0139983683,236451.837287292,45150.01976296911,368794.5882449767
252552.49598809495,251726.86549359374,104803.58102375676,280755.33244871546
-56555.141441703134,-201579.66300114174,-305501.25653777947,-74498.91680057358
45947.65396984806,-8254.240428765537,-79600.19270434976,42382.53309003345
-85596.19074597169,-132420.9981752092,-204282.78853618138,-102501.70870471303
626070.5828490248,577089.4841554379,389672.5137292787,639277.6692567391
139127.5811906542,143375.24656764383,14555.753243294777,204187.09523553634
188046.1976216425,124694.37688033073,-33709.474228244624,185634.23760950787
-126667.53452099592,-247071.7744373171,-313402.90041722136,-141778.33430056198
394942.174011844,285897.89484826254,187372.6358231916,397899.52095491905
57902.91597171605,-98786.49269632652,-204863.09201095672,40057.60619103059
218848.20625906915,208797.81052257644,41966.03540550661,243453.02806484036
488617.05418344226,424973.80007290107,310085.78416624793,493426.7606675507
449717.6224630333,375728.52826514444,252235.50688164018,364590.25206961296
42342.38167196256,-12540.396829773556,-115345.57715483918,-71814.67754701583
727459.8394426617,599575.6918313773,516438.59799725295,744195.75475388
418819.3276324696,360742.59183170786,181463.7628316607,400358.78873844224
199153.73848629766,130636.4944745017,52742.50182126404,248001.8547489124
562979.6679996913,579413.2934365743,432742.0582091991,565184.0603234919
226552.88677283574,162846.62837162928,25108.911465307116,146826.28112230077
591465.1913930406,579659.7724093082,347575.40967033594,597985.0909264376
423759.2851660681,423501.903646654,303315.1563003645,436746.1036448536
321935.31084259914,286865.7982565394,187599.75330929714,332835.56297536753
582298.4915293134,508071.6258138139,400753.8492829341,550009.1830057197
242437.8641646749,236495.7977734547,91555.11683308077,301203.0774417389
582792.8587803021,430962.49013362546,349445.5452161124,545308.1595451324
763329.2147260646,602104.917747817,456688.831285088,632720.7834977948
6670.662295757211,-128639.93103452772,-184790.73388533667,28793.60429050878
275084.50308048155,95967.37379435857,-40580.6544538982,216223.0976886684
-5118.315030311991,-57065.26717239723,-49493.180880688014,24538.612894035643
494451.24247918464,509406.23123830254,316116.1897577817,575465.6574578905
614133.0027754602,581776.6030701946,437802.3646714102,690352.7631124868
56188.20972589834,-15345.369868585141,-122249.64967487613,72227.97016488144
640296.0775593761,565928.5696616855,409976.9834263689,643772.8945168818
238304.43212831987,214976.23870845418,101092.49151824892,187144.15783348423
74884.41026730067,72367.08573744679,-106425.63720837771,83408.33257365518
95688.49191014841,78399.69098814763,-123096.30474198959,103466.78804828867
254623.13513817836,193335.18208664155,113482.76583791827,228539.26297722373
723080.2597839672,725309.2949774603,587517.9595884864,765605.4798857488
98567.55241759121,-34031.99452972534,-114683.92048477998,-14502.148540252878
388943.75202866737,402995.26141232415,221717.8264096412,418413.86447821057
697417.3133813427,571483.4274118172,519040.1512379964,670792.8603502419
339987.2137841126,248132.480589182,143100.8813563448,275503.3376680169
5371.518191246199,-81419.8087860496,-143100.2217757253,-31268.676088459382
317664.8908957739,338107.75079696905,186050.11817740963,395468.31016809924
-103154.9697676234,-130023.36662314902,-269669.8208149282,-110029.43742841785
431817.3726859775,403041.553288708,249126.0584476099,449057.41879407526
166280.4441167633,105855.85664970672,-78402.89453909884,160689.6216964482
632225.3845918651,579978.9380162118,412809.60359052185,653686.3279829416
314875.4544277935,231411.33595609432,109801.50871151173,327280.3437480448
163010.71136175212,32232.388118970208,-59332.101529266336,109590.22079064068
307563.6294918128,313632.7009471541,173294.97837161133,316206.22111982
752428.8174882899,658382.6517239781,560483.0469130272,780083.0336167105
21600.35925690696,-36585.61136984598,-139854.69104721473,14102.961444276385
365856.3193424494,272332.6205904145,161288.2085504724,391326.0690241994
-87968.80774119787,-165809.11317455355,-275891.8500901937,-141874.02272396447
245279.15266959555,259522.68173553166,100959.2337775015,276169.78970966884
32251.49850173446,-43166.57829969493,-68857.23938419437,32678.160407374846
175663.56260055501,120199.59191170265,25634.367314624833,225130.75267136958
295678.7195637333,170610.39635286888,56496.55972836539,291087.36763983173
-150302.37168120273,-191154.70827797876,-290468.17543233815,-169355.0650950892
576164.6138318672,516726.47004447435,345147.1565166424,559283.1502765245
-22868.880824273627,-37180.60662451724,-230730.51557986595,-24164.485956077056
504207.89132919675,420610.8016083583,268019.3860648562,484194.21027230157
444815.21319476375,431693.29214459413,200102.65951876284,422479.4467900377
400747.8235569886,352148.5488871889,196751.52362401842,368275.8393698436
108817.7956166917,-32598.600700666022,-95008.73650404764,123335.2938382444
448510.36255079927,346139.0664231492,183292.4360703245,321735.9170905999
204347.30577661307,37609.194154863944,-37862.16269590601,176809.25896327407
167416.38690618507,94929.1706313272,72249.23133101116,165051.52517171437
304572.6248060069,221463.96382250427,92306.76895417436,243015.44404777116
453342.05720496376,403605.46956209245,268943.27348091616,505206.73957025516
377358.17058762314,384217.41237223614,212296.93400848832,397853.8280800376
78784.20152666478,71384.20636321057,-77645.2839673399,56067.579701920506
98175.26870499493,19674.68550992105,-130815.96314782993,79253.17303434457
812539.9389774131,691146.1443940501,495869.5036067405,737383.3979781782
-91046.66549831838,-56662.732576357084,-211367.370882546,-32260.39190180326
-65610.3460222109,-91445.90046023461,-261175.3939873078,-87951.03021861025
274413.69612059614,151831.055993633,20649.07001496118,265949.631694803
36203.45119346713,-54966.075164403184,-115484.1617068291,-13937.877922156593
278776.5315540673,263474.8031890802,237050.79728609254,373417.2215327271
75078.35242569598,-3112.3996188017773,-101727.60478327004,8685.194228448789
712823.5255143405,674543.9610867591,463147.2538579382,738951.494120806
686185.0116823516,596042.0178409019,462599.031997715,672790.5752825427
424633.83902998525,458682.0692911376,341819.799751963,474541.8644238588
639839.8846190472,604390.6021311851,469311.95803450944,680224.8043289848
54662.4136367623,22650.35828784434,-137853.27998955734,21388.079629898653
176771.12594527693,130025.8308071217,4088.6062431005994,179665.22543384728
31681.340955674998,-48421.748820572044,-167694.4888643385,13268.576915062848
93672.55040030915,83024.1842629409,-30578.521299133077,85664.6051727637
-1519.5070931775845,-39990.42443712568,-106642.70009872236,13537.846937677707
135720.56395788095,93783.95019493613,-60748.38917933905,151088.27705741033
242812.36780323798,140318.4090683267,71089.69972550275,208690.40804547444
340438.677870027,328229.4151473701,109587.74221278832,384413.96926147805
299894.48919311503,203378.30791386904,122858.73834794585,252504.3769778635
415697.5927695023,456062.8983749284,341762.4294626337,520321.1268507155
354179.0539187854,330729.4921426048,130510.25706937292,348327.0435005004
120549.17446807015,44464.06426576874,2252.5134497445542,161061.56683227397
535019.7273100293,507109.60191991343,412388.1332142231,581770.940719117
-104203.9015102521,-132760.10730622854,-272173.0456772792,-100034.55540508492
378988.263457634,345032.4530280961,213388.6733513258,387985.32467794453
315338.93433125375,255429.30429569678,153795.6560678879,312382.5932735016
498481.1448489069,485329.3403072676,332221.41697227804,512238.793727592
27542.917066389462,51550.500217668945,-116628.32379578345,65331.4468894389
310508.56306329626,286867.4785601883,95786.59030763723,356338.03860704903
287541.4922927979,191107.8700704635,132452.73314278782,288160.3213597648
557140.0006094582,505373.3813891872,350877.78309884993,486266.0209135318
707661.6642807678,573764.0754031069,520581.5532186489,645579.1012221226
62068.89426374715,22351.08347579639,-100304.21383709786,67601.11226407427
257936.39683848782,174783.07259813603,126821.84063078032,315194.63155850675
287300.41726148524,234568.4167857539,159506.83611633396,301937.2128984033
631366.7943626996,549604.5847159342,389032.75164344686,596531.1973924988
153746.13475051848,-2068.501026905724,11814.335118597606,168047.7419184607
-123580.92415178102,-83943.60069807473,-144885.71236777474,-95617.27627553139
515991.5450673767,469666.1714103507,230899.80405338446,448117.91887388844
414207.68331956095,372286.6116112579,293055.1512311649,493070.49223432445
461420.21158093656,411585.68575626484,281256.0354911572,505917.52266557736
80215.67094271362,-45863.18568346114,-87447.74385247135,171662.18002502597
563076.7342821432,514263.33010623907,363525.30098573514,585702.4104972605
410441.98381462623,344214.3606971046,195954.57340983662,428782.38035305846
562278.4587131478,554182.3054083555,402909.8956312459,607488.0111467214
612879.1061530965,439444.83420419437,333492.1872251994,507614.03862349363
585814.7038150898,492186.5215129992,350891.19196447893,629384.1622768696
318778.00247457495,288540.05523004767,172831.52216697787,336263.96493157337
596840.7980362843,496392.09453841625,411675.13653365837,603936.8593158196
209990.42797994998,112949.9518186358,33482.13221468881,232263.27184169227
69970.62690827774,41936.4771036905,-132285.9251043694,62402.708578524995
460958.37233796285,224951.93183192192,140651.7544147435,329549.25533065863
181147.34885601373,72711.29176013847,33065.87322715891,131809.56070364662
135195.50806067523,168565.37700828502,47250.65633799962,207160.52496036014
391466.69948977884,311423.8518483974,249365.45189027453,428168.489543736
83744.07685969921,9530.037664700765,-87169.1238821965,27228.83454146434
357603.7895113521,219872.20293016976,124686.83284989139,269756.9052136021
323057.56092457194,286747.59233895806,174562.8009177933,389258.9699793813
620249.6313486001,513361.72435908695,339823.3503151757,643725.329747461
511942.02890544897,519859.1667331464,381591.01512563974,549731.7421597084
183588.68832310615,179481.92976854194,31999.92610067723,155356.24589910638
10458.44988891069,-34662.04850987723,-221923.95784046862,41284.774149712524
392703.56218603917,348092.2462425366,234399.863914476,425483.560452054
88971.98662922555,95615.51500270935,-79526.49372599309,121310.21880778112
700393.9634836151,604935.8159484724,444758.300262099,638450.6673003999
-100253.6221980296,-123147.3439930983,-247815.68326787202,-97539.19050277077
670160.4348020686,570546.9965029221,425830.8221123618,682429.3266664289
327754.68457406654,222737.1625033327,65409.17658524949,291500.18053805816
590293.5404905793,550447.0662589851,358406.5899484921,548045.3900780282
-218101.1769702654,-218243.22437869734,-274374.1596533667,-160627.33799682255
326518.9969748998,246231.4907375985,94952.01604129735,347355.25702839694
753973.8383790657,718997.7978871847,544763.6628024132,687908.2758617203
439304.56053283217,385892.7118777835,232975.12444870837,408466.8669482359
320327.2924343138,223610.78185820172,166746.91574791225,378294.97493818274
183766.77863344504,108994.5184281118,-33177.19203567202,214146.17144032172
381617.0294291411,244536.0908142469,141452.76627728902,336254.8755608011
319839.6133519546,294662.2208781331,171364.23360978952,336086.24511416745
247395.3618410749,230982.2863598558,90389.05959487509,287178.25822447275
-63581.38723801344,-78148.02630974137,-235617.13075569528,-59747.00555810839
-102088.78417664499,-157808.26472019107,-239327.94434817473,-120676.78927887807
-91364.67952206451,-93859.3246012202,-226127.1441933961,-39877.180615292746
398999.8055395259,438996.204155631,278096.65924988117,441130.7025923332
-58751.14524179156,-70252.25139393687,-233466.21965934924,-92057.91015487653
138013.316534527,142363.71793568123,23726.716811340535,219589.41610503045
558365.3003986289,464725.9108928987,311281.273285715,506923.777235931
393150.0233921006,360233.0495219927,225131.8774130611,326865.55232240027
305990.5916239284,200515.02039334073,99460.87231925922,246238.8363763952
-44720.24924084166,-25552.07620338886,-105924.73179274925,27886.0898160981
221435.32710965583,264272.1627671935,51305.99204806646,242005.69889722578
655146.3572259778,532093.1830906661,366521.9279457864,645206.6823427214
113574.45660426514,68491.16615762969,-117118.39976898115,82768.62581975642
-72860.23856667295,-144747.20859986322,-255921.32000196452,-76918.74281100003
485294.3674749045,441824.4531759706,288086.02939859324,553609.5527959543
281288.56599364546,247051.87321868108,109491.35836605856,279521.0062862482
-81077.89157068788,-199657.3965698952,-235204.86696784827,-82350.35546345304
383022.2740749386,324648.48277260025,131582.7598762943,458399.86204568984
599149.5018245333,500571.47929798404,398274.0409777651,589103.4032137096
481302.751630762,351857.5936061111,224505.36758814484,582945.4969324274
438309.2100240211,324861.9917862909,201486.63842764834,476546.33248107554
373662.79508039623,227360.98895399214,74393.91622827982,340526.79748678196
478158.30047175,378892.600383227,240982.5073876822,535909.4140113607
-106351.75684056978,-157668.09150259022,-166765.4790253659,-96443.05936477182
206931.6964039097,167981.2440300309,6525.111294409842,293545.2608906274
602293.1451160242,588433.7182804903,441985.3766579967,612629.8277931188
217920.9952502437,122810.01960095635,74695.8307243021,184675.9977371205
469198.799790084,456776.40327093995,277633.340121172,427951.0396382434
231946.89882971055,108532.0638243542,-5722.508326850249,169904.1539506357
-152482.98351395212,-159356.14148077252,-261095.60129857995,-107257.03432345384
492767.98558673554,400133.1872405885,247569.22546712065,499739.04274092393
534932.5160638595,537258.2650301284,347408.60833230754,547393.4243653675
102312.20058688289,24658.982121830224,-86554.55701242853,73607.60509758163
193339.78450857825,96547.3634605459,-8988.371361937723,173446.24346119922
-125863.49189744546,-104909.28943912621,-231624.00886123825,-112452.91980930191
413004.18231341976,370768.58330694586,171855.50632433756,421171.1414026808
-42204.10085782944,-138878.43646484625,-183476.47345567902,-55449.346043030964
332074.79379506607,309956.36305940186,96327.31532877253,373670.1578823589
551690.2292626889,479293.12691255275,310309.89008594176,450813.1907165898
194176.4930286432,94335.89389442152,-43032.97515314561,195949.31246619986
417752.8917904544,327852.33586568455,275420.0972111464,459739.5337619358
299281.7773953052,146151.76951780135,154254.1768893312,346406.88791674597
-84959.2744714715,-53484.55742995639,-251835.93959559867,-82786.39368619374
132328.54254425073,117457.13236428669,-60498.66209452902,105236.42975971755
492050.55439137877,392872.7967296409,253754.5114918294,385066.78444467206
-109354.29395091505,-178015.94349435042,-289205.8510257695,-133487.0595543015
226698.22039836005,203156.21822897845,-21055.3549859568,247491.6906097004
294843.7548098399,198944.15199287294,131285.21721620986,234816.9361394589
558051.3886916486,438364.8024573808,318734.45767286164,497608.33331580623
160669.3309247957,120778.59588724526,12133.629323803354,221429.4200409914
83350.93421461189,3672.3927061893046,-81734.47195140913,62296.0202633529
573019.2488941764,579165.6868262074,338102.574647728,661017.05093109
261894.97133850213,47182.17720450938,46989.000229389756,155336.8350265997
411251.14087800484,398989.3081871448,287326.1765841943,488190.3983295994
-159428.99678653508,-160940.56120618345,-304145.09364181064,-122064.99035389
213306.39353763347,218460.94538507832,72850.40537875821,263970.62458099425
461751.4294366973,342636.6860244933,240417.14640706347,507389.5358197631
50955.257445799536,51856.866019627196,-89976.78001606837,133987.94222113735
390922.73386482836,312506.2962161943,178519.1036429588,286992.44952873816
287185.7521808896,287811.4612333857,141192.12910593394,356887.4073330008
210579.06647042662,248755.81333123625,-5018.678346020752,296871.49508456176
134010.94682378916,94949.77141617902,-42071.074575847364,152050.11430426873
324275.1463779474,209837.94784921245,153365.28342300782,343830.7124938695
561697.1304241673,405969.45569898584,341724.6856803616,502815.94325186673
-137305.11944152432,-174619.12180551095,-319913.05270998063,-73746.16518157965
79563.96281156351,-350.85447455453686,-86438.6470733924,129146.49658515118
-101208.81121743738,-139709.05467571627,-280080.6502158357,-127743.03370571532
345235.1619459414,235375.64381303638,116411.7108746589,360055.79718278034
58083.54370981164,-77798.2555651667,-182035.24640634435,-39261.89735054155
219074.04108894104,174366.92376161402,120744.3081666145,192816.93382181227
-107634.49245951924,-179878.12641392945,-231998.75709346862,-114027.25075869547
434468.39590853755,357460.88333046203,244631.61123627832,491223.3707034085
511507.66199288704,406369.63380853063,294228.67000429914,437476.89569928707
82066.46328327945,96954.44654498505,-743.3101226999424,163295.9840745842
357985.71003462386,257243.0854108584,142701.5979291841,390469.3802422022
142833.31373398262,116687.31116628938,-7867.124020302668,150138.41334386123
157670.69545582007,197620.867559175,111167.9735879564,221717.84734863462
-14540.001984985196,-64845.188867358724,-232536.20595051988,-41484.86806310702
-119323.49132700049,-217219.13042244368,-358461.53636324237,-183332.17904895399
220369.61471626768,203387.61056883528,-30532.57230618433,151812.84216585406
609970.8110195969,598255.0400214042,436897.8718021299,722576.5090202491
603056.6230357722,542438.2590958658,389046.85263947747,562518.1274926446
441813.6123566573,404592.9370137602,295806.7101758298,484786.67174311646
359615.8034466106,350498.050929031,184583.56044184975,451677.37781026424
37634.61366931861,-41660.80941122107,-96962.72254594252,54460.73958617484
264131.0022546445,240718.9447789013,112895.85248922976,293979.59761637985
484916.2216910309,426542.64099640155,226265.5795157823,428545.0746881827
520571.34476537805,492078.7133037831,304368.2390495454,491770.9030728972
435775.3523996492,263565.9610062947,305875.43557134713,341864.8648402976
-25320.235769795254,-89908.43076876394,-208557.8192072044,-5803.418232364871
515443.9756217239,389358.35885105166,273858.25965577096,416408.93558700196
-18815.926170560706,-69307.40762943681,-244301.33287968882,-31415.38931856124
798395.1165815364,741606.5574875975,607061.7449434699,690184.9396917669
549358.662444151,432362.96118967386,328652.38479921815,479301.34662394354
387502.0738839067,326426.4527399101,190123.45631195547,387068.1675736697
582813.7744409547,614847.3680867953,363128.7266069206,668203.9680718633
552356.9883210193,501454.1020920748,369187.27469632286,576316.5426464165
5637.037530940375,-76423.08570605022,-228143.33518681384,-91682.12747147924
180493.92630250333,131774.46389115276,-72588.58346688177,229872.19729774538
221492.46356365725,147286.26979309437,36558.44778240891,113738.95353194361
215625.65641330788,215335.04744627292,85642.9574040228,197402.54884425935
-50728.08599767648,-107471.09393254499,-266777.29115974874,-109533.9596373816
461719.4181495401,322552.26917524356,188673.50072906364,406783.1147706441
610941.1539044043,624135.7833175911,404903.9922948916,619285.4577382533
498454.7682359562,350186.484314324,282483.78827142005,472651.3803500397
-89236.21120632376,-175490.61033727304,-293438.7971611286,-109234.27822201658
596936.325654411,560011.9894619668,369415.3031577567,595045.3714965603
-113643.72833717981,-69572.99758782395,-264645.77022855205,-30163.907337700482
3419.1457976067904,-75762.57206580677,-165568.789005574,5796.763870224531
56210.48625122325,61238.511240564054,-83526.22133230546,68482.3334998173
658485.8183823673,517173.97027060203,479486.01492932707,657775.9629416193
-41077.52004538383,-123806.33988656185,-247924.4383950419,-53663.795041182544
447026.6990663139,418722.1147445778,263473.1173903288,548467.0515585446
425296.284050017,305405.88355115266,186704.36825065548,436390.70679739607
-10294.216038780054,-62720.91365678096,-181392.11145270406,34548.91264001629
-4311.484447800554,-135899.23027395876,-223092.33385734935,-115686.59921357816
-37735.90522117552,-63593.81143491261,-121479.9776116194,7683.744588054949
435473.83113346645,367685.4337526498,311836.8101183311,477690.9496907642
602238.9460521652,624165.8549712556,459118.38214260025,621439.6879582324
-42261.03158237366,-116900.8250990964,-183693.13910359784,85684.75672692899
504591.6519032167,461502.59741111635,350308.83600577293,500162.45547587506
-158193.9908432642,-170851.5553540727,-331864.7839852311,-158263.10649526544
658885.2199016376,591466.8032414047,493507.13518080313,732225.0020652858
579831.6738825128,451247.21840557805,319578.2257800099,566336.4225585044
565578.3063812265,582352.2737151645,379317.20220552536,577637.596899858
585861.8638652742,567323.9392264497,378877.93423512136,573278.9128510626
251669.64559053676,206876.6385335019,52970.239640817745,294774.6951239997
14559.270551255147,-34581.061048785166,-137802.3125556747,55063.56138513796
479461.48950866994,402801.3214816648,228125.75410200993,522977.4468842639
132377.78553976712,65143.6048500936,-27175.434996350785,122628.81694449799
681276.8924130702,573198.6311152789,438460.08828443906,701635.3086907316
123154.37541633903,123198.87362252374,-22901.448171058088,163779.55901829922
-64303.31367538066,-153579.03176953102,-267219.7746146846,-152551.92988322146
650540.718374778,619011.4513247327,439006.4066556272,582034.5381457449
211205.89573037915,231500.80976606242,50153.838904260425,223107.0719010405
578951.3835732709,424275.2698365954,315425.6051422935,541608.4700180405
591342.6441939094,476948.1082369378,435517.8144603233,616850.2234857071
-92048.83511096705,-169309.0000500736,-244670.67070198362,-97302.22488843149
362261.9835000086,367229.1686855643,211160.7881471801,405142.5076126732
-67313.97763204563,-150948.96925190184,-265689.24098692375,-110220.70825667708
91238.72591422056,83959.37105809967,-74211.1847261861,109037.63057222916
558370.1035373181,462716.97398587817,288267.7403963221,518729.65927571536
-92704.95335212862,-157341.49799728463,-294256.1762980458,-120740.88791177771
84035.45648747357,-63445.61689328763,-114765.7213252181,62110.323375743115
384012.0799985775,236555.78128473053,99141.74073957291,336202.48586700356
356950.9227445931,368431.0890749423,112869.77959803178,448928.03354869026
361699.51388165413,246373.01763528388,173846.98910283577,305285.32565562834
476060.7661849804,483085.2081071092,293296.11044500687,576810.6501678075
125861.386328661,85045.12373281503,-20328.936809667386,120657.97950611566
704329.6611957599,556152.2171728073,429609.89731901826,654312.2877376161
-82108.60716657189,-103894.7695828292,-244877.55765377614,-74086.25457180501
204999.61295407836,202326.29745344014,-18166.839479960734,224479.2813094022
30724.40988928266,-93842.615976636,-144671.43793214607,-31218.169518696086
-98547.97550205479,-78479.9454659794,-232116.68692027067,-25249.749887345068
265009.8294368206,245779.90853906015,187602.83730614476,343035.3933728321
166770.89116393356,83789.21710764011,-50625.98170219327,231517.80068122072
414694.51161508367,373164.89562822564,222977.6983279963,458125.2920441965
-32560.630368232378,-87792.78950487863,-255842.21450839046,-63245.04775287729
251125.5833156939,180394.0538032169,-41905.64617474703,163406.20408821525
574125.8949599727,515448.06633214536,453010.4625540088,615742.5514245185
-32050.206588537258,-28105.65378994646,-155413.17886010557,-45748.76396503451
476785.51008921314,500647.18050018663,325061.2263251657,463556.7874625111
351420.24005042156,266027.80926856445,202871.13909208553,310633.2556638054
378017.2423815612,360570.3778334907,195654.22444364848,433053.56505123735
-53804.67545075191,-145823.8656333466,-225392.13144377014,-86254.44984369789
590779.0445559989,600185.3092015805,313444.2307335993,609438.163121599
144693.9982947564,89665.4895553108,-76982.09922961763,110007.67474516132
681165.0775361245,580026.4878370767,471305.66825833556,694945.0656545283
633696.9025465355,468989.3470942825,355189.9211609628,586752.9570096848
195472.36852373974,44571.21411842166,-47162.96377095929,187684.67713611457
-16379.48654395144,-52072.426535684324,-209019.50743371237,-27775.907375740295
454011.3318716609,395837.2637258882,173108.17429138138,380853.36423243384
420292.235568319,410713.40648441995,281698.05083919363,479500.78094594274
244335.5770326259,169901.09518227796,70451.22663212847,276772.0453352578
630707.5293272326,522330.92693245877,474396.3446526994,650874.2811044855
130848.4656751951,12802.28490056761,-13197.633789108368,148849.57515584724
-150738.81475660153,-248965.30595806258,-333039.44653416716,-144268.74283037876
-151396.20121178165,-196397.0880481414,-305735.98588997504,-151469.01304457634
273832.91027795,132881.92060537473,28430.92651302321,273077.2833507438
-78652.7181150465,-129975.7184596096,-264094.405157446,-91204.12070568593
-73805.66327654471,-109267.57826717477,-191894.18666849588,-62146.78047333559
508724.4135054556,494345.7234741796,336095.9643805006,553694.7156241483
118045.05193737661,-468.1446294427151,-160506.88012408826,69409.6212162904
240523.6323236503,252285.24193878984,109238.61393830937,207590.64593912847
-428.9536707783118,-79934.43357710616,-123999.93701474875,14105.952019395307
295577.94703165244,246294.81552067725,43303.83872055088,336429.26060534
-43976.0441130235,-108211.62499565532,-111539.7349398355,-85351.88306739199
-78543.23894918984,-143846.96740101167,-213859.36206276744,-75129.04159284133
76410.64129736403,56559.077803730965,-106836.6982567166,85953.3254440407
257467.46845287667,214050.69696656743,150419.4094173177,335131.3508720837
105039.72678430856,91722.32998869696,-63605.97582472931,113820.59734234179
621395.0819475362,519725.762756109,465726.9872504064,625552.7396361872
385287.9979636457,308990.32657096593,198428.61276443873,354162.13986489316
487977.31975861825,428130.46897098434,291207.42397814523,497369.66517338506
487577.4194364848,426736.113742325,278091.2141574401,501826.29741341865
-25145.046302103496,-145459.8879922221,-216388.27151105832,-56778.68448785797
281226.0047349443,203988.79856715736,125260.7997161327,260333.5970417133
28842.42605248303,-3562.0354417751078,-79311.89314769336,113026.0110475677
661790.3393068567,637215.3846645607,483036.3834206931,692931.824511677
631659.6188667926,594853.1806749131,459813.2910283877,676744.914897949
523355.4894004753,470208.09741146804,440417.19031229254,568015.2449050341
292129.6892788288,199025.9929944384,170628.792717078,313286.96966108587
850436.4322555403,696569.9972525674,445535.95529668464,741425.7146344313
604489.7214534874,587841.7073636714,389388.2816467647,523937.4971206945
78237.07960616192,45242.319867612794,-100123.098807876,91310.3214563519
346345.453793679,241611.69658760366,211225.8887319296,357381.0108285488
705059.6429793702,524999.3166694231,412411.05921300186,667844.3909531105
352112.9398927563,317013.8073684996,177654.9986695879,430494.09115942346
-33940.96133107261,-84153.83782517118,-150914.5290756243,40320.80770189676
559172.1543756418,434002.69123027555,398705.1397840866,525765.8994253179
2109.5442594464403,31277.827146454598,-122955.53684972506,13568.215169622505
532716.650035081,434505.5234037291,333213.580786059,564207.1083877799
605777.6269814745,539620.530515499,375767.7316293558,528979.0899085529
-15918.165964674205,-139830.39603723033,-105195.15172878979,-44715.677117147774
241550.0884680925,179870.33251441037,135101.26390567957,279532.26147898275
357245.28862119035,387877.40667999804,178187.06858977373,396852.847842384
150119.4162176469,-4783.681279038894,-95218.97939393076,112905.81375274621
-9582.520327700651,-117878.5420214925,-182967.66727597517,10116.767628530564
398860.35890911834,288997.8149036879,101842.36737184075,300404.3990595117
566458.7661585403,473030.84011777,482553.9743935474,514349.93408193975
114037.23368340754,22138.23077792977,-41920.20024559449,146302.13581503462
183098.9122125574,57365.746979546035,-27225.82965518546,86250.30863359454
621786.9803225254,517778.7379328152,378603.74758601957,566784.8702035665
214621.36392419622,172737.84625484678,-42962.99155592092,165686.10233910836
81939.20894152508,46867.227138852235,-58060.99816552352,75862.3962584287
-65198.05958546768,-142326.26312546432,-184099.83064529323,-45903.90625845181
130778.35237197822,25031.002413165406,-66493.63654383086,99582.74792838434
481282.4834047572,382917.21786524355,343726.93950129533,464006.1532810454
658637.6581819616,560379.4264470804,397151.1133431862,688340.2249983686
298109.92250200803,178502.9271162683,109181.96690176881,309669.70422439475
285883.5832376431,258547.75430426374,183592.7181260049,375243.209759807
673502.6244691184,615436.5367062979,503924.2310474244,692128.8014260151
168338.9817319382,59870.46080491657,30982.35004912212,127187.78004348604
513164.41609169263,388652.784148982,286979.3189743047,540801.8916703509
51127.40612267144,-79128.81602879585,-153355.4148430525,11724.379447932064
131650.23996416188,29199.2930206093,-126683.35245757701,83075.14289908286
248327.551438528,170258.4723671897,96504.1389482955,205067.7837294722
-66165.5017956387,-209241.11880372348,-237277.73522433912,-49223.16275351285
-85568.74812644382,-102336.1316921186,-199494.8422240853,-40752.00870783528
594347.1780386881,501086.3200574317,345983.5367966553,492158.4080506973
396750.7987470421,319913.1057778207,179618.20779407688,377351.6564836885
647942.2191327829,541351.7616061606,478123.2877049466,659944.7172275546
258432.58062788844,78842.18501814292,95193.49353121861,202965.386146505
118349.46863371355,-32976.0625682844,-106422.69851619203,48166.46698742709
133602.67407767195,91453.67151882115,-201.27480073529296,182285.10154180403
565187.3978397483,482924.0991313093,299535.69102562557,499477.0739126522
507219.3584113084,383852.09225736954,245407.83225237753,387411.2628620431
187663.88483314775,208658.63365949667,35811.35346900532,257860.97605531407
393633.96839513467,273630.22502870136,184991.57392885583,369728.022664626
554382.3372746536,558093.951486822,399890.0581038989,597604.233608214
274111.19056125404,201076.23913750204,13670.61599664425,310640.51228099817
99575.3143110968,159575.17895905534,-105780.65157443855,120592.86572350189
746230.3843747159,670423.6181384369,467020.907215204,747961.9008549778
241186.86535188672,308743.8344302033,61306.65514176851,295776.45267591055
596642.7899575629,402168.6363348181,331924.61898184684,516831.65371603076
790139.5623520149,751842.1568695158,559802.7667823267,741529.0496103975
406774.52504599723,226452.27909528022,179485.31882335432,332973.78596349806
668217.3182735469,637086.2928267538,412418.2255340199,624012.1328677915
277938.0627487523,257121.82341041428,140129.29551724938,399789.95452241274
260374.18721164903,186846.13591444492,76699.21006471466,238894.47878004576
367355.47906764084,290212.13576795324,204588.99065048515,400241.2929373564
8053.5413353313925,-57473.18171378429,-166138.65734431776,30655.259398470866
619.2854725703364,-51321.284048050875,-191786.54958381847,5027.260845869081
442480.1564035432,329988.7385575115,243866.01282940072,376433.09957630653
4102.163547132164,-5643.201080512139,-204505.5826486952,-3121.3392143244855
196854.20315386518,73499.32008379756,-32371.6965675588,70685.38417001837
-95154.16837335797,-106255.75810012221,-200974.3039529589,43754.22718787694
95605.73242056312,-3296.7704589647474,-51553.0652656093,105868.23150397802
397447.4012113183,402520.6106263128,274540.79730941146,479589.85082411754
459147.2066604168,439984.02444548067,325360.73743766453,593508.96453974
55404.51759741048,21047.819123741006,-143906.6435309676,79217.63608751283
407588.9440139913,354402.8934630399,247716.78468232823,427157.8084524872
303239.52792642394,186549.25467069412,182080.83957053523,277681.77873628587
69432.35068804119,48570.75029383192,-40840.92410575913,129776.84935959801
341452.6332151422,326262.1642168304,114582.68120036658,397461.0624652073
608280.3930646128,401990.5800884388,300150.63281744637,527460.0975220202
636000.158589228,531024.0028152561,430687.77568497614,614244.0606391833
628880.8579446184,587190.114118272,463102.55348957784,663583.9220250868
92229.48422680516,100103.67164310801,-70065.72759883979,157252.3812600557
228357.03368610423,239153.21462703624,119973.63609728601,290314.7121655613
415469.0306981235,436962.2270447435,329201.6609482212,470776.0755419483
449003.03256406996,429397.7434347968,251645.10366649192,481439.9532193383
602184.96086296,522947.6954440472,440493.84027123696,618029.2614133391
328111.6315257512,241010.10499592125,117950.81281598925,328094.04924555926
319693.36852000933,260667.843279387,184444.95191705332,345185.37581389723
265673.4578495603,234396.08262068557,73212.73812925618,288456.85440037644
-23288.16439830727,-51215.588381274196,-165083.84520866268,19020.003614638932
500518.66446175706,592063.5434924208,321649.2678860653,541281.0375592225
-130145.38187298394,-172076.3458163545,-287982.0703778166,-185259.2217354615
-88728.28449648718,-120371.73471372714,-242084.2918727965,-79924.26163308736
557176.9636182874,430524.5660772483,348725.9260248927,602790.6652141814
341857.66787946364,281541.61137716845,195274.58688418788,371267.9761117755
175769.7440492363,131316.30499052105,16497.912217514357,113687.4692528852
356226.55549020856,309454.6004185616,181854.89283854084,363543.9375996399
459704.3898629382,316296.9121014023,159229.37754741474,450910.27194725676
177869.6248800218,178414.2979023857,-17851.919781192322,147718.01674670784
681424.4837821897,596510.2232839847,486658.3067471349,664719.740578247
92579.40625907993,129506.73296239693,-2313.3474007277982,171664.11238955206
400949.4864478257,388346.7510392034,221058.20319677726,461018.48768159444
65944.63104743755,22589.90309837088,-83874.20620111155,24577.097133408068
87762.85390647955,-23874.96340449492,-124070.61838090513,56226.26497237431
172874.17151477537,135927.0086475393,19769.977020718972,223771.22855360527
450982.1814687387,357037.3650428958,251929.45578216924,341861.0349014641
273933.06575271755,219460.08074709668,106502.0491548581,281212.946150918
664319.5411382839,576940.4645408262,432123.79717451206,622723.7396735495
298400.2274782511,250597.6228088152,155908.5850960752,310790.5484185829
1170.924526215822,41366.683485431015,-64875.43134981138,55115.28729886538
610636.708892578,638284.2863997999,483159.8096382554,685803.7143687508
-4082.718961660168,-130330.62288350717,-220437.77417910384,-72943.514281279
230225.5813217234,157701.9888158117,62244.94053195068,233792.81065589073
548526.8300858664,442617.4243668446,291138.6337001247,435643.03567881824
313677.26488241984,283637.24214807735,176560.74123389833,340719.4596842524
105281.94031347439,25056.162681654445,-57598.555650995346,64369.45853506075
362851.09372027277,299173.5586749159,286342.47659867036,373621.43812660954
458762.3598251981,439170.2785429518,211401.3695539037,442795.8012489169
592738.3887855457,480576.42697390576,311647.19371925434,577804.554224967
68993.63528997556,-42441.5895744288,-126323.99958011793,15940.638247480325
281723.91509909567,176770.94411996414,19260.959030393045,244086.94893477776
259148.6753773184,141413.90448459028,17724.977315019118,185042.16269347048
28401.27393976203,-48120.46546108078,-143611.69205409253,59476.03854621714
49372.09096738871,17500.330732284696,-133843.5713654174,105012.7417315587
69086.20953700738,45488.46707528597,-146236.00362560997,114447.58469117619
652710.1442606528,570274.8222085033,456157.27669242106,670826.9482851566
567622.4982142788,474930.52335529623,373876.5247970964,537335.716230245
466164.5752740172,493946.2624111505,303553.39423857944,545063.0066901767
560772.8218158195,514141.21226654877,373196.70505059406,540570.5235843683
121067.52821625327,47611.32082537585,-44294.52134511608,108752.46772287111
623158.1436378309,483143.9984263609,378324.0399501489,480613.6427518724
53294.09169645852,43260.61805077398,-51246.189250881784,124421.10567124316
398248.5085560272,426056.33105099236,233597.58296736283,463809.6974078786
-84008.04125422775,-129626.04423132364,-247963.0035399858,-39554.74384314305
674150.9397423516,685978.5744913153,470554.8700031055,740932.542054456
160244.6825936326,72905.20936491725,-69970.5746559879,57304.263962295954
80915.81398192293,-23279.444514431176,-121564.89672987408,45094.96121172991
82472.69510373031,17192.045857127057,-140612.28870342526,77012.34827981517
267174.5365041831,157168.979865268,90617.29078039259,270978.49447273137
492991.7664873408,349376.01007513877,290750.3487099055,360589.59299701126
690750.8800876753,576745.4549131757,357555.31011763087,519284.54830123147
574529.3477179355,528301.3906651128,323499.4242706121,586836.5284782238
593138.9467009122,471795.02573582344,319936.8534290319,535823.7356254491
445022.80396741047,423201.7589029198,263974.68956778676,463388.1143373769
323109.86859561736,192025.21783163608,97634.28908776504,363686.05905942374
46256.887185324915,-48292.10196778737,-184285.9628086146,20562.49487848382
565256.5941278499,499619.2291898582,402493.3498206844,560656.505425825
588416.6212387013,586193.4964934073,390447.0607375398,611191.9035125596
580811.0901375522,431591.2666794193,250945.15608943312,546618.752249106
175065.75260350818,104240.0556176526,15515.75037093123,293191.3745392676
507236.2674487863,410789.323422618,318599.4607356441,542770.5781979167
155396.21001991176,78222.70077304333,-12884.838475820958,59274.2112766942
532493.4707064312,552222.8889279596,375484.1559207365,602353.1178572683
48294.41052935179,-2355.895954095642,-125287.48960850923,45657.28986681579
-45716.897482079396,-98948.67501201027,-145058.31871588883,-61772.09624935576
29533.786166343838,-12600.261010079412,-131388.16581519064,65358.53373363684
-54669.16566167615,-158157.25114695902,-259082.65365230298,-121923.09061344329
556807.7762705521,460165.526693658,367399.6384881041,611207.8050928311
458653.9346064237,349192.2735454441,263135.90505748126,408103.5581963927
-125451.8792776955,-242112.3216502032,-300087.1906801113,-103371.87371179427
-65000.426946719526,-119019.97652499453,-159932.1824440437,15853.274592477712
656320.2892477077,581086.2163881753,379316.0881446154,671408.4313610806
23508.46582883282,-22666.194948825345,-72515.82182496856,-1788.4156693536788
548880.4134170287,468882.7735069542,306078.37764114805,556928.1044096593
-148957.02733281313,-239602.33608419623,-332695.4419924119,-197840.9276048384
-100547.48571269197,-248551.83635577804,-306253.00917932956,-160058.73068583448
340046.7844150029,287130.802336794,132762.5547302001,384292.1495789854
588984.7305285449,455079.68880464847,390815.4487657669,606345.2103470701
56242.86922693893,53335.2260413809,-54014.10731190047,116857.16629266192
311594.85777092946,203764.71981831116,71504.52492845699,256142.267717076
124306.63836755313,172799.2428995159,-32479.88243000384,167241.8267824303
636943.1197855081,441033.46834164625,355056.6650341607,561839.8047702354
81266.88662520004,4999.1202321687015,-115898.95668249927,60818.36585662246
243917.97000842518,182140.15038684825,97164.420199204,247788.5937675801
402609.35535292176,304423.95373229566,168027.59459431213,352535.97836362454
142957.31259328802,79447.28413870756,-49390.85931280558,142312.14935881132
161750.54729950207,114837.47632013122,-36985.13974803011,138634.43450222036
655530.1838766602,552876.6511453025,451567.5531317695,632173.4005627611
368792.8797864468,301147.5052364897,205010.13834498718,384285.52865774033
193965.98170892172,176676.43451012904,95969.8729668787,215694.9411470932
-91406.77863998071,-118353.35379890219,-235072.39940059517,-61590.80494152731
234232.56525808887,91010.66964120464,-47987.91435348941,212840.57882751408
224326.06711064058,249455.47570149705,81118.23710013623,324169.93893754226
435920.81961708644,315008.63973847416,176058.225355127,322111.74106366094
232890.92815778882,296011.0131284562,146816.7342651647,274161.62972408487
31917.275766943698,-120532.86691910232,-160222.18858398742,13169.658701078093
744205.5644629456,612957.0522407941,503214.03495230793,642625.4461678183
603725.4336539167,515562.13243310037,374637.1921989076,560193.5153357091
453218.7916462966,457140.9811268705,247380.0446586432,487473.5606712408
-90068.83985162684,-142659.4212348633,-266904.5351695392,-121706.10440944275
473224.63157101395,537153.5824793228,284248.30588414264,467763.0127309117
83913.00498287112,-47914.31859072868,-209226.48683227802,206.73213644814678
-33789.31101695495,-140555.7650434873,-197610.48289229145,-7371.099738484307
300211.50807378953,278418.42118451744,134743.6928496412,330886.4513958363
526561.9627312492,467686.19474022556,360123.0554310259,511438.5239954835
426738.9937148108,337182.0202388683,199850.5404530135,450023.4150331444
241948.92697414663,243254.85481118422,114035.7336069285,345120.73304703203
458641.3543421343,303268.0527627077,310431.564081241,312834.824898242
512098.6761841667,490132.3827629156,287426.9978780666,586826.2424323587
-143632.56285599928,-238149.86012057663,-311096.8286271662,-79316.24319630949
250807.95068487094,168849.16917401087,63499.453668847564,231272.82385738462
460200.35008295265,338398.6217706135,189737.59067518858,403966.94038805715
-42465.62992858817,-63169.89812790265,-119657.93590732734,23083.223833313445
-59509.28423638799,-150057.52352307312,-319602.92614525126,-136160.23057274823
-1221.6170686195255,-80516.82152885705,-247835.8501470937,-32558.038504472992
-64654.068133167515,-83645.09401467547,-201122.8005418094,-73450.52808693855
582970.2668702675,487192.17230720527,349703.3433166187,598851.0478502412
427184.11945824046,386964.79343655345,213724.46738871175,388489.21975314396
437848.1984934353,410866.2517428285,189797.25737647898,466590.88227943017
54839.90647629148,-88936.09016256995,-161145.3866730322,-3339.1792768987943
746897.6881156666,624539.2812235788,543552.3783535805,827395.417401443
302458.5385248563,279996.93560115143,128069.6207391246,333333.8062665872
-23310.888110273925,-92735.04983243614,-176928.8820973747,21668.73764529405
650131.2764481877,599004.2905003151,382363.3933492234,616600.9711003876
639639.4775087656,542342.1285336632,513299.1585983661,712217.8326956984
653238.1200507232,426371.2830140322,352565.2704635081,578471.7827950045
377910.81467693334,287802.1856681993,209820.12260898692,403532.1974636301
294432.03010701993,245107.29503442603,116165.00274387654,309465.7802877814
200028.8090598171,126646.80296119698,35901.79066668905,159360.41993743798
615122.8069187922,581257.776804823,516021.3721177521,692781.8494442382
713259.9272008359,593148.3898027979,340871.3875067327,618885.583286385
305626.22174361,228339.1956604548,79781.77365304402,267658.55769084685
43840.83423193765,-606.8668464203365,-159255.54866908642,9453.36941258813
361266.4607791775,325420.0035602845,91694.66666239058,355180.4809292215
354201.09165292874,274851.5762622672,95918.71668889932,316991.93221621565
-88356.09200945188,-159156.05106781633,-221373.9439999921,-103884.87139188871
94219.00685958797,41126.80572622875,-4001.8310448664706,114304.76209129055
367844.6703778856,343357.07002167567,209735.60515608452,377771.31181782647
502725.2153783222,309549.06594135554,233190.7642478617,382953.60008352064
550438.2628219977,449497.2731584513,361314.40368463204,562471.6510491623
-27891.27458854241,-21416.177153452067,-136209.90972320468,24390.728622107767
694990.4114081659,630442.9930525108,452855.4025165498,622069.2542215586
-96910.698931625,-221516.90205605695,-261879.1476089692,-117028.0286900372
523986.9958264679,463059.42977244337,319693.7994266298,469997.8703370342
576130.8321755482,504212.9270727143,395516.0673746391,451989.88722491206
541261.4355062108,473894.3930134174,363749.4329622785,593148.8809849494
460497.27138835564,465850.88653055276,298426.8502297411,498463.7735130199
100195.46214069345,106310.38522151334,-81284.33631540078,116586.05026726564
221721.09375516267,167096.8489471532,8723.729013196542,230683.69912058697
84171.09482923872,82074.20439311629,-38040.8905349666,89236.1429506957
514425.09981039225,463670.3842679269,345798.5587343259,472722.2282997626
-11874.985542050796,-23989.7830257162,-194364.09587448835,-19149.76161238551
553884.7592702948,401133.1211514943,301122.8687478204,531548.5080069015
383116.1573282927,409246.82964244904,253862.39610375173,420665.9705662874
166633.15591645183,121632.49868225562,37243.06863561866,176627.93906473846
9259.299645633437,-120216.00304928492,-216954.1500155059,-58409.133116221405
-99791.88887198752,-131733.35379274457,-247285.09092889313,-68424.58519987861
103395.95387643855,115591.75804275554,-91041.53047441866,120006.95526264678
141610.609697124,81554.28388918482,-28677.51708660426,168403.54694196593
269508.7009490294,233297.03650310624,77872.33891590068,310208.9501444369
304089.50502867706,222621.36850447278,83587.01324437477,307963.03831205214
422522.8109133076,308913.26431021583,208165.16002415773,366903.7923840402
602569.4171427104,520018.23207880184,415688.8083776514,625629.5741771271
237203.08947536757,235191.91503260424,102191.98172665352,316112.9591535841
19735.615764173795,-290.25412195478566,-163245.2989803388,69333.04839954327
460977.1820918587,486579.522593542,328328.1531476764,528768.8600554699
-30029.19991150126,-106161.97359977593,-252632.85106610658,-27117.327234625933
81836.13911885303,-4343.375539529719,-119999.73827822332,44861.88186433271
107672.54704288312,42912.400317551335,-53621.95675094961,173050.72761350195
360833.1868387626,259880.97819244268,100438.15228829707,387738.1547132437
-203339.47505970392,-263212.2618198621,-281609.70839247946,-150891.0666623403
-28218.192122544686,-76300.24247046112,-193422.61491911433,103683.67245901434
264521.58526296937,168310.3173508211,95945.99712136993,240925.24676620658
20619.128476426005,2728.2520614115056,-96705.05067616317,17045.91179457627
478241.39011681476,502399.33365109505,336378.45653218427,451675.76897091314
381594.6901964819,280572.6068684466,271340.43647468043,342132.7054704996
-114154.60722974496,-220040.08108671836,-344868.66401203367,-133565.65984439902
-51500.37259486853,-156477.0414494325,-235855.57185343507,-24221.08058058552
269385.77853081643,294026.57657127315,155460.25341083587,310060.095532009
54238.30182229576,-88143.88558289077,-176249.57777383697,-35918.65323619469
464703.09509788966,404323.8079926269,314343.7112066377,510886.9597906071
-140539.81724898517,-139875.49210553034,-271544.619651874,-92160.53512120253
465460.0842494486,435698.850093966,265315.49310659536,454946.1810245963
160679.8356716755,72566.54589579569,-22739.159134126385,126590.3155747396
520020.7547147097,438350.71744039503,343777.4430751903,508508.85213518946
622326.2837537844,518440.3279662295,367070.14359932544,565858.5310289322
670557.154247063,562422.5591345769,490878.99079092254,653061.3340560624
514841.283284275,474746.45471394155,271411.51159133075,483375.8666507129
755616.6557538472,628601.9396875747,502340.19339015696,699301.5600233825
234732.59621984803,175378.14459831314,96497.43409223086,300132.6659857731
269640.5427511537,208435.37226038962,85395.50676893594,251374.6936665614
17933.809601903893,-39296.33567416307,-73901.55527500238,63775.5100425923
-114107.55435481801,-193388.2535243568,-339095.27206577745,-163633.42665529018
236803.8980056052,180212.8028942662,67947.88240133005,207551.7920052664
639398.4489412848,552747.9118459995,445945.6738197004,633719.4354086102
174877.5369431855,137834.8442671881,30394.585175301763,175324.89786549995
65932.14683052606,44866.46979410248,-94203.26752969902,92432.24299346562
564530.1793559683,423954.4022242365,379468.30419688777,574791.2388902572
643648.5022855615,576687.937982473,481126.1301882331,538183.9307639429
695961.9950443138,666583.7710450266,508292.2057907706,748051.4940715993
-37648.61503560789,-105095.74009409169,-183671.32947408396,-35342.387980988366
630842.9077082323,476055.96793962154,442554.9935947334,633164.4810423006
118624.34171242127,-66357.57945500809,-147532.4045682244,59614.50433856796
126312.75216280774,35626.40428682964,32273.539107448072,128543.57522055297
457771.9042100902,404470.8166502324,246861.3558338572,443417.2222303733
514524.17347138154,476123.3282373841,328891.3106446451,506022.6263244237
406985.4163272206,317951.6161839466,227001.1692246492,418162.2032213644
528461.0512260396,454677.0756529991,277690.8005993301,515263.9011476132
-49253.732293225476,-58117.527884146315,-147446.1107276728,-50610.28962527122
546562.5503201713,474483.29266490904,409369.24586080376,591398.9777739772
-102018.4478811511,-182240.7760319694,-224701.2205286724,-74681.04659225076
495192.07834280375,511604.7653167632,341153.1381743901,618138.2421388724
336293.7342531419,280795.3658374314,168444.48867854814,351351.0493547545
195031.92156967544,101007.45978665748,4109.331343446276,143491.1321823201
416589.68991804786,406938.3879371376,314896.11863777786,495677.9100521528
-68845.93556052964,-57185.70764982689,-223880.36393475177,-42465.649231079966
760509.5025246018,687645.3263123499,462085.65843773156,761606.2587764501
430305.8694512418,333593.4480562317,212797.10472635122,382262.99421137164
382403.0274277816,349104.8443016255,75448.8042857016,374287.488461304
529268.403110142,487706.86091831466,287892.2275801364,664674.6720715389
25866.419034381746,-42662.964184570475,-128653.82144977857,68393.33569413528
195444.8846446207,87630.47363011993,24923.710837743012,143821.57880944829
429802.9873729913,375055.4300059355,299555.3302124094,359513.2188388292
-52460.31958475476,-29824.45147172775,-159260.04906155792,31777.72120946471
31540.019452684093,-53929.343863610586,-134339.54193872656,64018.809763672296
-120388.37380656938,-222590.3523737857,-316328.46250228793,-139609.36202358425
62119.052343890304,95887.5360372574,-58873.783855034155,106160.4462865896
64252.513263291796,100607.8530763284,-88169.04127259133,103508.27440294158
641532.9284864252,615033.8428979856,432282.17545016564,632027.484059429
503107.77071540384,397599.71224967693,250338.94783443783,339757.142710789
301503.87206755124,338638.78689946106,151534.6658357575,289025.0592490315
359018.0184446669,405815.9678556884,228476.2287859493,381364.0930675254
21018.929038688482,-885.5745605183765,-177990.86433526466,-17083.262880453083
-136078.96324505645,-126082.2127824364,-260017.6317053088,-33476.95654044917
437187.1227264686,357899.5789496221,248558.526755729,471596.1204220939
549200.595395739,517849.4129939603,396699.7723203886,639779.3547849867
407751.19789036596,358867.0018824963,253021.0347177859,418293.2565590601
292832.88767639373,164498.0922977468,44317.2610313379,260601.24904204928
439235.51118107187,404813.2395393533,159577.15747746057,429540.87580801337
377615.88669188553,375188.5193884984,295413.090551198,468011.41971709614
31127.9173739322,-5467.098485857714,-74263.21801477694,21383.92379800888
404100.8696696798,417291.9201496842,283211.52015155787,365933.05272907333
28390.079807527247,12464.448234201176,-158214.9073286329,55829.40094244096
386899.3476857956,378860.21878774744,229386.99891234073,413901.66628776945
325350.00560631126,298455.0103696126,257758.39076330268,402426.65535872895
448663.4706820727,364162.9208227928,215839.84650396334,382601.98742193566
153554.38246003806,55467.60595954256,11611.885485574487,212231.44983081636
564464.5040913913,522139.3396826249,377808.63357526076,535409.1217323599
249097.06609372934,196692.5466940106,28051.282073393348,258484.9164391408
453039.9899093098,318831.2570876974,298001.81102456455,418813.4045783833
267432.7991390012,236258.92162958032,173365.49640812038,302451.2684913473
603599.0552116432,529452.9617548222,426635.71497998165,495585.11139157426
617462.3017359306,448701.1370736741,395107.43550765095,604303.3573972294
406102.3238298916,424673.21079427213,253781.82485948643,416514.33877195464
40098.53409160476,31266.450405265205,-102569.74966623087,49513.30307800276
126631.13810821134,53866.076510621,-95730.17098062183,122739.24023614265
23592.581177169457,30509.53677336604,-93619.25702754839,7614.299667461833
566851.0007172911,502987.87473873445,309040.0689546175,550821.7877896028
117998.44803328952,62627.19437409984,-18800.484666613746,169488.23155273567
215266.81330448622,233509.5682343475,55500.0734298114,236764.6491777721
578322.9643100351,473780.6069014602,414838.7810516524,531378.861852634
80196.9416912999,43141.27584465465,-100926.2133724452,-16880.303438711562
336996.214259663,217298.55993973347,207527.53089643293,241795.84448674368
248907.1291908014,132158.76211090386,6784.145763000357,211192.4354576841
312953.7008286943,209779.74468057754,56987.695590717136,297614.3058416726
50644.45574632485,39159.94944393728,-81187.83966409252,2670.525103348191
-158348.61451574927,-182724.86690588936,-322269.60996547807,-161685.17669115716
547008.2017036108,534773.4817795313,429775.92038213194,624311.7290115333
333360.7746776778,280247.59179276123,186354.33861473668,420955.29759881133
735133.1975971998,705688.4112881932,530878.6438593719,679341.6450057602
260709.5394201181,183368.1489852051,-30532.284944499377,239112.16522492073
55599.087371344795,49647.197976823896,-145543.2483497432,85919.56319266174
-79770.39072892442,-121568.61756640614,-250525.55449042784,-75746.59176435665
557209.6585566057,510939.9721832669,401861.6208166843,636878.4675013227
599573.6349498408,533343.4766107544,450921.0511973767,604441.8148260354
374663.47874004603,301972.9355325145,118468.10517754278,272990.9759635612
569540.2968694088,530183.8598580437,314208.8298179526,586236.1703486326
-134918.71504960884,-156540.70098834817,-275773.4592592807,-111410.04644574935
614997.809047204,588581.5575109969,406848.08696125296,596406.6862487148
55610.97535034304,-19278.17492199526,-76794.16307114053,72148.06509943027
310115.5643099415,295720.7950562162,143401.43234903028,282490.028979097
-139031.4197612488,-138738.59239590314,-257793.64115960902,-103625.3468410896
592986.9300579682,522203.00775302364,434655.6312411759,532925.244169914
-114071.70411316893,-105383.25200282573,-289894.8073530096,-57484.976792336674
388092.8676249421,326447.3905022198,154962.27788457484,366624.7454821657
400522.66606697044,392215.4100682525,223136.89015108848,347183.2455784257
328807.92997230624,216300.01532328804,57561.158394036,243559.07604706567
75055.66140657291,10022.098631608067,-103271.73846972513,21408.196770894225
558330.7064547052,490845.9109682223,292354.7854892509,490403.79666873557
382558.52658813016,296142.74773818406,162255.1341224349,380700.1554483039
-48774.80137852777,-143563.5357495412,-225223.64856953832,-74784.7427444607
639509.6966361129,594962.080838185,538052.8585338538,636443.8779934237
82640.19315200148,54280.75399407919,-76788.97691511747,128480.75146349822
-97351.86864035536,-112602.51577961975,-332052.451181795,-92015.01240633306
-28661.248276846716,-112059.83777538245,-214263.88734385738,-93422.14861090475
143912.82019420748,54256.5768895942,-68450.56617284298,189097.1049816172
299267.7807056515,185445.54497897916,81464.38470623584,285128.6615562021
196185.19591291004,86951.32995121006,17177.652121795923,205844.24510293652
-35536.2338715808,-122787.9885895644,-220262.361766511,-106187.68211506214
186051.71702253632,135649.5257516175,63054.03992769099,184943.0181498808
77742.97374377109,29614.58716402226,2651.278421748779,107143.74079385726
-29743.801064369967,-61947.164816829725,-146759.22223255306,-14094.464593350654
98762.44811217894,44634.59446875926,-47518.11073332117,128602.2842129505
-32748.57052843523,-8633.906436122488,-142578.36881546187,42655.040148775326
165823.51974733744,246753.2658227994,124048.04666382854,232270.22617446491
153203.8931416591,84522.87872509891,-54233.932493940345,136319.54375005374
11668.030592483294,-43169.27424036688,-95670.99509724649,76511.25927708263
364231.4187991307,358627.78091073397,185125.39478742995,367102.9946148797
685509.2213593116,593475.6056006812,412855.254364933,623683.9745545676
559543.5264239043,532700.0904065643,322089.5780758356,641559.970901428
120844.19320824847,29140.590084184427,-134896.5655161137,102085.4264157418
382783.2951675765,349416.4629189734,183757.51917735033,440659.9923320628
232335.9211906537,215235.8169453157,40165.88111938257,236642.5462515212
612107.2829885222,602420.193992167,524689.5794685349,663295.5642198212
576902.0607393,539509.2483492533,367548.0065581312,632554.7188815172
471534.96121583227,438299.95074717014,246270.26891347906,470098.17010081816
257940.72317532147,293764.2810382459,126569.0585131672,338861.6710231907
641097.1251588694,701992.5784027006,418546.77208356734,651585.8082720148
-19947.53164894,-119131.78140780155,-185137.33994300442,16945.473686527286
403987.36286722217,304489.9817948905,141659.1877220421,424778.5997354565
372599.31874014856,345963.5818441429,215307.57818948547,362002.65764570853
247606.87368624727,317393.32065167325,53482.938293190906,229353.67437997262
594110.760670105,474411.9047953823,414536.62938741234,601217.3909104432
665579.3607200591,568332.6893797212,489602.2919304817,655220.6202725286
539351.7259953493,403421.5343471564,294162.36649053823,526137.9747262504
494735.84842700826,505234.7169085371,352079.2094152841,539884.493029955
326375.73653796234,166537.3111753054,39676.05970099382,323958.6986451041
550805.3804308823,428615.3798855002,351766.70415913756,528273.5898103588
-101180.5780009926,-114365.75872949965,-277214.95520781033,-23004.20877044456
-132307.224669819,-180087.19268273248,-272107.95999892696,-83371.29843392677
685715.3329123096,659900.130478858,506518.4739932086,660492.607141542
508991.5182828263,360148.32174112264,257836.1493393815,529503.42093402
142287.10199663276,68286.4474577537,-10870.373235140461,160912.92127579928
454994.0481186273,444400.512674076,217209.0359058954,469173.03152334027
183617.04873562115,129015.72096065851,-35854.185155245475,209851.05811924906
145933.48331417993,134128.20890688174,68790.67317871493,209014.7829423718
9075.44981450244,4759.733602080261,-111772.57305662427,68734.9951947428
357515.798024083,366929.5665846206,151363.19191199623,482325.4034768853
288828.2197271952,252732.78749014263,160445.86481054616,347425.07888255967
475797.7339394536,467464.07649556303,325930.71674288076,473959.88885918993
17560.851070143748,11715.671948017087,-150156.94627554633,-5879.939662301447
-28984.866325119743,-27416.022387619363,-140575.47215315822,55163.774140187656
633417.3376938242,567597.3049642923,433897.5266970921,657393.9483644397
556299.1415041655,470923.2665547116,375163.23636734276,556927.9231247609
-139216.8443646842,-192967.96703786246,-317051.94732289755,-164695.96155198844
73836.93275655608,31282.494525545044,-76700.08960711677,49606.1808030206
237989.32667722367,179872.91488047852,-51330.12291220017,205426.84676825977
397405.208157282,315711.7104757434,108692.25549227104,298700.6465422928
80290.57673296542,5112.43114901206,-122912.77918206621,62516.27622021118
211239.771716616,176240.80607089947,39322.795812833705,202798.08011622704
614877.1416043339,536167.586864301,463786.7804722652,626053.9107504676
720466.2558217554,606463.836013855,435584.24326713814,646435.456075514
-29865.036374508054,-130818.01254907006,-208373.72621263942,-118831.10630020464
103127.38004617102,78228.30008571618,-60319.8408005581,77843.09497621295
320808.81189525686,219420.0709059526,114751.98641809612,301525.12930403824
447071.39763002994,353799.2862658474,216092.22922576405,418941.9330928995
314975.89885188255,393985.3974681139,172494.3102945903,386143.0573128619
-68461.8004852212,-113498.73289450846,-245500.61979169253,18849.923156415985
125767.59890694614,91159.715749764,-62129.741948791314,199367.554491997
421527.121557988,267525.9174367174,123053.50662169768,293759.75465019746
339090.1546671974,199901.8851108189,188556.27320653864,378016.8004260274
633425.5839618149,606234.9561418318,463315.236929729,690058.0162131549
410198.82040260115,349050.3800559065,223089.02282454981,518322.99138124974
-61791.98436094943,-66162.11896314827,-159533.95286684844,-60789.34914646996
362475.9916347371,357443.1572648289,202158.97796894168,426480.9575299416
-96845.38615693321,-206535.80130197242,-287252.083093279,-134304.89555675245
526239.818285215,380017.74897070916,309281.63367144275,519096.3680047232
160642.6415823853,76613.40988081915,-137121.40654612536,129883.04214593151
-136847.02261216607,-187619.95833141502,-293332.86792064575,-79542.18745001557
491855.648289587,310475.0455426483,240582.5536031901,441295.6496308448
424988.3152003455,335813.91800859664,162976.6831324346,491547.5060370617
296646.8268047649,240663.26132494956,86701.8012428669,270008.1376110334
88157.63222341612,-82060.31745945342,-118862.89522469486,2761.601378790452
247416.1241099391,191991.38302443002,43612.63810870412,275627.69295548636
378379.2928708133,264762.7662013349,114674.53684123745,382061.7833975635
674961.6719267122,592937.2433035567,467926.9037869809,690287.1056161562
450989.28100442,442836.64468984073,288565.46661272086,527511.130075128
303261.7667801691,217023.56090626272,103396.18651116837,338947.5254031636
-97409.07594844396,-99620.61920770875,-309690.73326455,-129708.91275768448
-57840.41756855766,-113247.00416184694,-188712.77541346208,-29481.036302240158
33550.50728730147,-44285.5152905946,-154884.26364418468,28155.823424507165
441467.2037416439,363163.1194684387,215999.89230926894,468647.0394044141
629624.9919765105,593035.567437367,417553.96233857155,606328.9993759538
655009.6579326356,544615.2100368352,311334.46975178784,605335.33555445
678033.3694842872,646047.464543781,535423.2804450722,830754.9825719444
-58081.40608714486,-83963.97889446357,-190996.91980621748,7402.905688163184
245782.97365711187,177190.985195552,6057.56248680898,242193.09854597144
626131.0640437985,523525.1772675279,352215.80202002847,666975.1282468766
294912.1999174643,152947.31239827618,26275.53179148538,234678.95086932962
404321.7511412307,291099.07932059385,204679.47994644498,368033.68296115473
420628.3222331456,360619.2570855336,215446.02284356882,330277.0442845392
60678.9915525791,23857.735815290594,-93800.27017037256,105675.15419487283
75698.23642743507,-47320.66559785459,-139024.21654920175,27606.36765105836
63623.51034633408,9410.629157513962,-48015.80648119806,78566.27220480691
128399.76286462857,82589.43932063947,-77996.7403552446,127443.38405133318
-90055.67733505706,-156417.7429005372,-226113.37691229256,-64284.31836578372
113886.90802619385,48793.558759438805,-21030.79416872107,129039.4099429571
237207.3394901685,76223.11562946741,15126.270907956758,213018.68284465792
537545.7016983177,460080.2980771876,321873.80024227337,543399.1473637553
163693.88851079647,99046.91976658045,-75957.39527026424,164876.86564950726
149249.20254313294,141130.96264039527,51203.80814848526,249748.10108274035
470447.33536077116,443809.10984567343,295160.0682565798,502979.58183886367
16682.072285337956,-75733.5828186723,-185469.31432896387,76853.64535555104
661172.7151667967,644709.9613762512,429740.26077428076,742640.2894235114
4631.848181049281,-29505.230037985602,-155685.99279300054,45528.43475668889
-80949.83829931705,-99293.28154349478,-316080.3099168055,-62857.40056023764
466057.4491685601,455903.8865922403,334393.67751426005,471421.01366488775
655656.9489999732,520842.9661457925,536623.0201269841,720884.8774624092
-113571.68218364834,-180544.53439694055,-258431.0891270808,-131777.2333096916
658368.9414034698,649252.7609920639,405867.78776519943,696620.9629861878
415864.21111610427,291501.63461124967,207095.11212371255,377871.1047508933
-15458.798569936247,34478.79378688848,-149170.68687983806,5424.699093923962
-112569.88245340268,-163131.1526274532,-236271.28725499386,-134322.69026873476
106506.61152607528,33272.21291310247,-65422.61586591625,76396.43938682531
27101.196217570337,-54133.69611461955,-69822.97570658149,25525.845294465544
28130.156850994215,-5487.485853260849,-161449.2659618776,-19884.635673350887
187493.4989261747,155435.08426835807,28214.497283026692,238107.68112229824
294934.4640405653,123502.24363684189,65132.64010035293,188675.83124932402
-144549.39171878796,-193806.35089466308,-283398.92368647194,-182002.51133048907
222413.6096649362,109099.47058344062,23910.098268418806,165502.646450517
18367.310601676232,-81898.24448470445,-122795.06716000335,-7842.359160610125
-92357.30495022354,-155809.56034339027,-233785.13875484234,-113840.76097853167
133055.79230016156,66496.5756942539,-127184.6119478984,140320.68585070607
394697.02947603003,350201.06078801234,171779.86927188653,365676.1943498943
64949.171664380236,-42943.13174449792,-96521.4896648149,100017.14982646017
654048.8438996794,648129.0716533959,473051.2255753273,702484.1064872264
327297.90049012715,233093.000379486,99331.27955435147,263000.1627267096
561920.6419510944,457932.1058089045,340638.1642096626,527855.6021694005
312917.5934004835,225273.0001884238,89291.27670025546,295587.72038258496
174231.21571071458,208189.63455858768,-27692.754956269288,205628.9423180431
118338.56711001846,126485.02539074735,10988.640778774745,141749.3922700819
277390.73071197374,102134.35525103414,42983.2306800111,226377.60563217453
-59762.96061988332,-69089.64554163179,-222466.45407038205,-39646.77833780419
-152697.28104526567,-156341.88871916337,-327420.25532070897,-157374.75883868453
-53764.04505299509,-80443.02870113164,-299351.72372693766,-29228.24159440468
580182.9061804875,510614.25521955965,411566.83115199825,581197.8158316757
602844.6760313946,533205.1769638746,383726.76557336166,640569.7723061766
684322.9271176578,691452.8268469891,490243.7251406958,704464.1746116846
357438.06307564187,321099.78541985736,160766.97281906207,336594.9077641469
52833.43475060735,30781.230870071566,-127397.2388763181,80240.88409738813
522083.1840742668,451784.64432170964,368423.22862548707,533498.5426184598
727070.6251175904,597785.1076601206,520772.6790578101,654188.6237433306
250755.9199842735,163687.36443795904,61343.57023795077,253469.21257717826
703394.5827525433,645060.4757053095,447424.50425511214,701205.756743273
96074.29137508047,53284.95788433601,-225.14453595562372,124710.50639919855
133783.81458169722,170369.85302867112,-24789.92693074711,163418.06401482294
75071.50309931347,-57104.87146926235,-140774.24398992577,58252.30267023272
588018.7295367992,505965.5401032991,290563.5971052877,569535.7592451079
410632.75423465716,387518.58610856126,263608.4963385634,411264.51604301203
130081.3505488605,41484.85074230598,8281.550144589623,136708.12822882575
318857.7616309057,198553.39446240023,132212.15870646248,242988.302075734
53769.787319867755,24732.16030633927,-125623.72062629485,81739.6324737781
268313.43527249736,264287.23609718867,99874.22650867898,351396.56807268364
349159.07738955296,329479.33482296485,178509.8109621394,351014.0004720547
566766.9734584929,506986.26438906905,376228.263561585,586222.5903938261
361852.5192294336,336297.0198374118,164225.2974007997,336184.18596025114
577971.6962782962,508339.55819200934,260856.98209243699,448395.9885276457
620747.6610153848,615532.8304403555,424627.78104950057,667532.4651574634
195342.33127684868,128214.62077525607,10019.85375191411,270957.1672224937
-19474.561330846627,-130444.78701523301,-242498.62034162605,12209.593039102852
-51636.749420961074,-65902.71540940093,-175599.6643131171,-14701.581430142163
71600.50590685057,61481.90061942709,-50439.5896123664,159851.40906429547
447967.01573089603,379439.937284591,347235.62756601244,442222.8044661463
455105.9629675548,321902.33487756643,155473.79345780564,361002.0396538171
361626.17494398495,280703.7910126711,118861.45055501629,374856.7355009194
165210.9434122129,86990.3423107618,29316.199371285853,210845.32657080854
383368.58672481065,332210.84209196956,155129.836127089,352002.0297818474
54710.72929167235,75876.94273713382,-77745.05383885535,69978.33094712638
700130.2451937112,570698.2629581264,431105.68218113657,716659.6989448552
637378.4595207104,486382.53784713044,397003.3216096668,523795.4478180297
472293.26769608527,354982.6209295697,211715.2739198748,456381.8522485208
388776.1517542638,310945.49526573694,178054.13866997743,391827.7224095523
336344.0697838715,294637.92454340076,98403.92629692343,408218.1335093067
-37286.401161724236,-44997.07295488886,-197550.44124294072,14184.730941349291
666802.5087810692,617421.648848895,433738.83753518213,624182.1292909447
41914.371428938,15192.500204773969,-36986.954936176655,140552.05921451456
260965.89761358697,106722.91241206357,-24664.382578839664,239350.59001171484
-18960.222412341624,-70174.41548046307,-138008.8278555437,-18293.362754989415
-62924.542939157516,-127320.51811927266,-180242.02301876456,-13532.949260108231
178947.85198963946,45975.368945569964,6315.908807380474,114304.37947137677
32414.32025563717,-71737.02432359237,-149337.63050265552,507.86542946920963
77735.46421338175,4954.954054212081,-45102.69504592882,59332.79354230838
653485.143115272,604640.1494526067,403808.95948397636,703655.0065911228
-60970.78062074201,-119315.32173444994,-175450.13928484888,-74754.24585864565
430748.5457995201,265755.5076804509,238073.16655292793,418149.85983141325
503266.02029519796,406410.9639435306,266153.76857078157,527196.7842539469
332132.4519513969,350927.7602531982,184079.9615325951,338920.4955187454
427067.009009855,379465.91558066406,239079.63212899538,444862.41256227414
1948.3877079600352,-98550.74947397708,-172788.5473966397,-47860.487612038036
-84697.44129167858,-110693.07869735779,-188071.1433744913,-30462.49848342745
566166.8292415761,447501.1800070392,300972.33756290656,574322.0327667443
525305.5015487283,386882.3791978356,255820.59891437192,563635.1480361288
14021.885098304076,-83813.78993382462,-158786.1117362033,359.5621747088153
-99865.19479883125,-197008.76464981778,-304185.7744581082,-138051.63474103255
369200.6816326075,303120.463303706,184555.54715450027,412101.9352613818
472994.2596912362,459824.3421145163,317568.5768466303,515622.3985051339
23180.10106810683,-61054.716011065815,-146119.11613077694,7499.724824064062
441443.0825298884,503182.51377659943,275888.4031652353,517293.22363688867
685657.6326405292,558768.9208885573,471846.4170184297,674309.2313318311
201302.51261444134,88533.52058399131,-44423.86607772682,216687.61393289384
628287.8314526137,609373.948217784,457285.071546472,716027.1227207545
-12702.921360673849,8546.785899899784,-181197.08522492863,87610.47510954621
414615.6066114914,310894.9235543809,194258.5911943767,409069.76459192205
396150.0424638231,315833.96028078767,250166.2923151647,415998.65718007146
685982.2721923387,683302.4907743894,484721.18770519213,718229.9545454457
741785.5120666348,647699.48990659,442445.8502582753,644934.7400310289
221819.61516339076,47586.279760723235,-5282.140500623616,136503.8488809081
318122.9550240827,245504.62700951134,128834.55946236593,312277.53655686404
719310.7143733853,562387.0981488791,468063.8465737683,696697.7484617138
594019.3461025322,596726.217773621,389343.54499017843,577588.8491583341
-104015.31214834593,-184288.81322156382,-255029.17926849064,-88087.49205641676
568052.6011288601,521341.8433648024,432461.1840328899,567975.9774029828
132983.35062097525,28824.544571541715,-87022.1819256111,190276.35927266756
618046.4107249924,455408.5553452915,385285.3690161088,584869.8494603187
430835.82456601213,286519.57837499795,227139.96580028848,380630.3549889575
662154.8988232871,705289.5563751773,624087.9044822819,761813.3344742681
419163.8304676395,364721.32934092614,172584.72517777188,374515.72593744274
434628.9013862277,320901.0990099269,206032.25349828193,385611.74686918745
258290.56011586194,304705.3712910962,92674.02705420053,228575.49824279838
183009.46447557595,166659.93502447498,50147.21432678611,205298.93179091532
347155.3395730753,210176.48612929124,130691.08484839788,345310.81316010514
98891.16924460942,-7647.072095974116,-34531.74154862203,60400.588698460255
227118.88883741992,216742.78112874657,31606.981996143935,217123.4335731815
372777.95349808934,293839.8730942821,191722.22309052513,367928.4199878824
279416.2832843686,270190.0972517524,48275.241123032756,278485.0286136194
495776.67391597293,351635.7162288012,243664.31207474228,490196.9428159597
395169.7172561295,290552.43488247576,163664.1882211269,367309.4936280452
-57322.302832959045,-96101.98874913016,-251493.62097620696,-23971.932098011835
188416.08011272026,65213.43855018157,-36855.523216731264,143378.12414824707
310547.68926575605,189279.7875778752,146757.11067686032,382364.40984425996
-112193.15984774224,-181341.06447769213,-246737.41894890892,-78515.59850850696
-10092.078693391406,-82031.2733002117,-220634.32805908856,3341.37994693988
44522.43600669503,-39475.074561134155,-184244.24095866538,-42338.817883445416
583892.8555673042,590351.6738558677,376097.7082655763,585545.5506698149
389591.640117296,287535.1895980028,188683.80520300998,331015.4684104979
318537.9017760637,320931.2536837079,134964.25521323923,364416.3766486419
704506.5293852577,629280.12369419,463478.10991971067,643217.9004682666
562931.8789040325,543797.1478477977,436185.1535834124,690678.2627709522
350174.8671336995,247034.47870614124,111806.81320523075,336234.5284005988
401592.0216104834,391025.71291029,292657.339906847,433548.3183885914
-27375.015460311377,-84752.54258392187,-209068.20876654156,13660.196382677648
306443.2161881345,220958.91893551452,139636.60452711058,265112.8714392844
716721.7997031235,555622.5608917524,403293.7582166345,637483.8849329907
501861.63169994345,520090.54111429397,301396.2402392607,541003.4100914012
515195.92036288115,485798.97565084486,426773.92981553765,552779.5498198608
627629.0257884536,560095.2057031046,398096.02118101704,596886.423909479
86403.0220379373,45488.780856221565,-102803.03070348897,109633.35506486672
151812.5532665865,124826.08171116048,-25796.627083693165,106639.68467334856
-16933.706277682213,-117480.75367511378,-163806.33279687038,8339.468289740209
504446.120577454,438691.62573233433,347310.5604883125,525631.4462094664
66876.84209250985,-68227.34338961157,-83321.26393584197,15867.145283535065
20797.09702698083,-40578.69144113391,-170021.01142354356,-5436.3976143494365
-151385.60908791743,-155197.0405117249,-261692.63876366324,-79656.89100948325
396275.287750697,384923.62413942034,277688.61790930014,464746.76553319476
-108873.8760106311,-165612.6476638678,-256465.61734154302,-158620.594688099
-107252.63309470902,-196781.50238902972,-250131.03645716072,-144598.47990315466
343028.5583723695,290540.58657895087,207689.5809338867,370466.2484396893
448327.66985088144,363970.88396773953,340271.6020687674,546781.7804381009
563061.1910992526,503550.37015518337,319611.93096228305,567297.210467939
242083.48542965262,197263.99713322194,67519.88988569821,148993.11103098944
494489.4879599081,499591.922918782,365218.2540929852,507824.9721896504
-112417.48489103396,-111299.65284096234,-223331.5763960667,-55140.72018694476
-100140.35375362169,-213396.03870666598,-358602.8092178181,-146962.67431623698
-65359.33969542809,-202294.71085915616,-278415.5991765383,-127769.6036088799
107048.82597797026,68004.23473957041,-70277.29603887745,111960.67634126847
543669.4591191495,476533.4819546022,450443.01412560197,557534.8282854578
477108.90666572587,407050.55594264285,376157.2224199758,533487.9987372173
198630.56928416248,111676.6976728671,-30342.464256784646,147545.60158496676
346592.7683135038,384732.5335735867,224962.32475531334,392017.9899164622
55060.834947901196,38071.30129687011,-86566.08097015729,65648.35977024643
141344.93868811708,68576.30202743213,-85204.80773427943,106223.37853433471
515329.3840443111,449799.8106190063,327081.56692309014,433775.7755858513
650788.9648283392,575809.5643733672,392564.6450514925,609848.9894180659
284587.7830566156,213471.3043615045,136366.16183614568,253913.44922326086
48553.628686609445,-233.81536275031976,-136060.93746193498,-10629.024233893608
185637.22753636527,41936.254938075785,-25917.709310439648,158347.32120836747
21917.17922819144,56648.05071455287,-92969.48930189456,50180.517375867
103525.10236949404,-52017.0171165042,-132829.89600649197,77048.16182125977
545459.7744784069,501256.48285851395,410655.0443801385,581841.3195767824
303315.53822906455,249252.38155207946,164144.15071525227,337554.99339665286
449902.0559031152,425542.1587235858,224188.70452891046,418430.3385882282
106855.77117414982,78596.36996817007,-93355.60509980423,124138.29381249542
53219.39554601221,-7261.024244280532,-62449.83389700751,75297.71249489661
250195.04635747639,253812.14220230305,138994.96217992483,326494.38797897054
292624.0958297753,223407.51069866575,192119.6407409797,307692.8209116204
183608.78561735572,155528.91252442228,33058.37720946118,166958.89952642063
43571.61789078894,-25644.334987960756,-167345.5384926318,57779.860832841485
425102.0256464847,441997.7630017998,226853.8365239238,447137.7523112118
442742.3446343079,338343.9532763675,225335.45493628609,469087.88870081387
73001.19821972493,19822.04647391825,-89660.44884097099,114479.70043532085
33137.969841644284,-25133.30777584249,-198185.41071161372,68052.83022413566
419782.31656641664,342220.8985047324,282288.85153764277,460478.77617643203
-6548.06655912206,-10371.327941371826,-207526.82604583655,-95067.6553162908
365577.2257396921,391735.5082631656,230996.1902762301,410800.042970881
260531.94837380748,203585.3448225737,121843.40133540251,217241.33021471952
395754.29025685706,251941.50399180863,209757.22067716555,373767.48700905754
620584.6883082229,504125.6530657988,348386.84440307657,636422.3302206802
587865.9274537624,606072.0159620384,445144.6897536699,591621.9974532851
226624.26160080894,270529.06012017885,34979.49940656335,263819.63567543146
480384.7977843385,373977.49735229416,238110.03261989052,438450.4170738363
1389.9807311105542,-52103.67962858186,-256300.76167130348,-19601.153988308855
161050.67478500062,106713.89751532511,-17417.138545279042,95069.95691800106
-128025.61610133713,-157337.4263480876,-236763.0110451238,-146377.0741311066
94892.880851686,61596.47839505412,-74495.92170932365,57479.13447851804
44684.987103667576,-9.565431420342065,-111848.91591205786,68227.92874163785
546516.9138893089,489296.875315316,324954.06990404124,519882.8668070899
60517.940253012,-4529.348130410188,-139495.8108934358,29319.392382831546
445954.80853392347,379529.79883521283,217172.16172428557,483235.5550265525
44138.70264533593,-53361.71686724119,-114237.27179443266,-11237.673801873287
-83742.6333182421,-174004.03686322534,-248984.8319129353,-180317.27370818477
265610.8047400621,265706.05427150906,131670.7563833018,337993.7388443374
640326.3637848622,550423.395198924,363329.0938993064,517189.2788156199
670215.552206923,579066.4313437794,502639.96302481566,674188.8991366508
-11084.887189328845,-69226.09494136763,-175590.00148424646,32822.88466717373
213233.619715704,169636.60301748593,-13005.844945510267,234079.179669983
290344.4775971004,269154.28598754737,187887.35720103676,412875.73141322634
-9990.678563626308,-911.7164666597964,-195971.59787512367,-21282.13109716843
606526.9929501337,536529.1323100992,386825.3795064951,527984.1500588163
326905.6479129426,284752.04559539247,152830.81281760766,384017.1268903627
-58440.337758451875,-77855.68483443692,-220042.99331223115,-29298.658896603098
628882.5160856368,549762.1307752249,480334.34336668544,600335.1002309299
170137.28933411767,167729.57573416166,-98.02733869978692,234060.09364878736
97748.1179574934,-17311.173714137636,-96848.52561016264,53506.74699815246
312146.0884994457,274123.25538242655,147957.8662972293,281886.7121943529
-138873.38628791727,-192487.58844022063,-294578.4597359322,-116134.14065346727
655771.525881452,636380.139296436,500936.5229884564,754710.7091024728
431021.8077464482,403719.72049065796,311356.80378602666,438530.930483707
625979.7642982127,629285.3379277498,446381.8179253248,603933.8094337282
243965.8852578242,236685.7301605466,86105.72091773571,277459.65194244706
288321.8027398777,184981.46090394293,105210.29342820519,275105.7151233258
29231.9130561488,10055.292300950503,-139105.21753245662,66077.36314350273
490332.3520616626,460830.833821894,336752.0866160821,501014.06293363555
198550.65213569533,233146.07386394637,27087.311707739136,257761.63983736234
-21103.075892204477,6501.397688340163,-142600.13470081036,-5932.272957245936
67391.06818610709,-44752.113869741675,-108671.18103070837,105832.48531333485
458102.01028099714,422049.48904348025,265317.31148778007,385174.59409920964
70428.33496744174,48767.13803067047,-26377.525480664684,89090.5078945324
514209.8321941047,569281.2665677618,371806.97939443577,579085.6088732218
610066.0346976519,600552.2684924293,457236.0311478734,589633.5672030803
363969.65795340436,213495.40864844352,154293.8156841204,277309.7345492672
705479.2092167023,661524.004409147,513706.34318044374,641926.9366453798
427966.92635359487,294956.5558830638,193133.53251553292,398431.073787853
491867.3810856211,315926.5136914622,242291.07755228668,439577.07462765055
156087.22091408633,96918.24026702007,60402.0040267054,181951.17692649376
-18815.36255026853,-85128.73181649554,-184843.2549327368,-49663.31749123015
234441.1233257387,259563.22664669435,80324.78240315744,218624.00881054648
8706.510097173858,-17090.63700422563,-157213.30895734043,32109.845524365664
613616.1836308022,599689.3490943657,407813.4480254281,606054.1689466364
215297.3250258658,150822.2653577791,-16623.229624689324,195235.02663202398
453936.1170693431,416640.86500222667,388264.8830984805,489668.43749972724
604736.9597467154,561375.04902036,391050.8530566447,650346.2340487812
519432.48229829094,376896.31441760215,283825.1353009916,411265.17857409595
486344.69183896517,515782.04803340207,304073.85680719046,445776.90585023945
457910.21737465425,405335.01417765336,232160.900136002,429196.00774175546
351708.53307394125,187044.2591360472,105108.6252088513,313537.23476441565
293399.3815235121,280869.665287927,147267.1024804177,325513.8198437672
39384.72854676773,-72330.62548224372,-177626.92472267267,75565.5928378324
43896.117012304836,-3354.1170958415605,-124710.68234962597,91884.75761259277
451359.80998461065,368327.2231788492,226167.22351570392,439063.26975783904
688886.6345386794,595027.2785995996,472659.8321918651,670440.3817249422
319070.04509779287,287195.22057801543,112969.83491854009,335229.6609782049
669195.2727438451,555951.0480988943,426160.1090436644,610372.4135755743
703770.6171459765,601256.8539073195,443485.73759007186,705144.7116240445
354124.8347213046,228913.3500381005,156369.1537638303,324867.81300167635
90553.11578085832,1782.333447918878,-81234.68531627161,39464.95256396721
254016.78645544103,203293.08156289975,90125.76078109466,220040.3810491258
628523.2406501826,529643.0672269836,431294.0237057606,594968.995214503
247777.0496270341,259778.06653713482,148925.74436860543,287487.1869124945
172138.54389153398,183539.8272666512,-28581.623465249315,192325.51800240506
246293.43991249078,201703.671242823,88356.93497432093,271477.426803277
332950.37643678125,279524.4273940214,170734.37907444872,371503.4694475754
412979.9257436277,354170.3635715139,228781.40930060553,459682.44403033797
484471.54606088763,495268.82865932095,341582.64159674966,501022.7075625865
389024.97585689556,293896.46185618325,180217.6649279755,258531.58431305934
20167.720081608917,-51003.08043253794,-61328.350742331124,11409.180041710497
254604.63173827634,274532.73310470674,107313.89394259884,315877.7639739015
-63800.53642564383,-210469.825154946,-285863.82087100163,-191141.5636939708
210813.58884311887,219141.66894724127,-42954.14036324911,224057.91492681857
383608.5314982969,289437.1093163744,111796.95500686392,425634.5761817435
448937.2661062175,379323.2075699158,304453.54296388885,513589.9926925601
392540.88601617655,245270.99468486395,149182.33958939218,433174.3466425877
3366.9561450963956,-60185.49512736185,-171459.3476765509,29882.940130484407
393042.14630632626,514439.2383701068,305237.846468554,463541.6513991174
185056.94380843616,142836.21291493706,34192.34227480588,150405.69079284708
634647.610824781,555218.1812329614,480362.660762041,533876.2849437664
278734.69325341494,250860.92037105304,107194.31444663007,333775.6715811546
586039.114863737,532517.2144316107,415388.5257170935,615248.1687246577
233844.700760243,87235.76364633546,335.7272432766622,164016.16595025454
21041.61603353941,-120679.43490798684,-200280.12681378913,9918.80133898498
-45917.12516033411,-104887.53072058794,-206863.84186655615,-54170.07889343839
520252.5417353435,452358.67482476856,363705.17735814874,562968.494597113
363555.5763374653,266411.6882116508,208956.47282607364,417397.88111347717
610400.1616309118,539725.9627140479,409126.4102524853,601208.1966591168
562463.0397615191,525068.5980056482,430954.7703277563,588917.8628081025
573475.586390886,536123.0957265513,422247.81238342857,599087.3154448157
534790.5474331601,416463.2919870743,270923.6905999617,514631.137025582
679084.6931960627,748667.5639408883,466802.2171667231,735416.1322265654
163633.55797661305,153186.27603590616,71984.96000487835,273750.13670576387
-61008.99856484227,-131721.0371694484,-220890.94017639168,-76541.41525076417
393826.26410471066,310736.7055426806,175307.7370252026,334356.55790444044
177767.119788312,187720.44478112378,68954.70282189315,246507.8025367217
321754.89752953127,292494.5711219101,203927.76101963373,294334.04317219637
542664.4004505278,495382.64819504216,352985.8235151805,591257.2929777268
464343.29339142237,402201.07290303416,338500.8549908695,498579.3829644538
-10766.11957748537,-82819.20182413264,-259446.53975863237,-52897.59244272142
-68984.31706552993,-97948.50055663387,-225870.206151522,-74515.10424291878
556096.4773594199,474666.6025360848,377432.49963848025,606719.8501521894
408329.1264849908,290671.677715427,147379.46658947656,424804.74367466033
214590.1324570052,250796.3853626704,57371.956620505196,310292.44271370117
146352.25186360802,142230.0327006717,-7862.792798943468,181717.87961117027
100799.07327654085,-16699.278149454156,-113390.07071681891,38506.934213803266
-20545.08778885519,-117781.93378872308,-165629.30880605796,-7450.764861274045
170027.67088155192,17915.787715114187,62685.44630883029,201718.56184721517
562838.6730066,541384.1732564196,280672.13911946,561473.7248297944
112831.0995745511,-25525.35372480849,-114071.61882240954,68907.87032967294
644925.9417518261,594931.8526492231,408894.16997264454,634021.6204104086
-139372.55539536517,-163965.30988910858,-308036.54600852076,-47576.43084515445
236922.56947405427,186044.99589695828,49818.45589438046,264240.32083217683
62908.70663467026,-19673.863232884323,-207510.40955697023,19440.58394571324
34153.66807539831,-70626.57203872188,-172425.57208170975,-17392.654227119172
262579.87036691175,223010.99579948885,62139.92823036376,247133.5382231305
-109220.50399686937,-109301.83687548537,-262499.9329906153,-101692.90414349677
522934.62097862945,484109.2025919389,330102.1986088427,506693.37031252997
557562.38172641,439455.0340510595,383818.86550781305,571839.8688426563
621249.3932300876,637769.9841559283,448251.88710146525,646379.6301431151
327080.7383093308,264168.56634139584,190159.26996435772,357594.80095345154
-23232.45058234263,-104522.46337760868,-116605.65303754096,-62959.001652652514
225554.05198648712,264966.0364182581,100804.77473480604,316295.5488894773
709129.6760619367,618788.9611426494,435399.37748835573,653322.5361023683
108020.8077486523,66895.4534317262,-55308.081599896075,149671.6381727457
436051.20063062175,371395.6394529593,258823.8973175804,333306.382417141
416417.62451975816,393733.85541538894,345003.5563823964,443769.9206604643
403244.59468150034,302150.4647518165,183222.84954754647,305155.06043085223
69802.80907754123,73524.14257034974,-21508.752495134366,35302.97760581109
283739.37003935955,311809.36484182393,115946.65629759373,329061.12751597504
524130.8357032271,411205.1485087068,332960.3515499014,562556.3613330275
90486.05300018669,27610.335084296763,-69971.24366252962,47456.50100026664
-101702.98926131811,-141235.96895418438,-338147.55698234774,-94556.89024769404
596355.8147997023,502226.52954120224,392058.5255346537,612510.519075322
235975.84918638167,240811.84051265067,55642.63734492054,274219.04026779067
621079.6864451098,545826.1455586988,367943.3364159963,632329.7341498777
189753.53091470432,157670.84808407316,20400.213898229646,170267.35003039788
46350.26873140852,5552.624367368524,-161812.00220332248,-22628.40099017578
-50712.544078952866,-148430.68183967558,-305958.22237094276,-80421.36395715043
16819.23404792871,-11667.145102484268,-122085.91830124182,95742.00461301568
51104.39265313826,25052.97828831314,-126942.02930450911,132225.05292096804
-120538.90801104205,-242912.93632625282,-323517.2449930037,-127827.80154759291
177031.0892473912,282768.07918212656,120074.9949414439,179861.34550592967
98314.52971194487,-18687.601768018678,-74114.87352133752,79399.42784736585
669023.0304353819,567630.8250728671,513666.2220442033,621208.357208967
274358.46393471386,159172.80366726953,75472.16548141115,238107.77134589455
666334.985392479,556592.0942919785,440076.3616883514,682829.6759597654
-37416.77354851377,-73020.53576316818,-182105.50754415744,-62485.28442970698
558585.84799821,595995.962912956,377205.8248914542,626653.4033165087
384247.90459679754,293671.43485863437,209773.60263675614,365969.8720831543
434553.63141888496,373089.56266980025,257639.2102053645,440961.179921387
555895.683633812,485403.463719681,368967.98248212005,513266.04410398356
-98968.1190132891,-162062.95354154997,-329105.2904874396,-71651.18136462232
19087.281198612647,-52359.22952058585,-166417.37118581374,-6919.353083790513
-14662.610529470374,-52620.31090552732,-185785.02992414963,-22599.983944732463
183255.42782531097,181004.32843925245,10373.129864702118,205603.69963567343
642052.7518512709,570687.566522416,341752.63174336986,492786.1994695328
28256.973707688507,6301.807089981274,-124642.35818169487,25390.853365048883
629652.1070606196,590443.4343590855,433552.54285015597,628923.2348253473
659143.9848879557,600313.2267220123,402416.5598524568,727621.6240734118
-100146.27062216302,-204151.39923856518,-263077.7819986024,-114456.89291485865
43655.78103785333,-22030.755849862355,-34130.902022255934,26346.33004428807
-100605.33978884644,-98754.78065005876,-232019.95804656722,-95645.90541751205
232966.688524849,112161.66222523735,30024.939527387498,217953.77294814563
148656.67299274087,64523.2863927884,-70586.65092816472,207330.67263744888
651768.6932865686,593763.5298069536,438800.69385461265,634993.2696253993
114726.12646684586,-118.86035266355611,28953.404035890475,158233.26065564784
276227.85138024634,321890.0093826781,114562.1602589786,294094.114001047
314257.38169733644,280436.74495429476,169553.43015112204,257076.01807772438
520072.1545283785,492939.1609343891,431223.68021501985,593791.9008741144
619292.0581693442,609223.0039780105,461499.5380560522,649414.0984375109
577707.361168525,546342.4351653492,394418.91884774494,553467.262732723
273169.6959970314,111690.53543283476,23632.539007708547,169261.33171818103
463092.37101153634,341694.87913240097,269408.7519265909,438030.4089164897
109712.45947851567,50493.46986173955,-41188.007121614995,86882.68269627367
718771.3598386254,638372.8166431121,534292.0246124185,699221.05345856
335460.14814355795,315674.81646936387,113248.69058830163,311931.8801160812
-62212.620551268454,-152557.82177672163,-166363.3914759272,-103911.78226429096
536697.7506318928,415469.66058683593,247015.44969819358,502335.7174952434
216618.8038020773,142056.84186311555,47887.58517991076,210154.5219815299
693155.0245436248,608012.987165394,410421.58205147565,621800.8308993885
597914.071936857,518982.07481226744,424143.7331868351,630861.6493063935
-115255.61318691965,-131099.1494818466,-264595.85471568344,-41967.55296766176
-136098.62983300356,-172699.49712207267,-217264.85538877733,-140664.6556709538
428494.7418663837,345115.8122254583,213892.59846459795,351804.282788311
483333.3715999074,402931.10119184805,260683.65716025897,515454.18634294963
307544.1149059881,339045.33042469365,124974.82856785553,297809.6011071311
546992.6008654903,505077.82517550746,388404.86937090417,587675.7584451789
357660.73235238995,253968.28224235843,109769.62157833995,388882.76283871033
-106526.55597650597,-156263.0861887762,-263648.8898803721,-47768.921258839546
633464.2247519856,531070.9886032403,438943.62759535026,645531.5608051613
637618.9217558033,572072.247947942,436511.51997574617,629202.8193709948
181525.84327638953,104877.3685374452,5332.844254884287,159936.36976968672
476526.879872642,483509.8502225742,288070.75019318727,495705.13968929707
548470.3694508087,447355.0423322993,310927.6478167842,531122.7407390607
25963.544959082967,100.63582683750428,-166009.70061112486,72685.5415441104
42456.130776221165,-83742.7033034914,-142910.64311132638,-21837.995295978617
545144.7174044804,368602.67106982274,251002.0265581659,588880.7957749157
626203.1380272333,534794.5800685072,413786.54339834733,577429.6153071017
552719.8645546811,481389.96333338623,397045.2767628904,609393.395332495
493663.9153785617,353763.00115794677,252551.85654037062,396656.50836941856
499952.0224740212,493974.18401383073,243676.14864324091,525673.0315781834
40514.47019446886,37784.28616997553,-97842.32449277688,118407.99843629543
769710.4969129034,616110.0469562192,524851.5067128643,680570.7838006802
687399.9145240667,596886.4938151641,473952.3328306534,619109.9420483185
-95371.03651892248,-177974.495868593,-295173.4563986242,-68596.83557458525
-43256.3082735496,-146754.57946855738,-253466.04113517352,-77732.1300047285
-11633.186621863628,-46966.735112194496,-184445.50250173116,-72543.38541726687
365713.7658185102,348656.3102454598,227973.0487755125,390815.3512314004
471234.3524810395,406912.1471130017,284074.48191541655,505259.84149650217
-22787.804156417376,-23657.550872536376,-107113.47977579536,9058.058191827091
548926.6676531851,420683.2173311325,282589.18265677895,648217.5982607317
691557.8059184852,465009.9296259497,486306.784904288,665835.1225019149
116210.2174470526,50032.77787345601,-35943.059648873634,87912.66056448792
162544.1044615968,106524.7920931495,7558.227212909493,220037.52610887762
370899.2734921931,322889.05160413857,192672.26922751858,379045.8297702408
95089.58340125682,-12741.573077677982,-113527.14163227018,97058.34345804236
336929.71190376696,368367.55253520515,194229.77991484688,403963.76161114685
193834.80470079882,114964.73294409027,50227.93967007473,222273.8281923933
677470.7008805957,625113.6841606144,443761.74295189057,636492.0736119112
-118138.86038964754,-166587.36160242674,-263028.01149119914,-164323.3784806275
401001.94668658567,424177.88500488957,311636.9697355665,443099.53668087884
-7477.2712767042685,-44123.12064652948,-159417.07629919506,46038.75592041714
144067.7279798435,142610.0073199981,-26721.096316681826,158915.30265108147
327380.2783764588,203686.5587495705,100472.95790373732,277145.6208821513
710959.1465936638,677118.4131596445,558201.4135111921,689015.155829076
-3843.6948486813926,-2740.7186559590045,-121565.57131113496,99620.16778350854
38807.62366339343,52283.55294222338,-117576.25136619515,43187.69889357488
-17553.967288529268,-121273.15590750187,-282400.9108317196,14265.977283289947
307211.70291177917,218577.40409580793,131752.67583569186,306987.71951198427
-33362.62896846223,-116364.23797315347,-213945.0175151623,-38430.55953906797
82631.01758930099,-23875.854338169273,-116273.3537213403,12244.095190306427
291240.0212859323,249228.9510768297,197374.82823092106,401664.02091475285
180815.0419026328,170835.29496400105,47638.107654003776,174727.6210938699
577842.9285880865,468251.7289466269,312326.60373944126,548574.0848132228
647758.9465719608,546747.4791151101,432046.9074022771,626241.3658740369
401546.7910638455,341314.61365636706,242772.95229942817,382132.84905470815
580664.1773850548,534502.8198004398,335076.2073659315,523244.9675532031
-104871.7862171306,-148530.32160453068,-298056.75679757487,-103482.6485144932
-40985.45370057563,-26102.0727993669,-170633.99970813066,-26048.600548293558
628141.4785315639,624834.4811471538,420456.85263409524,642130.9846041014
409079.5297253283,353376.96345689625,234218.6926869898,420128.36398040154
140656.83984881325,114099.46035830176,-38678.0940556532,127427.2511072586
288576.61637879803,242709.40374842822,109980.32012573502,274408.10963001894
39488.98312228441,20881.642682259902,-134489.75223735557,23861.515145174344
689117.144361069,595727.1762542939,490053.4207031954,708075.0593072425
-170932.80890672712,-195346.77023393713,-228624.5152838952,-88447.20645573625
146045.84454982646,109783.08168477844,-43971.478003317374,186420.84249774122
100120.00213083881,86277.42442809406,-70077.52663787792,87550.36368091544
-94174.3816691264,-133432.88348227454,-237354.72663042613,-75913.06775356032
130780.48410775489,74441.44319118641,-107357.89387771836,97028.80859714653
372247.60864212865,332833.52201006864,145376.1351817511,433185.7076109814
502199.092577755,439441.7366645378,334060.49264704576,479723.7158286398
-31119.793933526962,-67813.41229804553,-163557.72849380528,59680.332162319915
559522.3124391192,565813.5623587095,388404.5450472004,569765.3845009143
176915.97520734638,97369.60483234574,-126135.69195166678,113434.48155517422
372677.48036266456,378492.5334413302,266052.4175255954,429435.8354308214
75642.57955781615,-28532.96303321491,-187009.48402309493,-1490.48265001463
-66748.42563795514,-86865.50020260928,-200596.51057716977,-56061.51409311802
203179.85867805476,208514.2124582393,114773.44378652528,211601.28391952673
655536.1073756362,657071.837512282,401694.82863824733,661057.3663615771
118061.53548700351,10840.888009091024,-33465.651827502996,125346.78099291446
56028.78826758778,8783.11406064406,-106627.51429856545,85547.29265324329
37384.74815376778,21328.86480366974,-179873.51512602787,64641.26343609346
392580.90424358216,272178.591704168,131670.2805039083,335018.9564622452
235067.10435386468,111127.07261086197,56817.29981586954,214540.06601573864
638619.8447566072,555478.1310496435,388876.30608440377,617529.1224765435
632326.8335117255,441456.7671874879,310929.2397594523,648765.6157635958
200721.28670390346,208791.7766079493,54387.40397356462,259131.33682549337
578929.3506014447,506188.01308369124,335330.1273568749,583822.759244615
291941.85464149725,217384.7759651302,83319.72039726586,210379.85488905187
602253.7779400144,523161.58286986453,345534.63575516106,520043.38859586034
558040.569823012,540119.1234064945,367054.90857743355,683768.9051738279
147778.24521645496,189149.77911246975,11558.433804739034,155196.1362822674
116197.72983675776,-11911.945780333714,-129403.12608895393,43571.05443402205
73567.71855117625,27492.980658948305,-106880.5919689933,90860.84011399944
241963.84766576102,216591.09086520248,71438.73152991838,254429.07548140176
488660.4762870751,417621.57315346657,378413.66140287695,601366.5435607075
436096.0904147852,431849.2646298896,320268.5447989317,465685.7490885956
625772.3945456643,551144.8803678153,401753.8597010446,570627.6094486003
328239.975022946,296392.33431903075,106504.62526956259,285778.14009330294
-41994.32994911994,-102311.97048653843,-216125.8809376267,-25584.6831557916
498123.83680375526,471436.48981412954,236102.73038376588,465516.37910321204
285947.0584105365,294871.0548889794,146761.49183696648,329929.80467030033
232137.51003003248,245374.68384760246,97079.4520494903,261456.1550010657
194997.71151153394,213404.3015651598,-7594.992776916828,239936.73283794324
71109.10076198447,18953.97055810329,-186922.08083812724,51081.48225959344
179625.85833778174,183530.54421889607,33167.56380921067,243582.64761952544
338651.32308733684,247401.2531104131,129095.66702730162,279055.4226631172
78302.53907213383,13195.299511113786,-92785.74236288154,53660.888086107094
240429.6087660126,276404.40760423406,98847.04936604039,292142.838535873
508769.71836345666,350406.02468417305,303481.2175298877,504242.10085019714
155981.84327295516,37372.16855243535,-43111.67142415757,153144.41957171517
263711.78095076454,174226.42237690883,39064.34169657936,246699.57191781118
103028.62306128896,92729.20177719987,-63082.097942491644,126531.88758461142
448749.69303161406,406868.25218773994,310762.5202918184,485746.253137931
276156.83842959546,224690.4241585792,107369.54642594676,319396.40395533654
99803.40733403759,61338.85588257166,-38258.26818129781,175526.34120535164
209321.27335657843,115782.71450247907,42999.34591275838,178093.94573257142
-61958.452308755135,-102571.42217467312,-187301.263549575,-50082.36692663591
611482.6223538441,550454.5832880295,413993.45597820764,658195.0575680151
520014.63592251274,470978.1859069669,357871.1929078129,582304.2956892522
436261.24851616053,346496.74090191454,196810.15281275497,439592.24780685874
-129528.25194854912,-242186.627637955,-312022.67878656014,-112743.15892920381
302858.9180242714,196524.03552947962,71916.93275080156,299981.833389111
-43499.638674295216,-65507.5345701123,-183526.35035914235,-31329.075806750858
523359.4780086698,504079.7051444561,403957.9775968451,551776.4089602388
138887.2450755164,37166.688953109435,-14323.777235980262,138718.8488215612
-52771.341036868864,-142928.42330086353,-169995.81357105938,6972.7709432486445
-28754.545714405715,-132225.872401522,-201926.58757903526,-71098.75998508546
-66117.07676561887,-74518.7906156521,-212843.28449220903,-101271.14070477948
18619.63601888041,6168.52454212599,-103032.45835465158,-5289.7936436861055
28397.80127555947,-81981.8925152868,-221465.14948904025,21263.506351583754
303198.0890164686,361635.3090495195,262995.7414682638,329495.2576387796
42185.39010263095,-61036.29519713961,-84958.08973373089,18050.586696621263
677666.4261078935,567213.3183882034,434615.5584045738,643991.9154158938
696030.9876446712,669369.6440085669,496161.2527704184,732470.9995012134
678006.9144266166,553379.0599682517,503717.41830725234,596296.2497656799
412254.86336420535,360869.1842330366,178813.30733026506,367298.8483487874
499911.15938281687,443482.57078556926,292868.6783461954,583615.7285194076
-7155.393935173401,-26401.825652418484,-140336.76439931995,7952.6678110878565
440423.2040166912,334121.22065455816,261869.4228053745,414692.6979414439
395571.7815389369,406062.9927028436,315307.3106249359,472184.7498523671
270309.4122929033,110478.93629474984,60428.14122883836,258149.41306511452
603861.7878080492,631351.9410829451,475564.94522817,598374.2411447
403262.18460197595,387833.5130446651,264344.9781742485,412520.56059359293
555269.2950073329,551823.1434556392,295064.4131666849,644088.7289922975
137618.19488498464,118326.82504222204,-21958.0184100552,211149.8550662353
-15902.003960270784,-91889.3775769003,-208241.93405359954,-34319.68685372546
186248.9056156649,193579.62959923246,20620.224577462533,178304.4017913537
244161.9761034249,46901.64998399839,49752.58537774708,158908.52558798774
-101676.65242160141,-155419.85345433583,-269068.3524671324,-128491.42567768344
509706.4393804871,441335.14575580973,307018.08999470307,536990.2348609439
-113825.78360685677,-113994.28929714911,-239652.9579426893,-107853.07835399726
521124.6803043281,412959.91344517237,334660.87753362337,468986.5561885856
-59998.5131238965,-59285.482947090524,-205212.74294439435,-53869.168123664684
477337.1155425812,427703.81864897604,337589.7120057503,497195.8649118671
629569.2957912346,597951.2893870554,357194.43452129944,601848.8054226753
-35660.09190446639,-150414.1886548666,-213533.8524939326,-45610.44667364744
554183.2299233109,569453.7327100984,390064.9413356804,567178.8826418901
-142578.2304348871,-182952.8208317053,-270596.9086105669,-133352.73629928415
-85119.3506093726,-88417.02717291802,-294058.7180318598,-32191.20838789706
736277.7350089089,620636.423780713,527748.6533973849,732920.556662915
-28748.19046575314,-56184.70009115321,-225434.6064186471,-7965.998036052275
203285.29778007208,147071.40401023207,18075.50440445426,180036.18930945662
-27406.689026307024,-71366.25286438147,-173981.55579681438,-47118.20805878163
284911.9769440404,186219.7844005844,26829.603037052788,218558.59542224044
-118416.23288053746,-130566.05760042049,-237802.99560339923,-129820.35631025012
198118.12333137984,111156.32878040883,-6132.212870144402,168751.09835299675
767937.2386138656,610216.4648481584,428320.3590465848,681428.6283479764
513292.0511618741,384959.94979172247,318243.8319448462,422691.0011722767
396826.26334135735,211272.95279827015,149553.66286262486,308262.16642866586
214513.3108951419,92239.29113842477,-10153.958030985086,203697.28533274634
-129271.42726102361,-176954.52719134465,-203023.99529435294,-85377.69719373691
-198432.75558849733,-153492.6406291073,-327116.80614900636,-144829.90920374915
389901.15001858585,305450.18561932945,198649.6679791595,412840.6594675104
-198168.48284610006,-201562.5631694232,-314868.3589887129,-128428.29426038929
582468.6318481294,544504.7441117519,416135.6590982209,650255.8854840046
26139.318448778242,-26292.617958273797,-132747.14038049837,-45962.36670227267
340391.0016254443,300098.6823191524,116030.96228653577,353073.28312565596
-55637.90113855951,-76430.20424593508,-166544.95208887488,-23849.152335262625
-97719.49162969459,-206902.0394043288,-309967.9859949047,-121659.28380281205
807428.5935683744,724103.2479818694,550717.2622637454,726827.4796543375
667912.8031265242,603126.073286392,434856.702381519,638172.5919597398
-48408.94012478384,-111241.69884039758,-191495.17559654376,-69324.92000547104
128632.72500335937,-3209.645593097899,-119370.70743013313,70331.82307520264
620803.4873710403,555299.2269404493,461546.0920735855,629868.7728522753
-127971.07979250792,-123688.42216012639,-261665.72174544755,-156709.49746363168
87825.87251161959,23104.554861837416,-116179.62116997072,65125.8095401685
439975.50343462185,374362.7779245378,315942.40794991795,454711.2825776276
20753.252447390405,-95079.48100532749,-128781.23838069133,37987.99473485886
477315.20141242736,334544.31998585584,240764.83298654668,432040.20835441584
-119539.2286208215,-181163.42498774815,-303436.7876422012,-122930.51076873176
495907.1576327379,350874.20879617345,309816.1694189218,455611.6826196186
66296.38154160383,-9081.173693156918,-132090.52041568363,66671.82058040355
412594.8407782082,386597.21479744546,267923.687107602,387771.6823212232
36843.31869469257,70581.74945134332,-154855.78811454726,47672.377903198125
639159.6226395669,708740.2834871211,512664.933209245,761723.5863097361
117275.4095789215,79480.2801019696,-21871.611933537875,68133.08818349871
545799.1440809788,519197.7541879723,310849.73141373286,569390.7489193534
171324.4104390092,198394.47907419584,106529.71707861265,214922.57980733947
338027.12766411353,259707.409706422,110158.95787295408,291368.74501548894
613425.7815559311,440831.59057675453,463239.6054423511,572953.8804319936
68097.10394926113,15146.944666497991,-95967.21217501059,51450.54423619644
473284.9146755069,415378.81645584607,316734.9911458021,451892.2658612351
-70013.20235305786,-137649.4461944003,-246118.42905425618,-110920.1363961809
2865.845735879033,34659.77931112237,-182484.7474704316,49612.346495895064
190328.37088209996,135388.64526889694,15375.411318361643,118884.65007963672
71475.90102471237,-28320.227989281295,-175147.78433309408,12160.780828526651
361430.02523639053,244493.55864136748,48524.367373637506,254401.82415418478
45030.47723641014,-54673.69180603954,-168250.53370782704,26483.850849422277
191578.05585300352,211328.92667509208,50841.99440825998,208954.9013907907
-66320.56744286208,-57608.520522392995,-223610.4698642303,7809.595793288259
37772.83639945206,-97675.11918006185,-195513.98424344178,-24878.606636980432
-90327.13782612869,-136064.82624894456,-284849.0268536892,-58894.80734120263
51439.814611096284,775.1025262693875,-112860.70692909276,39835.9385176776
-112752.05441431567,-139404.12363712746,-249822.33075373573,-87562.71738404763
278951.0872580559,321299.7240993375,201683.5087146425,264823.59915319015
211352.6046687715,134035.14700577105,34353.50326349295,227713.47983902926
525822.1232994713,390727.146938188,328999.6879185259,570610.9872097352
-96388.20265246817,-156779.9241007761,-216150.49213209655,-93957.6856296502
-198850.7578960351,-160177.0062191183,-250152.02843441966,-135517.53707475978
267194.41298088524,279206.7627447526,151635.35391440545,340434.65352053824
300231.6719371615,268613.4039355067,178320.92945692956,368220.42496833496
711323.2235819008,649300.118200894,553332.0483268058,710111.6099248917
440360.2276425266,422965.4143915095,193408.45018824353,423707.27708826493
609701.735015207,484237.6186863516,350523.0178367173,507156.32797712565
549153.3645962486,470658.7502554329,380358.08403368585,557208.9229949862
374455.05456268205,291464.986843492,144043.57307171018,262534.71694848826
653801.3761413645,563621.4378455817,458547.45799125975,592886.7357074919
27597.02572844585,61103.37517092342,-22469.34990504163,85525.74078507931
464410.3933360656,463956.2577644057,297281.390256756,487398.22151055874
637737.1700743346,572938.0747355518,429001.29407746636,631707.2678320664
-86607.19294931972,-83103.81117388705,-285495.31456706335,-79470.74027738417
475612.2794682224,406454.44452538993,347420.61507756205,514773.04938104725
223895.19541323348,164489.41365206288,41941.26248029084,226456.2570255563
-107165.00747200719,-157394.8487376551,-323247.1010679302,-118650.39137086784
-53516.439473499486,-101657.6349434536,-180690.12739194278,-95229.93345022004
701119.454929857,609403.1590996897,541881.5056929133,690383.1089722936
-149783.77479590115,-246844.5510405919,-338562.5523912272,-104454.18203653459
638608.0527320029,551824.9533719069,397191.9901098,619853.9326332484
-138339.9646349731,-196316.83529325295,-246365.96211278572,-122768.1150954428
529159.144120477,421054.46933342284,290082.6783604708,583893.8873766174
462914.152331455,390394.087442952,322587.9219274244,456453.24291595747
452740.07791026344,355788.0400042443,239750.36163483653,402558.68144909036
459743.0706326469,310448.9197498489,131694.3198151245,412155.6337316936
422770.2277852723,376246.1280569857,227482.43012259412,356270.35064593796
-35038.82150573598,-39915.308575058705,-197135.6499678581,-14917.556303172023
424577.9729779321,291233.79621032416,217184.2305485194,352052.6011749458
599298.0051941809,610446.8329530356,436858.0885993509,657874.3674235404
594397.3011637956,453240.25742040994,368257.2990041254,570650.122874944
12098.219901939563,34900.92005989363,-197016.30483176152,28524.930869010277
180503.2470514666,112116.62916443008,69889.720240833,169536.25066938787
149881.21523387823,168371.85883246665,97061.19283677323,217462.55345269316
62746.11849679635,-23754.51437006006,-131486.12495260534,71938.26151301037
676909.7264180447,586953.9752353413,389539.6605099883,585962.8916266409
465488.33267281763,380968.1408916933,290803.7119663459,432231.6950753791
610628.3247805743,579219.5762403298,367973.1334243261,647772.3154903722
650527.9916198256,631276.2647073036,409092.9092873024,606875.8409077318
407787.36451695184,393723.22006687766,148205.99779240438,416661.1316648143
304179.0565716749,249177.66957430972,155529.67626791622,311542.2746150454
25525.80277582945,-57801.17501862097,-129906.67917885224,3742.704534366436
412956.8012789603,305787.6607507634,135118.7890447987,392340.0673904496
736245.2587995224,640171.8543956461,534153.0184356229,813238.1480602445
234360.2029103404,139294.03269253613,39183.924421624164,233908.34224668366
111521.88868786208,89555.44327376061,-70889.62493418576,168133.32512370998
147723.2706050668,214392.8865909949,-11829.751214770251,113032.4412611454
161165.24932283373,152504.41745535564,-59033.218264274416,83907.42352707894
495007.6779041673,400457.02562282,309339.7680447153,441713.9220514677
23443.283909694175,-87797.07228806877,-133048.17295097833,17783.980476088356
58920.38257709355,-11630.81158829853,-105229.45414457622,69043.81005074468
279250.75895292754,318353.5430049377,121345.33950942254,346260.62619397254
728969.013101741,600109.8837002194,498198.1452119878,668807.2147702039
126814.08364932088,132086.13514731592,14845.385833256529,259109.83018837613
575012.1029914059,459848.81439836044,356608.33888035186,564648.2790011212
-159514.53796194203,-259903.18108099338,-304998.9882953301,-183858.5100939864
481790.8824685407,418052.14237025206,342960.37551616447,451341.7091418888
536763.9942311274,484431.4995731005,339437.7158613249,551845.5775189756
398402.35511860717,315840.6952793584,216105.36918189412,374734.55451137037
148351.08378668432,70101.73591049074,-51389.56716930261,139378.55702514574
366814.6251720798,416008.926237794,168284.3080076445,356351.91409264377
602175.7509031177,543274.1641253503,411876.466419421,650865.5038536754
135338.75427275884,33636.46857556561,-78794.87650857703,214249.1331528927
497274.84521310416,385450.7662480442,335825.77083334525,545406.115981579
8117.27433884365,-13316.630354289315,-66509.25118682196,58903.607521053054
68894.48121185822,19022.122632063343,-103599.6017110988,112392.83335090743
420786.20933408977,299884.7747288409,132103.19795721374,387956.52527311957
762476.9169407056,709255.4685645197,429370.2100307051,714555.8236786819
56562.25876834942,-48046.31654225214,-109345.85226672527,53151.50055148592
-55584.93884291954,-97161.65957928501,-227453.0060987473,-79314.69384250138
198374.93686131272,108972.32353696693,40014.13382501539,132857.78052449052
264588.4849739282,189435.27411998634,91055.64032183285,300488.02128204936
578614.2845653668,527324.8406035728,396134.70553596306,611983.9672089596
-77086.63584025315,-127422.46774743666,-240553.2548557794,-117403.98715421243
373086.08451497555,236417.84766867757,158426.68324658554,345743.7122783144
538864.4930281424,548481.4051732174,401188.09490794246,546293.7243992912
417962.3323722739,358359.9269736549,172051.20084459393,374994.3852166983
95207.59050315572,-16183.680325841531,-95349.77604300343,110513.92648063193
173920.45401193097,130217.93486109795,123851.93579759181,154176.29918207612
641129.6993877832,667459.7763302589,434351.6717667951,647848.9813465539
94113.3199175389,6924.768882377073,-141443.8139317251,63590.493188546505
-19824.916170998127,-18277.146109514637,-147319.70289221272,63375.49049568747
286435.39654506044,162704.07188285422,38544.88580990641,224138.88734068186
486101.49686428206,388304.7900180537,181238.24298192142,443751.8586873623
62471.40189283539,16242.079477716004,-116307.09796407458,81356.6679021517
471429.9536828819,414125.1943713741,294925.11879491736,495551.3500830028
539959.3910310906,457520.8586092236,277523.5832191787,472695.67205042834
-40747.91552938771,8891.311827067868,-158801.40555099864,15148.701101072715
209565.61493567657,214834.61332926073,41861.52312964259,246776.33361684042
377274.00538919785,332471.43451234116,115521.91438090068,372657.901462613
69909.43969660776,-42268.10613561445,-179838.88634327665,39640.59187561693
170437.2154907413,76217.33651172218,-92718.03982680012,109700.60906688473
645227.2148574078,676820.5497375126,403872.86680335936,686625.9723814037
-91477.56591405417,-152227.49921612995,-252029.56925529917,-38394.79994314187
298587.4961503878,172295.96458293044,91975.95777648035,224308.3968394663
-125124.62074720213,-175900.65315229713,-242631.00535778224,-60866.38984207547
501820.6969789651,360055.2181472676,244067.06268772646,460247.83176015853
296807.93736614194,240724.41225025814,162400.7231353533,283967.28002873226
420577.9013807038,393657.634634161,362653.4641847828,426699.28068656183
-1855.8089908375987,-132845.3541851145,-225391.56818142073,-38918.165213986475
422119.6128619985,437182.913304031,308114.05594025226,427736.4619319218
529593.3881638767,367099.04594150616,301242.7964033983,458186.45405726763
572918.7716780368,496068.6522177083,375591.62198160845,567670.8011843057
-178808.99369295925,-227242.59217091557,-371553.6851192013,-152388.75910227123
566566.3622843381,428514.76893637236,325846.88062083046,503631.8216404711
259542.4860283262,299591.4474175287,131823.4549627608,207999.83230075263
59649.193125541904,5095.614606222254,-51933.00030820386,78923.29003467679
75769.33642250602,48650.2679837466,-51920.76400098903,124096.90324914723
61531.75365776289,-21879.580197073403,-153081.171016715,12250.054347019002
596181.8958753122,533259.7291863449,400325.8079832895,472301.86923138937
-87452.15855579643,-98202.43671785988,-264514.3028282347,-130485.97861841484
523211.1432261268,527145.7303196229,338749.8342701284,537643.2118190516
166922.66933424573,183201.01349862677,148975.61960634566,227004.18717894924
364551.1993131889,328851.84905493876,119693.5366880676,340099.8854582333
626699.164914238,499949.8929527791,432270.8361003188,590345.9490997572
-84768.4425982454,-103136.71628609998,-256334.54739875044,-55839.6203669837
655744.2602885282,700298.024398919,483164.3784325874,604949.2115397849
-61942.74948423455,-21579.770303847385,-187323.75340667233,-948.0452384510427
-72597.34483711526,-77852.17975849425,-257624.2130386309,8351.091402722232
-50758.23252165294,-130610.79498573364,-212291.22917874402,-37647.522378293856
570868.6200040863,538064.4128920224,397587.20471077994,514028.5860545726
494907.62599884695,411816.7678866481,323630.99738032545,570737.3317384897
693627.1843629424,556615.0443249715,460848.11702975177,589733.0860899987
105175.80005647917,117110.47724032623,-11774.809929826297,135930.5074619091
315181.4151783234,287202.4178999495,107804.42980548833,336208.8258544282
199449.80500665726,93747.0778659007,46635.643688467215,187613.26760461438
472994.9481526965,468047.13122378534,321151.32575764135,517647.3677827519
670401.6004924118,595707.7098754123,480328.26164117956,706193.3232418429
10886.380261280749,-59583.370293178305,-148472.96940414765,-68373.51236013742
423852.4900281705,280309.856127199,220882.54867563862,381968.91914092214
364439.5057910946,281232.7214604444,148840.90631907736,331034.7470717537
456490.0842705624,357110.49072403065,220506.1713919188,347112.5257611602
441362.60668818536,370837.9932190705,242990.53967531375,456901.0230868575
-92382.89109317842,-73821.35860097001,-176686.0331708243,-80657.57567878376
648937.6832071324,475673.4159570992,346310.6295360598,638133.8720386161
368373.90996799374,296210.65543542465,143339.19721197675,368460.7868682601
36944.77138640382,-88440.89583770011,-151385.82507006987,27301.80065681541
450360.71863198234,435963.56459229044,246988.2615955401,518958.11083519785
304246.1069634949,217135.59293851245,97875.49312635779,305995.0524825788
398870.9202328216,408833.7300834438,236667.55936060532,432366.0959166897
571117.2191959918,405320.836264926,315414.8650397811,490692.17567525967
484252.32484277873,457767.586728154,279429.4646050215,408680.4094064061
454598.31489589834,424868.5777504294,266936.32691860816,424382.6219509423
204951.24153600913,96027.70119997533,-11041.661268327036,235488.4546914004
486650.54737142124,485287.3343487672,278103.18629886804,566567.855180992
349473.67891523265,314758.7241230564,164665.71361013397,436021.53183910693
696561.7804583947,630991.3568715006,487277.79598373163,678213.826857279
248163.45846356312,126603.80811896594,-25328.315388480667,182400.1473212894
72460.10354789207,53117.84966682491,-147299.22519720672,105541.48839299125
636422.4835320523,478218.55872459733,356443.23239805363,602627.3101036937
160053.02976978652,101541.90381274396,-21924.17218937783,185829.89139897586
335713.9702355695,273316.81783102476,157982.5694427779,388600.5065299907
220968.80548357288,128311.949770557,-66630.26416379749,168361.6283323462
83533.71785056207,13502.166308339802,-95394.33349796303,44270.83646388841
628897.2316622019,541128.9765532431,462498.97704932664,711632.9968455934
521470.73234583845,469879.44613901025,384967.6892986065,605918.6371451949
637279.4491980486,566029.4641185475,363239.33421732544,603633.4633800837
516889.5983152599,427934.438445308,359530.866616733,568630.3548767706
-15089.631294003222,-78135.63589809957,-143839.77927263355,-64182.193850200856
437622.130662462,280960.24834373605,278529.09232389345,411726.75424044847
333737.4672442792,279251.4043240143,161242.8158626015,357873.0205776084
281705.55150900094,153255.67737026035,59832.16966398584,228089.71823895152
471585.02588149754,419583.9284693507,356504.2690195022,553140.092981854
398228.9742512781,416727.1754729606,192273.539743684,437604.8599566042
122262.69849512936,61752.085914485506,-48637.53991169133,122830.55081063043
116544.06358454819,98521.50862595055,-53496.75845072523,115838.63475799875
102708.95807309623,19389.163258006796,-49507.16196971538,75900.92026683851
351638.7881802649,294304.57993376045,204026.79198219522,327277.1093015014
350565.39431481075,316492.15324185835,188214.74842558918,374745.9333867094
-123850.81885082897,-84321.47069880838,-259490.78044554393,-67207.7123782044
262553.888432272,192993.5768092299,128642.30301681545,261744.0709367541
56528.35176787863,26226.65156371484,-123492.96116624936,23567.035318291048
-136269.35366585944,-141624.2903058582,-212457.62885081657,-61366.544149653055
684257.9416246146,629498.2093791845,518913.30267812347,746422.8972814267
702228.4730422839,636515.7321457344,534624.8366363571,608713.3125066038
517177.7951486197,488056.9809006108,312839.40094276576,503052.0555680195
343966.79518476024,230930.00390755176,228887.7787971819,330092.0035644026
453062.7595738906,383703.0953239285,213339.72051222785,403087.3582731255
613813.1168091614,649963.8176847026,409317.78342675266,591193.0285718755
18194.5806853284,-26079.877586086455,-112869.64272882382,-537.7287522654515
-614.2072279051645,-77365.7982947302,-168446.60647717916,-53718.50256347621
745262.955979554,540670.9341918875,424238.8257388576,638693.9155004949
302796.4590524974,308758.31410282454,111877.94015487877,307266.80781360634
347854.2028919351,338457.61515078833,191290.8361064354,286074.2513587886
264600.18302854314,114122.5298437851,18372.555624882225,218944.61509435682
431002.5200123633,439625.92508043675,309471.3536502684,512479.1210086184
52571.582502808655,45349.30222692236,-81504.1146961964,31915.205112012918
183024.21134701523,151821.03522879223,3211.968867801479,275513.6896033393
-60955.80375919561,-113742.27414189756,-251239.43328662013,-96134.79278626665
464618.49231527536,323471.95427303656,266174.1369347428,523235.3269923936
135563.128150044,42875.60491267976,-135843.07407891436,101106.90070810937
401588.95485388243,355672.64197688,233898.24594058422,415848.53207180137
316993.7740650993,286179.1752036606,109995.4621830798,269210.6510115131
343926.4458776284,281682.10261463025,187892.67885488924,431074.61908503005
560539.1087779317,554152.8559098463,394316.90453933296,597523.6287702695
-107036.11325921537,-127971.66246317886,-312117.49297589477,-38376.30695631885
655712.5905073276,632251.8469888896,475393.7860227196,574934.5754360838
-121390.9794682507,-151768.9399747355,-250883.76699296496,-125396.52945717244
-5761.684418057441,-49032.35131676606,-179834.1203934988,13745.479836331564
-807.2912250930094,-128267.55363299337,-205290.53994096885,-56468.70812397369
73658.59364257718,100827.90965140797,-23801.43465652154,115108.64056787256
-31878.189158014313,-94882.92627980473,-221980.12284404854,-17893.344217045058
309316.9004499618,199661.32246403839,75310.55275656481,273584.7580535555
443380.3762970972,481302.2214827342,203828.3129829669,471636.70854767424
558746.3439378643,451331.48311771033,404040.8127744243,652519.6433795176
302177.17215672217,236364.96543430502,97268.7682883729,239683.1967486319
240656.4853883827,145050.43065394054,-37284.626307896106,227025.1530331045
311931.56061578286,250278.18746996822,43806.88775299012,214071.12163657648
-51655.56376195513,-143118.1094024054,-269857.2387199474,-123086.42356235074
252228.41650086804,245368.84602079855,-28098.77637314191,229149.39845485578
476363.1687710964,401575.8500141946,211135.55450968747,487791.9396241654
696209.4782997987,612391.4349496008,533497.4778817781,687842.3482827342
483784.88890224637,482893.39790399245,295204.95100211806,527510.0075785696
595694.5842557228,511302.00788640697,453337.08920354035,584392.7752218631
167026.94808461878,66400.88508210087,-52875.734971396974,184415.54255834664
398148.9673006837,302759.1456892113,145999.65874500375,315960.81602723815
418790.7421941003,327508.23556496797,244361.72365629266,470158.36132632045
-96922.28345001559,-113036.41843986983,-280717.02674362203,-100817.79206808272
295017.9313057795,230118.03207230405,133514.27816572133,293134.56198577816
419717.35755145317,377457.4865626374,222343.23184245976,410239.9912861318
459106.50629731035,323643.9933950631,176278.09023956745,451698.9794769926
-88891.19221235032,-188809.71926057042,-336009.44308613875,-117361.98872794997
518162.164206879,432070.7212158523,363800.22532255214,507558.53322605125
26694.422468960634,12517.448997473228,-149834.62003776303,48572.42845843977
178338.9861140761,85456.80058202404,-44596.176903395215,106609.07913032197
58419.9427546435,-31575.936516368878,-118650.81009836949,57736.108722141595
665403.6918927494,519121.71368231415,471888.81423839496,809244.2207859505
557870.6323450566,425083.339161673,295550.02548381814,591382.0979880113
435991.63168128463,340671.7162445695,180294.8644201447,418049.20748400234
73031.51961489138,84321.75060697249,-68586.71898453136,138655.10139616102
345980.1616448243,206251.29339551134,134210.70573078224,314903.62566317443
56371.75041565788,-36102.390161228075,-160938.0182386028,27299.157792541082
185561.3718187547,133002.91383917816,-27687.769445301732,196007.32683030877
477113.0364275698,442238.91965997475,266720.2760872835,437826.94382136164
32004.39378034242,29820.956777091487,-40068.7598014985,100518.4829997134
257061.89952540677,167394.7759596794,113855.30558564456,212021.4468014764
-120670.45308452705,-154183.7535293249,-240313.93098590593,-95278.38286601973
368008.98230721836,297116.00968106324,160581.83731057902,344726.0060109906
-89029.50002020632,-221385.0930344484,-327332.01881498273,-131109.5153856626
304043.3134923354,250987.02250408754,67026.33393823856,217929.43299178837
296661.50337852235,281898.5183331807,111850.0992573786,332301.7972368394
570270.6516844234,506799.97142433724,403260.9743569206,579918.1851224664
-109806.56063061382,-126673.24487410422,-216481.94922941359,-84059.31257658562
297714.77718878305,302366.81439139124,22614.301773847546,347021.2358624032
31891.187662552926,-109240.12017841061,-148246.29885814356,-15500.584724936925
13153.351685779868,-57634.132415824686,-239146.97649155254,-60709.20041078958
333822.84573925694,303176.16219365504,210388.19857736235,387471.3044530725
255035.92482884927,220493.16736120905,179449.0253044893,305798.87933073984
140541.11595786444,128230.09604534775,1139.297300966573,217083.5295152038
64852.41537258506,2583.8189249492716,-174601.62303464673,1552.3054214829463
-20626.148963924148,-65645.51416787319,-194254.1125587477,-114005.9602022224
184705.64400330477,125569.41526908102,30068.14204722678,156262.54445257387
58985.26146994764,-1996.911414814298,-68033.56484217185,40219.06710820773
495777.96686083055,407183.50342216983,262863.45142183336,503031.8814764912
52751.52757710125,-29217.292914454767,-90801.2083405836,11404.879847342032
131277.30797943263,51546.368128121365,-124201.65119836084,71716.74876664672
-53367.202060011274,-19129.57704033493,-226354.43545062956,-45867.842709821125
-135044.2727862505,-160357.56749352062,-262572.638729768,-113265.3165208979
-87094.13002444897,-64941.116167437634,-103642.8638858482,28086.670324711944
327800.6493029167,361835.6971258102,184819.28287810285,422414.05993757746
-122206.80623658275,-150903.0437414074,-270413.63907752075,-122632.44773600512
282564.0797092236,127145.19204505731,56974.32285915257,219446.16240966134
456412.6742937687,346512.47987115954,208899.3979380607,411626.23816842935
338619.91197686177,322185.7379786202,170339.76986303553,422100.76221915113
403540.5210465909,448978.8335441776,177401.53894447768,441220.34498794633
298017.0449965176,156957.82777142548,153480.73242467863,272159.3510818456
229779.3773809492,257353.2931893902,-7674.3018503721105,246503.3218705469
13410.694335432898,-39083.580851826235,-133180.1742521337,-48005.17816379771
295785.9237378101,281054.739004703,141702.65034401848,305603.1427840474
4754.851670425211,-19551.837468753103,-172629.42789940123,-4128.650943136367
629660.7405399883,639788.7719697421,403239.09647743043,631670.845844283
563738.8529913824,565460.3363736309,353822.9701657267,581849.3878366887
227221.83170178428,125367.33648782852,23989.825374950306,219911.09794247663
185196.53125072445,131060.90898381267,32805.70303736231,177988.3438493712
525113.2211683335,448185.223614121,351382.1771311873,589363.7950997751
313094.48381841264,217222.03356683068,161406.32989935973,295667.5774350825
-94569.37521595368,-152331.61088474264,-283394.15200105327,-88354.20571278938
290829.20496281853,274697.3853335066,144189.33322820126,252408.08523691155
335335.8451879977,278473.1571704368,144109.73140362964,374616.4998767965
671189.9595746964,503108.88463939005,429831.5682228018,629159.0802512974
1499.5973282150226,3049.0581044427818,-138133.28869279072,29016.444875341607
336526.75128968724,248744.38676399027,98955.37707094394,314809.9709891095
38731.36014298687,3574.9170969811967,-100611.37197632773,50627.701235435205
-65030.94595877797,-49629.351756936114,-203170.29941414448,-43672.512737031444
458577.7665636502,422957.4615081032,210505.8570482192,412916.9040081365
-8828.340031393687,-78819.19034684583,-154997.5465716265,6262.619103061268
138628.07083698292,127864.2056161093,-58778.53422555339,244512.70029494178
-149241.48491656268,-190213.70514791494,-301587.7836805656,-141431.35109579313
13165.289870924142,-49443.259504294605,-113374.92114520783,11567.496182126983
619173.0234599307,509171.9989412371,370247.9184006272,640670.6925482864
267323.05939663074,241182.68181007798,148229.24662425753,318809.78323601803
94023.84084623365,51196.9332928221,-75372.53374038881,116979.08335198252
490471.6470619538,371772.210429486,273770.93096417433,505783.55768197123
477674.1695506013,433747.4692827292,299718.50050061254,542578.6979153198
453829.33809913334,439835.36442859215,284172.1047269779,470513.5053680014
-73392.44039082347,-103539.22245588468,-222627.68332580494,-34963.31711337762
564338.066174299,468552.2884327022,382643.35937778547,576412.8377170062
70868.33376032254,17212.77815292112,-72020.95962945663,69638.41988287878
150406.6225717622,52499.69715247373,-60045.91530603671,106757.03459543723
74602.85169286036,-8108.946249664179,-140064.54483788548,18581.478995447163
-95814.24645353178,-124452.94026218331,-253533.74684948474,-103528.27168378205
684532.9503310579,566153.1435220493,470903.2753193836,591676.5443736869
29745.809375483193,-23962.14759107877,-130880.5640469892,-44176.77708510461
415893.76539428486,383286.1814050741,273915.4606926852,458884.8303429468
535985.8805980729,520656.0506031178,382249.5301648531,498697.8057253985
202012.15432705788,89750.5274611885,10312.662817770499,132713.84553595027
143122.9812345521,184987.81547876098,43611.32099970954,178090.1843933802
107062.39791031077,110892.0095689015,-28104.299595031072,197759.02490195073
586609.7968187218,547835.9003272394,483606.0070098286,619277.7776063716
405962.89060175593,306933.27250370313,211397.32970529364,397157.7945421805
352167.91396506736,264535.2988022126,198832.05368810473,366867.4194861867
20436.439666375925,-41204.55285748909,-137735.6110652237,34340.86437355424
-187182.19923734,-218627.39568893105,-326256.6672849644,-169898.49002728699
695169.4555008775,588952.5898602034,481532.38891032094,688077.8635193859
-47946.97214331408,-116733.1904760034,-188411.23746169975,-55750.86672667856
37207.840940103284,15670.3294275417,-150939.37362739036,52325.554708741605
-224.02115521085216,-79350.12944942305,-144166.06335690524,-2942.945779600588
686955.1477111562,565175.4790291958,467496.3425741297,705849.4597188998
103345.09569041035,83403.06841779954,-67392.78986619029,106994.5996198958
415546.084953949,297300.5383665394,220038.29589326237,415685.19830480695
112024.82982373214,-8820.670914803399,-102466.8489596236,46225.76825120137
683059.302750739,600811.1114407375,448446.94547878706,632820.5999547057
108283.2479216758,-9456.548591143917,-88672.64151518093,140426.31877765467
-38361.93156262662,-83293.7306851822,-198923.14568218729,16811.72541706846
153935.78887577786,81075.3796046332,17103.846182796988,208529.15947256982
-61921.9359184425,-128522.34558593854,-245214.1560207603,-57078.5530973415
-6177.7367680532625,-140131.84866785444,-212345.8286652026,-65099.05107026128
464246.272996024,357508.5945056479,217006.12604137568,384653.9437737324
182538.55651699996,99330.80146529747,-1820.0987105242675,185380.86729174934
520224.5025163281,470928.6057613781,325942.6285916751,525999.0896041916
551538.9533017348,383326.1558464237,322143.8680342996,487072.9042896073
669653.0186884734,623763.6059732281,418525.1572187891,658884.9363447006
503870.73472640314,411345.40082632855,321004.52403081383,540388.8687119216
49008.9025177561,-9762.143948063604,-123107.73660196556,50791.45442381583
443480.97553115303,337394.5551296186,162512.4933558493,330640.5832629112
47762.86134169088,-59162.9941142606,-186892.09096485015,-3991.530150272709
-27839.722155966738,-26748.79303568421,-160544.96449064434,40884.325357682304
-111977.42629915813,-122664.00368116668,-222140.57500801072,-116266.15021697374
337239.6683509557,288303.5048764688,175970.66916414862,412102.61071140866
308797.0143904453,311230.5051937741,123477.39054852631,350720.8388334728
-140135.59490926156,-172096.81942336902,-245860.19801104424,-95020.49944057054
-48870.5934286291,-128402.07566022285,-267335.9624371725,-62066.3265803447
538936.7156380127,508634.5361811095,318283.01326721895,581189.2448222942
419306.5278383127,397671.7349843527,146713.78630519356,331804.3722548825
325349.264796325,310853.5642165358,147599.51064912172,327929.00126151904
723892.7381795312,672203.528894461,488789.2720477005,793112.075112077
186208.83444716455,140100.95157866355,15714.954463011585,198362.63003950613
-62394.03946488188,-146263.52591052977,-211293.45446245448,-118709.61126681342
364029.5924979511,282611.86820914096,155320.99019277852,390756.520330549
414217.2120547644,409193.612492025,239698.7476880158,428637.0114751195
113168.49786136101,107674.1844615402,-65201.883112154086,123389.69032049528
329288.4357902906,255455.66346041556,132295.685807558,363088.5638585825
100521.8422400069,-39324.857415213715,-118333.61641598342,96712.0968618379
50819.907756389584,-122394.90571034804,-191361.15468905808,-31776.30123772309
571824.5171796188,549308.9840200914,395849.7052920442,585516.3640116497
41391.81667495053,6392.068653791561,-93707.71894398285,67015.32413348847
35154.88231035648,-32044.919999111444,-120840.44005400408,85907.03251657693
179704.39281481237,118435.7035727743,72404.52776720142,99822.33454022207
421101.83838136157,318950.6619557402,188959.53783337155,388330.43161508604
736956.1277546862,606650.74447907,547155.2801519689,629658.6302353228
611915.8847258999,545233.1831765648,438847.79034136015,577982.5168430682
354262.44178907725,231659.43764902558,146598.46440185583,351065.4027300064
36757.49838222109,-54493.53779829142,-145126.56878195627,-1230.6473870796617
600486.7556413875,504009.87462224555,354751.97553797124,556817.0732686927
378984.146680231,271027.8221122358,241564.83440850244,437098.6791728828
125905.70325293753,49807.4003869826,-53110.72235940548,100017.15975775069
127258.44158425985,103038.03914123471,-29064.279982152162,212486.37439237942
237142.21151488472,149512.796165552,8173.112112844246,193076.60151413525
406525.5204535228,285435.2057969816,149719.45172336663,385094.41171546304
-108224.79484393151,-118337.5961671843,-316358.36929233914,-81225.82178496185
-60582.0246882959,-115443.77511733636,-171267.50579665683,5166.874082414317
236959.722448037,278666.3380306824,116966.23454804393,313737.9178132963
-32929.694936884334,-12286.379908623872,-193372.49828686746,32726.22618558479
95753.21165994974,42729.828408607165,-57408.64227261534,84422.0823179105
680240.5377123442,532852.3318987312,437307.68695089093,602486.2525327541
-129661.08681116579,-193795.58372421958,-296857.50192326447,-110289.76911893295
621607.6920682089,520493.10032402887,444002.3772776093,532380.4694662609
567725.8921763208,600966.1935615072,421164.05549367715,598956.1471862069
419770.7648745595,306922.0029698624,136956.56269984506,346199.6300293483
528537.5201376445,449465.70939918817,341194.2123736999,645670.1416634812
610518.7232784713,567775.8940767925,426160.0891024178,653145.4545235182
-178533.82141375914,-188702.58021074388,-295433.27003013995,-112536.57019145088
175775.16775140446,79740.03235524683,-67977.34560706979,134032.06609780423
733340.5207815596,663296.9654198312,541856.6340225589,709514.8143592996
404772.51491780323,333160.7430422304,239129.55859352765,402154.4695334252
152719.66263544536,163650.839806061,36408.15467888513,196717.63874540792
82493.67643760424,-15703.640546717797,-110517.44269937556,85564.0151531056
531500.1414129271,480095.4614359995,292926.81090086454,613713.705816203
455456.9806961819,457470.0127239439,340055.0752530574,412304.7527397878
102614.55046345817,-9183.191628002445,-75468.22005410225,92813.49874142755
-104195.19910661347,-141322.21383012825,-303649.5648264627,-94610.39015717065
427251.29254186235,316001.0141162821,142466.15647391567,397258.715213472
289002.0037050168,261044.84999681963,285436.3688214561,354973.2683344162
100954.44651968521,152837.69842633582,-46383.12455814611,112374.53407707543
533063.5224538343,393247.50941195607,273980.6043088393,382797.73768535606
-39318.597861010174,-70237.70996262477,-164173.44754127908,8445.42921524262
461060.2836562231,383105.62433569424,230426.50424628577,520865.49503888574
455777.51318144286,461801.7285485307,221050.94721354905,462807.03149230126
64652.647768952185,-34804.81572415843,-74760.08037111408,71832.78536364576
-105657.00087202655,-80398.51141507836,-279389.2155119846,-50908.306976103515
16387.002735677583,3069.5646520853043,-182309.5993981274,-17508.705027066637
468511.87152556854,437580.62130500993,260140.02260573034,493662.7425477642
97112.67613984726,77875.16798042331,1998.1733815078624,102711.22536667669
198568.27906238218,162554.2139746449,47654.47958782315,177576.80817235075
324555.1610204986,224989.80616578006,163158.19509666075,314404.23402724334
160912.29619474628,112444.59239592205,-46529.81512220728,205406.71379819827
36951.59804462246,20559.592229047557,-60876.300468328875,89413.02426382806
-29219.25837995921,-45469.33235389058,-89001.91410883411,32810.33802530228
479253.943802321,388377.46756775945,259288.42534433852,487050.79544149456
623661.0545672874,516666.1223241114,388393.59698028467,613645.2488647888
-52976.04573601991,-116532.11006490933,-194415.89438291593,-53559.16307495395
560836.6524016904,582780.1461566142,445348.26597817533,683136.0175820724
77204.85630557279,120580.09107574332,-51854.94270450494,76964.14900141093
7713.6209955041995,-89061.96382604208,-205875.2823650284,-27631.696601336356
139575.66418303712,83931.98312695278,-18576.237232753076,132573.40557255677
361119.01614695904,286707.71002119,136175.6256459218,334253.55521092797
566171.7368278985,538780.9606171316,402469.7885003296,535465.293636824
-18855.07763993251,-85163.09256065788,-184084.48487122887,-42753.47570712137
239043.872388373,230299.92073394347,29972.383843727177,248549.32656566543
310743.89569382614,260566.31500807533,212809.69628101448,421476.51861908846
269948.58883053646,221103.35091965634,69372.43787128106,213900.60842707264
-24390.54735805915,-93330.10796731472,-170907.9176750728,-15309.480234648858
571712.8492012064,577493.5773138236,323704.00520364,512937.21020642517
120962.77352775692,14896.124849605141,-52280.85205993487,79195.4240694436
675252.3309579098,494663.717487848,505523.0084971903,613682.7017545654
218991.6582162527,142542.37479829264,54935.76596307347,210309.00769649318
666619.7333198101,543912.367488832,466663.8858598756,613522.5638951454
610948.2339307831,582513.3717378294,441805.310766074,647528.8888157792
261450.23372076312,221163.60695439705,50260.515122387325,208031.04242526263
357099.12932805915,174659.65277117037,161560.06303534715,352880.42310647166
250828.32712050958,161988.0686990514,116706.7321303516,292552.3877249005
251272.1864269504,195310.88549894514,105818.08353921387,238227.54677596688
-18905.301429268846,-12032.247132317163,-193799.72722909908,-15036.050238561002
123748.1061672977,50021.87769363215,-58457.630939417984,115498.4512887951
101455.70595512155,66428.87326886621,-39441.77396113763,198514.92209339677
-3334.2920035385177,-23495.827727126365,-166145.06087691308,87729.76677069126
219030.17203290982,189413.71228615846,67014.91943609423,304899.50900722004
401570.2348123917,283945.780709754,198169.9270267766,414932.0567055475
626730.4185817137,510109.54410289275,381371.115919378,530085.2011186669
340204.8430825195,233369.09712758183,79349.94725982228,329978.1469107893
237481.90647134557,193911.27305317996,79189.61823183566,242503.7168688809
664408.4109409573,601603.6892540811,427032.8321345387,617789.2495774783
635239.4065289802,563617.6024420282,416571.57832521887,583911.5636354107
34624.11529655929,2476.2345553478226,-174420.6446583225,9191.478133163997
453798.33854913746,350473.0854391067,228502.36993528367,427127.07286270405
148768.99795211456,58837.18673408672,-24827.636575837038,93644.82678303099
608043.956438717,515146.6155938313,369370.5881420908,619587.2389252943
371864.42102381773,244912.47968570585,132078.54970013816,394914.4837228283
803482.8105375103,655169.080449393,623825.2136431754,780274.0238174454
211567.94645229995,92513.71835017891,29601.3285618854,216327.27109580662
566682.7860774633,572266.7566628591,447502.83456310944,676133.7489778043
423787.57767779555,419479.05153459834,212831.7661940538,494693.8495938212
356603.3366904411,226535.88598325884,155947.61639481492,372640.33551881625
637958.1874670968,609063.6177807599,470846.20069828525,576745.180176184
351565.397903619,304595.696184063,64461.01818484953,293897.6312600139
374674.0724311875,135983.44295559404,143558.95245599805,330403.85508708784
600447.9230543058,524260.797782863,350649.4340988422,609098.602821711
533755.8295578957,544148.3967318875,356281.29669988656,562416.5063745952
-102339.90775585186,-162090.19678267802,-305751.0458458771,-172481.7316971732
110158.74001028924,115066.04511419474,-89612.3857796992,103746.27589377714
391579.81777227926,370844.97937880666,244001.14391471155,438095.9779413574
-77384.41300195339,-80175.51587527985,-233992.3137688705,-82274.74359813205
73563.90308169008,-26995.3467380621,-116104.95697605633,33942.4979650313
317531.18952378584,379851.15987115214,246087.58414722222,323169.1389905475
32655.740992259583,-33708.72264736565,-158194.09513720026,50540.879218983
573142.2137491475,502203.4013713944,418238.2284716725,603879.6045613978
-124615.24952288473,-123519.46362948266,-306676.0219976254,-113167.72155903414
509638.31176817976,479178.9544308963,329524.27465741464,528456.861096461
565020.0034531578,432528.5828099175,358076.4451609218,471920.9465084112
25414.581698215683,45576.63422468025,-147045.81263042928,-11371.70926548168
350504.28506638133,195336.6392659814,194322.3560117489,338215.9590165197
640831.7283215285,624659.581885946,500099.12170043413,673531.0918805299
-109696.57773700799,-179331.04788606218,-299158.2080229979,-65771.65205947706
-54958.88616556913,-133357.93528221548,-238458.92525107542,-121747.29163313832
493114.6151895599,424941.08140959323,323265.52562450233,493643.68648968183
-30820.654294254782,1682.890901603154,-107619.2133954158,37185.96691498277
231331.45037137787,185498.4627822691,53603.55631007452,196940.84099024662
212476.94100259116,134904.06612606044,3685.3928110669367,240052.96064515878
507672.664714276,438164.4491895166,330064.5244624425,461959.06135420897
-11599.81232713547,-9043.166471723001,-160696.2021892158,44728.87217739853
570047.5858062773,510973.50750808674,364751.1198191015,567909.072918514
-26906.310402809642,-43516.06111786782,-219635.94933058135,-104665.24943341396
-119334.54936423496,-162207.43487654038,-239226.28927850723,-117749.46037735313
262324.8812363673,184617.85074467142,93087.01896207151,226708.908334992
285469.73090166564,198331.11100885703,100249.81015385059,266376.9377029103
-24199.374990931014,-159406.7881108221,-271562.67416300235,-98455.14918297541
239225.3522987225,171325.7059374653,77901.25043320109,212574.57890941924
79705.43393111043,15782.392421673518,-121616.2389326028,106148.35176369292
119828.60526330618,106280.61499742419,24387.739834351698,115946.0444183012
328770.36119400314,267185.18042900483,154212.37527732376,336617.18196934555
167379.22332640993,166844.8997185866,-62735.836770131835,179444.22367534135
-61785.76465843059,-86433.34657916921,-243062.73461345147,19691.19305623765
370513.3036097727,225392.6643255737,72550.02386901202,247975.8591766007
-143475.08958224894,-157821.6830917232,-248448.47868023277,-80558.03174929711
713619.750289252,712177.3099042925,493587.05284940463,746322.0020360823
277505.6941819086,300725.296590516,110818.96213102958,295234.64400851063
438536.7834049157,394899.93193248555,209544.5271534227,407152.36588124407
354956.76324142015,309769.0355897369,220062.06616813678,474189.96243855974
315944.064030639,334895.0721492582,154148.69338023558,434213.49918698566
683.0274097044603,-86715.62345272914,-213896.27998974244,-23902.07751916186
-17390.97367389442,-78402.88593251887,-165553.87978419865,26389.600729052094
132704.66250819585,53123.232317639864,-56953.77982083033,84962.51369844668
502013.0096421719,443590.2031860767,267983.4023963922,494219.11165264586
436394.9882614133,305940.19151459145,215591.22720354702,429785.63285053836
628213.7479826731,564861.2686914473,414957.7806808121,645265.925538365
336276.2076388465,290285.1470690608,98608.70077303064,342833.28477110504
109903.2065230183,97038.2471497088,-100080.90207308519,61473.952514033066
563105.3339061108,511133.86861300236,299180.1494200808,595149.4077104346
454793.1705193013,458616.45981463895,253125.6743654193,437731.77674820065
215222.57565281994,88064.06999394041,-87239.58908289229,148876.55964961485
-145460.4402558466,-186038.2393550803,-210975.38644851692,-119389.77768723457
412579.55730717245,342021.50015371654,173608.18064935668,364333.70409543836
79349.55076171795,19701.229601965984,-103397.49286134134,78705.6827153007
