{
  "random_forest": {
    "validation": {
      "accuracy": 0.9089333333333334,
      "precision": 0.8546845124282982,
      "recall": 0.8251038301799724,
      "f1": 0.8396337168349378,
      "roc_auc": 0.926116229057117
    },
    "test": {
      "accuracy": 0.9046793760831889,
      "precision": 0.855952964233219,
      "recall": 0.8058118081180812,
      "f1": 0.8301259206462342,
      "roc_auc": 0.9213186813566991
    }
  },
  "xgboost": {
    "validation": {
      "accuracy": 0.9173333333333333,
      "precision": 0.8699186991869918,
      "recall": 0.8394093216428242,
      "f1": 0.8543917332080789,
      "roc_auc": 0.9294023567981997
    },
    "test": {
      "accuracy": 0.910811891747767,
      "precision": 0.8601633829889476,
      "recall": 0.8256457564575646,
      "f1": 0.8425511885149447,
      "roc_auc": 0.9270707417368567
    }
  }
}